374540
796543
950715
183434
731994
779691
598659
596850
156018
445833
155994
99975
58083
459249
866177
333708
601115
142866
708073
650889
20584
56411
969910
721999
832443
938553
212339
778
181825
992212
183404
617482
304242
611653
524756
7066
431945
23062
291229
524775
611853
399861
139494
46665
292144
973756
366362
232771
456070
90606
785176
618386
199673
382462
514234
983231
592415
466763
46450
859941
607545
680308
170524
450499
65051
13264
948886
942202
965633
563288
808398
385416
304614
15966
97672
230894
684233
241025
440152
683264
122038
609997
495177
833195
34388
173364
909321
391061
258780
182236
662522
755362
311711
425156
520068
207941
546710
567700
184854
31313
969585
842285
775133
449754
939499
395150
894828
926659
597900
727272
921875
326541
88492
570444
195983
520834
45227
961172
325330
844534
388677
747320
271349
539692
828738
586751
356753
965256
280934
607034
542696
275999
140924
296273
802197
165267
74550
15636
986887
423401
772245
394881
198715
293488
5522
14079
815462
198842
706858
711342
729007
790176
771271
605960
74044
926301
358466
651077
115869
914960
863104
850039
623298
449451
330898
95410
63558
370818
310982
668841
325183
665923
729606
591298
637558
274722
887213
561243
472215
382927
119594
971713
713245
848914
760785
721730
561277
235985
770967
256068
493796
40433
522733
710663
427541
110890
25419
439336
107891
201719
31429
895764
636411
475370
314356
563276
508571
695516
907567
139331
249292
604417
410383
539841
755551
203061
228798
942854
76979
598866
289751
694785
161221
880468
929698
624354
808121
295633
633404
105494
871461
456535
803672
218440
186570
416510
892559
883281
539342
324345
807440
122088
896092
356298
318003
906829
110052
272132
227935
647690
427108
520
818015
352569
860731
304781
6952
164656
510747
534089
417411
484830
222108
692436
119865
269412
337615
244125
942910
168291
323203
218764
518791
558102
703019
403836
363629
64892
971783
253915
962448
246876
251782
696304
497248
712271
300878
148087
284840
997741
36886
266781
609564
976615
502679
411037
51478
33050
278646
345071
908266
634351
239562
680706
144895
530935
489453
447783
985651
552893
242055
592697
672136
80853
761620
369654
237637
242160
728217
803140
367783
470301
632306
983424
633530
398824
535775
816432
90289
798345
835303
150717
320780
508199
186518
695813
40775
858359
590893
325959
677565
220241
16587
711150
512093
809501
226496
348666
645173
96176
174366
940524
690938
397572
386735
517751
936730
837710
137521
675690
341066
735216
113473
209071
924694
541448
877340
695785
257941
228550
659984
174955
817223
982169
555201
516636
529651
260829
241852
996254
93102
965420
897216
558294
900418
882637
633102
188707
339030
278871
349209
700358
725956
846661
897111
856325
887087
404508
779876
887770
642032
850929
84140
935635
161628
785341
898555
668988
606429
580687
9197
372283
101471
940134
663502
973664
5061
283921
160808
305364
548734
485614
691895
448424
651961
994458
224269
175925
712179
18075
237249
493894
325400
178822
746492
366469
649633
744171
849224
720940
657613
308061
568309
542540
93674
508814
367716
636333
265202
250462
243989
589871
973011
978893
393098
486742
892047
906099
631139
434394
794812
350078
502637
645104
576904
668924
492518
864168
195243
230185
722452
499193
280772
572004
24315
768554
645472
43603
177110
994551
940459
469944
953929
279560
914865
883494
370159
747719
15456
953072
928319
330750
428184
552765
966655
572293
963620
980332
853010
75346
294449
305697
385098
190911
851137
268475
316922
485280
169492
372687
556801
394691
936155
844213
696030
930017
570061
70416
97176
208918
615007
671144
990054
358647
140084
254163
518330
295290
877373
322551
740769
848670
697016
136621
702484
708911
359491
552820
293592
296510
809361
419781
810114
256207
867073
611514
913241
81594
511342
5184
501516
627895
798295
194274
649964
70940
701967
396784
795793
50768
890006
886618
337995
27616
375583
578865
93982
438474
578280
672026
35942
328152
465598
155041
542645
981841
286541
838934
590833
860405
30500
250251
37348
38834
822601
303265
360191
537082
127060
326651
522243
827869
769994
271543
215821
965252
622891
457265
85347
842023
51681
194380
531355
411354
540635
699512
637430
138353
726092
132745
975853
969537
516300
714595
322956
41067
795186
398821
270832
433521
438971
744043
78456
250860
25350
184333
962649
80873
835980
428314
695974
688500
408953
58193
173294
915214
156437
442352
250243
239787
549227
93873
714596
182866
660198
934614
279934
638271
954866
516696
737897
657111
554354
435673
611721
730040
419600
47716
247731
566037
355973
158646
757846
120164
14393
341880
116072
91799
46002
94157
40728
311413
855461
979511
703658
175330
474174
17161
97834
763365
491616
806913
473472
346304
173202
464674
433852
649774
398505
48058
615850
949146
635094
886681
45304
260893
374612
15304
625860
933437
503136
501040
856490
539377
658694
683964
162934
615851
70568
943892
642419
944252
26511
867199
585776
636404
940231
800950
575474
677169
388170
573367
643288
128500
458253
811204
545617
820640
941465
625940
386103
820427
961191
651485
905351
206684
195791
273961
69361
214589
100778
377259
18221
38963
94443
618254
683007
336554
71188
655723
318975
385397
844876
681614
23271
340624
814469
260694
281855
496037
118164
692891
696737
348336
628943
936649
877472
39186
735071
417946
803481
967581
282034
547972
177439
423471
750615
568520
806835
575925
990506
731648
412618
127689
372018
250016
776413
580544
340803
867117
930758
561867
858413
238597
428994
679845
750871
739909
754543
238236
103123
377729
902553
534328
505252
496561
826458
389618
320049
297635
895524
99984
389202
53485
10837
958542
905382
847143
91286
354905
319313
956801
950062
676770
950608
482521
573438
493026
631837
83284
448445
91704
293211
602441
328664
553703
672519
212728
752375
946195
791579
781296
789618
113464
91206
930930
494420
974249
57558
995932
549529
55871
441530
737036
887705
545916
350915
705832
117067
968652
142991
688030
761511
836964
618218
866869
101122
838481
84106
426091
700969
222576
72763
396651
821860
891897
706242
146604
81348
513326
84837
233228
986640
581305
374271
863139
370642
880360
812800
236685
947249
907694
986002
591889
753378
350218
376259
708181
83500
481667
777147
377987
558404
705085
424222
248724
906355
330252
111197
434452
492625
253682
11353
405202
468661
571473
56303
740974
118818
767195
117526
822791
649210
744212
746045
681040
583369
237506
962173
400223
374870
477715
285712
82891
868599
528370
223596
436336
963223
802110
12154
977901
969879
556005
43159
322686
891144
43400
527701
924644
992965
919116
73796
252990
553854
695411
969303
75434
523098
166215
629399
216809
695749
294494
454541
995832
627558
696925
584314
384202
901158
737101
45446
915255
280963
958703
950412
57863
890264
394522
455657
106756
620133
335660
277381
169680
188121
646849
463698
388268
353352
229394
583656
265938
77734
360345
974395
259950
986211
453241
698162
32315
536096
279763
309527
411207
813795
602782
684731
270957
162617
133185
910928
76200
822538
940532
949800
416639
725720
581163
613415
919177
418243
82748
932729
876662
866064
551588
45218
164834
26367
411255
376463
777603
810554
480370
987277
985287
150417
376739
594131
749579
380891
392989
969915
829165
842119
569082
838329
63511
468693
36821
414819
133852
273407
13671
56375
75359
864723
691715
812901
534346
999718
749911
996637
913166
555432
585150
768988
726121
944766
757081
849648
377850
247348
241085
450544
205045
129159
251442
954051
274732
606175
207227
228643
878221
671701
756999
618128
46896
358163
268672
113557
22184
671573
498165
520308
476211
772319
831372
520164
307777
852182
816386
551907
967974
560938
88408
876654
791818
403483
589956
134015
480046
28782
420536
755138
784669
620310
639361
704080
805045
212964
903151
136371
617264
14544
980463
350587
608088
589918
636644
392244
554816
437475
91002
904159
726397
348255
547446
513990
450910
783653
910472
396543
297959
622087
523602
862364
697642
949521
796472
147073
459347
926588
842092
492116
768918
258244
66236
459136
45861
980033
620806
492618
347413
328751
209131
633401
579650
240145
341563
75863
537263
128879
460119
128045
584766
151902
400300
138827
697668
640875
180067
181880
696502
345667
411661
896789
874318
473962
515236
667558
973111
172320
601936
192289
223849
40868
821791
168935
345082
278590
347619
177010
31804
88702
548715
120635
534424
460779
355991
206333
894218
364270
128748
503417
330099
690395
321583
39312
92290
799411
481145
627901
687785
81759
511657
873579
156977
920873
377286
61078
2595
276877
868301
806202
84517
748260
597278
184521
986257
209349
536591
370472
924042
484523
236116
618255
759956
368914
531266
462535
720516
747471
62341
36683
147739
252437
133117
713350
687166
895207
844441
511677
749616
532114
30472
107172
867215
447412
354147
532617
397164
242470
104869
269243
737405
377284
182284
20071
563965
322079
840710
211448
89204
327497
535336
119762
233216
890528
342927
593593
473970
679102
355104
789172
648823
498442
479582
86920
584200
537107
736823
586841
557742
745440
586536
431659
564459
127580
378773
283776
337447
363082
899648
645917
607555
570778
244353
356097
498248
986516
330348
605775
933692
237227
7534
101782
225333
152859
365357
245957
487810
160681
850818
186567
87887
285095
805865
173373
55653
896766
842314
80233
51635
524511
18242
410397
696962
982379
997256
112039
896611
397855
575998
969471
917396
865507
5300
817072
975068
257903
490749
170887
722896
668643
820862
929376
718457
556763
535037
571613
476619
279979
838583
769493
205077
187043
967995
323679
710953
425436
199507
507610
736247
242409
529840
114836
707230
610620
767780
288630
87290
581238
506104
154362
932015
481140
320642
532589
593883
51823
369230
336604
454268
134414
548603
63375
548922
989961
201730
322354
684572
809875
87868
254640
138824
681503
2710
760228
116696
595639
473166
471576
606102
411841
794290
348868
106699
929530
850728
830620
745975
965027
408518
124297
932938
730868
990930
938341
205002
181233
379228
66496
926450
741121
721597
574473
48094
841829
781515
139772
827941
795268
750502
201627
799537
163656
825133
164265
186405
814575
235691
665197
633759
523065
907867
358830
316196
877201
588307
392445
682982
816600
451949
439135
713783
376944
899668
462680
624102
301378
539781
747610
438745
502720
577486
232212
355362
899575
391482
383891
531858
543553
66619
906473
229025
624238
542849
116898
431528
939833
332816
627708
730549
334905
693718
139272
166730
794025
878629
620073
495424
533461
741461
893893
573151
788597
997693
151675
752403
311722
706981
248489
778572
743947
143128
33532
204544
569890
714064
762459
493981
876766
754636
342082
102916
821258
536481
110631
378821
846453
457000
127488
603958
397287
502288
797296
539861
149917
486357
229251
408955
722253
771882
720037
12203
641148
598443
693949
565508
542724
716179
251799
599029
345696
826799
181597
959075
908451
342524
583392
227351
400851
423597
462006
287929
947284
614950
153351
911853
586230
139116
505889
100794
611454
256015
18110
726096
872124
592963
932119
102212
565133
918751
696651
790085
922500
23022
707239
651367
152539
771247
576288
374435
606715
68921
424131
77321
736444
104247
934367
840440
925569
910687
450839
122810
113238
235906
984842
165520
838898
186321
124662
837491
920842
332146
869897
311444
518838
227395
591276
607895
399003
379306
54761
744250
335197
205580
802854
787790
4632
603722
333499
114267
398169
414504
537396
863519
919856
922961
346346
465700
346953
480837
737501
918455
452218
587068
224605
32846
452439
912750
140857
248226
176387
577632
498368
165513
418925
33879
914846
311473
362394
780496
580588
277587
632264
220097
13094
212680
663538
515174
178036
975542
961071
458989
148662
557305
414624
860632
85349
535070
996875
184463
502195
299596
595385
309937
67076
397318
749961
426789
209905
799782
898055
349387
205139
468232
190687
624976
36549
377726
472067
836565
564841
587454
65708
294044
775528
714059
453289
527648
524390
534456
440763
481088
400763
497012
559640
765357
155240
102981
181928
334363
861786
75503
946116
753246
373309
272302
270744
897431
644000
526578
408734
800750
25386
978932
156152
839789
715972
866994
658924
407984
27096
551723
221972
253888
231075
196113
671893
505508
19710
595049
104108
339271
799916
569444
178544
887461
652746
556722
238183
720813
99441
805315
243172
988729
722267
603198
855697
806850
830220
962650
397183
944410
668085
141081
204984
406392
293148
323990
896336
86925
13001
633241
85508
735905
207886
848128
26532
122777
181435
876444
583042
642926
421424
703946
892672
910624
817444
624761
341817
335866
259423
825108
379692
363059
590295
34228
268063
830655
624149
345192
409412
773835
552047
362758
436126
861068
294466
219510
948454
974548
763606
779759
140113
114238
868468
565777
487431
985368
894553
471065
799856
182107
425213
484778
22469
512458
268677
741687
541634
698846
633478
402550
257887
218023
139356
645054
834931
421704
984403
132276
525690
900573
171679
691222
272307
683184
18390
822584
914299
529662
117751
815055
576517
498091
274055
67175
554178
405248
651421
497465
829742
720203
206421
106578
10995
140018
136885
263684
900019
266498
873890
732185
597413
250730
600517
633098
665037
494274
175371
573294
914412
838107
418770
404381
383138
770912
518918
422036
46966
353871
166283
958628
738034
184371
82798
90337
603152
770986
245349
68249
389296
837079
288694
437193
355673
915514
719046
721533
297122
610405
566405
949307
476050
396649
663671
954087
936830
135001
732572
483755
214940
269911
31183
539843
262264
162014
595078
841530
51425
846408
496366
955237
596843
154672
334244
623333
770912
474237
106598
344384
75137
351540
728189
412793
495491
704926
688403
598286
434827
459681
246402
75933
819103
77765
799416
2339
694697
967700
272145
5253
590231
103093
360974
314596
91582
807431
917314
962099
136818
790014
950238
690560
446006
521301
185133
86705
541901
958171
872946
758393
732225
638950
806561
759036
658784
724104
692277
637232
849196
980577
249668
903364
489425
646665
221209
693175
987669
51595
944060
669918
39426
44165
705575
588264
925249
999354
180575
555807
567945
473210
915489
312855
33946
120522
697420
731024
297349
192599
924397
115282
971059
421763
944267
795342
474214
745065
862043
54882
844550
455144
319100
522435
828916
644547
37007
650167
596270
364697
230009
560677
120567
481062
76953
884999
696289
530265
339875
441032
724767
404485
65356
572428
315290
803977
539491
538402
790723
661655
318752
737856
625892
520168
885978
426817
615863
876666
232959
417506
24400
461943
870099
990342
21269
237
874702
185473
528937
383964
939068
932590
798784
70029
997935
9485
350712
52683
767189
88543
401931
37596
479876
479781
627506
580757
873677
271687
984084
398287
768274
91699
417767
336370
421357
522519
737583
732272
238777
3346
110474
467311
354622
297003
287239
852822
296308
715554
233607
589109
42093
277265
17873
910340
987723
45100
427773
109467
384327
391630
679647
124437
218254
956416
949962
797990
786345
258982
89411
588554
417581
982331
879119
884199
944732
600799
467401
903724
613411
989185
167034
743353
991169
64986
231671
401580
942732
837826
649647
230569
607737
830643
512689
120338
230670
46945
176528
384090
220486
36731
186438
957271
779585
826206
350125
800770
57842
629778
969103
216324
883786
518260
927753
597274
994908
525032
173895
260233
396242
515248
758239
491186
696021
996336
153896
897437
815833
463381
224440
622938
223817
747872
536974
34865
592940
894922
580086
860127
91486
457432
877461
391170
265600
272959
129515
476677
888748
44376
955652
852194
862128
35422
809516
329051
655242
931590
550857
735213
86986
281391
408453
252649
372688
5082
259754
695714
723420
48783
495876
532603
81046
962122
220183
109468
683259
894480
76130
991476
851207
61517
495147
882907
480587
516079
592408
906514
824681
571319
347809
662112
678016
543779
565732
864493
267028
733910
878630
521260
797426
868161
658452
245285
850582
157340
867295
160400
708363
334009
837014
238690
697472
930091
680141
105834
618611
698991
752717
189221
158605
881638
880871
961316
871844
465470
29247
879072
825817
5145
128869
819947
335119
228625
743508
908702
160760
1120
817967
556182
832135
756636
507468
258688
6385
193133
287038
84098
616927
326433
981187
559844
631814
115843
259803
376695
634006
9072
539985
818680
779846
128448
106980
283343
761028
18427
541267
432241
962992
840122
341872
392151
632622
179497
932029
753699
102509
788807
937229
173753
687886
770854
67837
947298
300963
166377
708172
770985
67350
708572
582171
473574
345883
57920
620916
74694
45742
852415
871537
990149
973489
676052
968878
445958
749652
647574
130086
594396
758263
383612
24586
65626
22123
821513
323610
371833
488643
818786
770408
252508
683296
1029
445903
158938
273626
468539
997125
944304
426181
102193
451387
854210
163623
527024
794810
825921
693682
298374
220769
839948
82381
772823
680499
230053
654511
131335
273259
868055
950864
963237
151058
31302
432335
731270
943616
909525
419727
857360
638526
964521
397594
760094
274215
442299
983978
311952
409334
320743
894100
724423
229954
745837
213104
200359
31134
868123
651667
714924
368526
562750
864359
471532
473210
543233
968194
159245
185525
203701
868624
91164
776597
153658
770922
453694
844784
530354
761024
17861
626220
796798
131245
294168
32526
911836
920848
967512
616650
185459
796538
462097
481522
1231
117308
598327
125185
607307
685565
247540
430306
558413
200524
225540
491595
160825
64209
651520
581971
325925
268993
590264
797559
433247
310362
984352
455220
149580
11620
464599
72446
680457
392493
395545
479939
974700
600021
721888
291662
656984
694982
757060
860123
952649
779851
907819
39618
724286
480507
749162
104930
145922
242045
102792
986663
570905
142495
18367
498888
482356
618156
210349
702465
346016
559649
775805
9770
941238
326461
72416
517712
534242
87866
882534
350627
82508
33203
824514
78578
357801
396923
322095
132715
977467
567541
200859
689465
693194
800587
821441
200150
41183
167482
670386
104567
951550
636430
124220
706476
896222
31586
594777
936213
616605
51971
612944
541296
298836
709061
935202
870969
947351
714087
625305
801728
783423
339450
612258
814825
484398
80114
660820
894817
553002
547592
597476
817298
783833
452318
480904
643578
40754
526403
163999
731590
438607
81630
724827
60352
593279
247103
650294
159544
479279
871784
615742
219214
329017
975866
470183
336896
744279
182118
871833
789699
433655
658708
43661
498196
161672
555364
20861
719202
653263
228454
332314
996334
542479
974794
493277
650326
81526
199542
403261
680228
220561
72198
418400
30652
203578
257683
840453
462623
174193
868273
960781
727169
415907
742707
846246
425493
628765
345935
735351
371039
767724
987650
504845
40109
543301
867032
513996
578675
588058
438615
29394
725258
395515
486669
606189
873424
597724
900702
792956
421721
655009
276828
992134
592350
283854
912364
359151
210662
383847
622967
465813
631560
835998
733113
235792
131567
776000
715825
405310
909033
601855
179683
632541
237543
372849
971396
512615
180977
413031
854385
69132
492278
437165
247231
97393
870750
405021
445305
592918
514817
579415
359233
662621
592951
95261
163524
652123
391081
312148
969413
399046
258133
857987
656737
9030
325190
588413
773473
598714
130873
396660
969822
237028
453789
234674
236050
883710
73496
442024
169758
330889
519774
448778
337003
669391
828884
145756
430887
449434
248714
587884
617145
948584
706777
252528
167042
359251
167619
379358
36671
605538
736402
356732
663805
533512
474631
781791
844171
705386
805670
446369
585354
864217
868272
558140
205841
539906
111919
34187
269749
986693
57086
122970
531170
231131
936606
51696
39343
640003
122110
224701
452199
180010
933875
88555
316156
103309
507235
584671
41572
688208
148343
397379
986631
479897
965119
685968
4939
17379
951812
323130
639120
973098
867919
580112
454740
254224
515596
521730
488847
342653
666864
532245
139651
125741
29973
132714
307930
143542
704681
939820
201853
732899
673433
162382
969913
188349
93900
730830
672602
156164
443750
234561
868143
963347
177149
255306
692626
661633
838116
978632
944615
374297
683248
17516
497175
244147
617847
830878
868905
864609
570610
768520
30387
113109
930949
795511
689527
918678
676514
600610
215675
940876
658886
826839
393864
666972
651233
577185
106593
348574
657845
159287
999414
604954
48212
318111
977175
866439
406908
993337
870754
752428
782386
90481
567016
288685
738449
109109
878516
650512
404140
765191
327033
925675
667594
438172
807846
901376
762285
877892
797814
317196
435583
868901
817835
375672
120209
296869
544489
649075
5758
328381
324586
630209
366461
609832
396173
563439
695467
380420
388558
548500
448694
596486
237544
545687
373252
444419
227269
14667
73195
587062
603449
168444
668213
642576
619490
759345
463494
500445
379786
542364
863334
951479
519082
847168
479182
914237
25642
813767
341248
108918
380196
148992
398823
526624
580172
246069
533603
476695
607905
394365
764884
549414
812986
746876
718123
715491
955524
521234
18232
822394
195778
430862
7562
896715
647475
71280
898031
954660
243482
654693
927035
380074
60267
197154
934436
479183
351623
194558
101420
166331
485872
617352
256776
523085
284873
670096
307290
929606
803026
532260
539161
580932
311308
89626
610334
717636
716151
399905
272624
976726
413549
823174
121886
522481
181149
123222
681118
859416
181438
799781
525163
184585
709046
295278
106877
793408
567312
185228
256563
917753
962927
424527
483546
87039
805993
815749
550227
373510
43412
526499
633152
112304
951404
2584
601612
637985
819189
515175
884207
593539
228079
793744
212045
646606
610981
174773
411028
360772
839862
905892
900024
769945
353421
556637
236870
255645
780526
302060
274806
731958
822615
851175
423738
671425
667550
809530
95535
766656
623859
149704
451768
423945
586609
152983
168014
235235
736874
869260
862797
472892
216740
535358
95714
178446
23638
312272
641972
230246
607094
206186
546697
637961
231947
256884
390906
632016
594476
58454
496767
141774
987786
274540
136439
597047
695145
675841
404319
442717
428200
445791
717598
724517
692436
15821
991256
341090
128394
818707
104109
603220
724339
337227
578387
905525
274160
772623
79419
264895
85658
645290
894191
595751
191867
401188
323371
366956
226656
343560
354996
617156
69423
442410
519060
831863
67612
669603
800357
69931
233712
640168
540012
271147
880079
592812
650878
680132
532958
230829
324334
456859
333002
190325
669487
52338
994140
378476
661839
362944
557783
995481
730651
446352
465206
333569
60142
580475
562297
88767
957626
961666
175303
634960
690005
754838
200933
170478
535828
409478
96676
422689
450371
821807
756164
1236
347571
300853
664912
981237
795450
474887
927178
382526
234642
119829
399316
974165
152416
20026
992484
737180
927001
768600
539957
243656
842034
671559
520958
92929
623586
257047
89124
787902
755271
864687
127713
608487
826068
506838
782028
159304
708745
63109
36160
117649
303128
227357
263112
341674
360136
380909
87642
346322
936958
239055
553802
509724
305524
825286
396981
279703
447202
942387
600594
873337
515679
161764
919392
786276
496963
574587
992159
566575
851425
391043
208510
501153
930596
397179
116366
539733
817450
627950
380623
674304
877975
532481
868057
721422
805926
141278
790031
211982
304679
818735
80919
322528
402980
22893
173524
153791
694951
223614
346100
957323
975611
573042
640972
932731
822481
575163
132524
479354
862015
313727
922758
606371
487062
139198
606253
898262
764810
829333
174838
317531
502566
952798
398663
825201
146374
666307
367534
121762
68172
478234
25811
506108
135166
232551
963116
79965
549530
776724
965823
122035
432498
594291
311816
936450
506142
876106
439512
277752
105664
851449
640826
332
216038
17687
619588
602553
650201
364798
152025
386461
61349
564441
780762
191782
459800
211755
58163
484602
994867
754254
57780
619498
695035
297355
983679
430337
239180
170664
142249
74629
121385
782696
303275
265387
101045
177766
692162
691618
62291
618052
509422
633190
996697
228894
813971
232645
615220
220802
306253
173752
623896
655724
527041
848016
426083
724318
130710
792094
886605
404798
449785
654076
194622
354236
367759
525505
414130
481635
827538
176887
733615
387079
769305
963823
11031
248580
416154
133803
481344
418581
19192
790338
259813
582148
760290
680975
137109
189695
535310
618948
215202
323500
12120
834304
241201
629299
975874
198856
801537
64616
959577
42633
487854
371408
109736
265851
547960
646090
454377
499334
844357
266019
98082
149237
488241
127199
150048
864661
324676
243478
737357
651711
476018
810686
375888
614081
394476
859566
459447
392394
785017
956223
892085
133145
955335
102149
786904
658692
315407
942832
688135
808884
437603
76416
254670
279367
840872
930319
38426
253058
901762
781171
461477
825133
637202
495452
659354
386349
895118
450124
636670
226964
613934
889391
66652
450620
518408
882460
150169
105693
737434
988276
512222
443273
680228
47830
41672
38021
84792
746208
716324
659036
72084
802131
71256
105367
12108
35570
956502
508579
737509
387595
353251
461947
296535
991589
349703
970750
774654
942316
661371
783843
185195
354841
174109
412131
98395
549616
660303
830535
764373
68712
265046
424297
20944
82617
82171
514658
967861
898901
295445
782485
769223
227842
624664
975991
381940
667351
205687
10427
121386
255413
615013
260713
774634
69254
643904
959827
530302
478255
41951
895815
968489
322215
798714
125233
292822
474336
979971
113956
601882
486015
582423
920298
748073
520768
811770
616500
656479
156638
128095
43735
338267
110808
928084
598532
224615
95011
372167
375993
432077
550092
439405
388653
612940
163683
943076
273791
240692
928318
121501
675982
197470
496048
886925
12714
645811
992416
285907
671455
815947
316922
861370
879269
846515
258431
918927
544017
252241
636071
755042
221063
460539
978398
841999
748192
728491
557813
776448
180594
656162
53858
177428
320060
545027
753188
984670
269331
937389
539556
43173
727947
164814
107943
131728
685298
725980
91870
817786
965130
213511
488394
505853
150676
840703
342383
732802
413416
542237
758185
590348
743424
508361
611941
297548
105930
565022
151569
688885
93757
873323
577173
636291
877139
761122
433800
160071
160848
461557
558042
9331
811753
246679
741712
726462
881451
991810
277902
99178
193954
401494
879817
800071
657560
204035
310929
555085
742348
733072
815119
615986
614978
188024
687884
355384
375260
783792
538696
554227
524159
5229
848048
760991
839964
35311
832681
745734
11031
202480
749546
958074
758677
367941
678379
326931
756265
148888
841971
305604
470319
876651
502050
996335
124714
368309
385376
448611
643365
722071
780400
886196
217209
593044
137823
391526
663042
412622
1879
695618
178372
3218
29071
619589
166885
355493
181319
794198
387673
92990
402327
588202
874263
480973
510110
642326
723405
64853
104137
579984
225438
561485
702944
560660
52804
603488
486598
676468
599369
804989
602146
269820
22932
825050
322108
498256
636491
77058
148999
58550
695416
334238
745925
784897
981970
707681
209842
788615
825131
517269
520297
440199
373462
147452
122376
328193
735506
434019
235857
88600
371422
220612
62542
598225
801367
735663
766589
998348
733616
933114
299443
642565
173480
421248
637553
636177
496166
785652
178252
118336
685911
409905
991127
839803
747220
383833
739987
571872
950313
587769
202936
184476
565550
362235
979647
334511
165294
26196
700252
24191
585810
831697
586479
273071
697671
518079
929617
298725
782582
940680
56136
259297
852728
429657
225541
872731
376914
841934
461733
186101
480906
802644
435180
458187
937354
482969
706019
133480
631171
80601
49842
727940
903914
496461
909391
436851
780213
729508
7029
765513
57280
158908
225223
610225
131349
135354
398836
751375
922623
656955
472060
956615
13402
68958
282745
57054
44594
282187
36287
261705
275720
246979
275612
906255
787127
249546
974835
271949
371207
759399
428887
449740
844790
776711
268139
65366
156381
487571
853090
33613
46500
62653
619700
906438
561993
139245
345920
532421
315189
411096
771858
347343
86424
899834
236784
21823
732449
663790
548321
963395
127988
560168
882136
936823
393448
52257
827869
418793
787713
260158
624426
730821
494481
981298
979551
256530
144965
654175
725156
198097
191190
565330
338263
463932
308699
972006
947036
608527
967357
349506
183015
114095
22035
151246
720008
225317
417990
250966
88840
850616
683754
561223
545106
523391
980517
114768
227409
860140
403978
722815
542546
67668
791700
707835
548839
543538
612900
81725
226147
458301
846919
484696
428630
165774
140959
945699
664188
849976
216090
669023
97562
462296
861987
411765
460162
650974
749284
545432
290587
62273
786970
512503
111936
806404
355973
459240
978062
51956
793990
786278
497256
201363
339777
258621
872136
164706
544848
330215
758425
756752
754108
519386
17945
204881
126253
877830
659630
879582
161619
870579
255493
238796
946638
451239
560182
984990
750730
772013
557981
27167
552514
65204
94152
463931
343663
909221
282431
538702
390728
497813
798344
105473
371933
656780
451697
822103
397381
380420
93408
775612
441072
964477
195609
203766
186723
523330
94036
287138
356671
792855
757482
577593
276441
634583
312349
797914
642675
395970
195841
915090
896958
533029
520191
157954
447603
695899
557820
793262
166034
316761
613473
857180
363101
906144
897187
276904
168854
983522
507051
140711
598113
202015
33383
184225
363693
893990
732635
654293
820378
152104
313162
440323
798594
615298
967756
83464
856874
882417
117644
803604
739731
505207
319667
967127
988416
417761
485359
984111
122434
667920
725186
634671
323011
165955
997079
881928
979783
427490
656134
162233
129826
12607
686861
559756
93030
527400
29364
719354
822959
890258
209753
79406
379027
731497
973458
187412
336840
858177
296490
819064
918208
540794
110748
710243
759583
314350
988066
471168
901296
821637
651668
459265
314061
357798
254322
494212
819255
828250
879822
335208
525435
173761
244340
712014
112943
825979
87179
100637
719078
239874
420119
141972
905360
347941
739672
450351
191260
748827
613778
651148
435505
620929
577250
352375
738069
841448
806196
471287
843738
979105
253975
634142
31115
126264
739295
676178
106343
325104
314919
686327
3817
69641
681670
174881
167132
855738
655283
227179
991743
837041
72670
279276
77078
642882
340380
694151
866387
512655
215530
305310
360378
212644
68505
33189
763156
303946
408306
653163
759249
938305
903608
871205
232763
766065
807396
788448
59093
664985
898848
260287
650769
907195
874227
670732
188
560441
169081
110989
389759
447055
379503
460358
226730
864564
381612
546648
128848
380400
412761
976801
802355
110720
479070
422548
18000
42024
421444
739904
27175
918077
966244
280037
127454
858342
707689
292218
972777
910771
826039
753962
699316
804907
839461
18006
981799
962811
621345
726671
559185
304751
628238
829395
532676
281521
635089
872754
449842
112580
218443
703686
120247
540699
68341
96534
263316
241894
46123
12404
567171
468768
283828
301265
824535
598358
74240
297238
226351
299919
730246
743193
598808
48142
64491
902895
877240
852264
877262
667805
330408
593222
340406
892303
989029
185330
626176
78969
531317
239510
838153
794579
285290
34670
429183
582807
267776
995438
789161
855696
573349
521446
658825
63640
252307
831374
220225
598979
488375
114933
737566
93857
525240
909627
32645
669200
868552
829287
64686
878979
955825
571772
25141
517446
694451
430427
82207
316946
910677
434596
464433
773880
137523
601924
340816
892524
164824
443380
170582
607090
948109
631308
445246
591697
788803
702634
639606
237433
676427
512364
131693
104224
234184
384511
786751
487667
970767
652224
262675
950532
271569
600651
472897
743594
983841
506266
268959
634104
406972
70932
891480
254391
2921
361853
39766
472493
604072
45648
907381
140024
238856
276814
469642
971533
450465
331347
472971
482041
622520
196097
469744
610780
447468
280683
474288
206992
590868
516573
537008
5505
854136
7664
49496
219069
833317
36721
843925
108025
284908
338860
462852
802586
438538
572049
218510
512668
396797
293489
44387
931754
277822
397015
816682
87092
284562
617067
818207
113838
531599
345223
879863
507412
574780
874223
29668
493547
675420
702259
44853
992817
450597
131489
929427
274731
165204
394576
389872
421828
729861
411021
882259
907611
670943
714033
258173
607905
674608
309373
296727
823791
718429
955061
954034
821199
721394
1565
862881
636402
2103
51135
717572
257607
829588
59524
40558
603796
871598
686590
256694
114487
665292
383839
800355
456236
662665
369053
92284
121025
596322
418948
549584
751178
900322
71007
404240
80180
321081
354771
749851
941726
412675
668573
646096
678670
646450
361920
888039
593661
598693
10131
502154
636096
138871
913287
115737
612574
154321
873699
171848
723973
637877
120558
740981
902454
529992
66443
829018
533968
991264
142137
820013
11706
694883
422034
532493
295040
448853
486000
84392
577200
399369
43739
910135
123003
808023
558642
216051
343167
466608
729174
816724
652292
67384
845605
387392
692493
851842
429931
403898
672967
77614
275381
542534
306313
861743
788985
590286
446419
226279
798381
384240
822423
450123
857563
579266
916636
759351
430985
98873
318867
889652
582199
12309
371172
370052
601074
27420
705586
392974
688405
525813
374553
511681
166860
165628
430529
645741
142594
44778
890097
761907
345877
946645
154459
339769
25447
517239
645823
378910
636902
6710
340604
385874
71711
791721
409629
595989
311217
101260
677121
847140
605779
531085
364594
841724
217892
580222
988036
559689
454002
105259
688274
167359
140553
972026
485590
228486
27536
977453
505455
531913
964018
135789
384207
99302
38996
208864
30955
925638
387987
414150
160025
395434
23352
313206
756214
147062
458523
487851
289245
130047
900084
835481
116139
370397
955919
374803
313967
474006
888404
444128
602943
994858
826708
545381
984014
88201
288405
606877
961136
151584
389482
30937
385512
970743
340387
773539
541408
980109
154145
477878
553712
532258
541705
168337
761902
246907
833650
838550
440441
356186
302333
826815
259335
709014
194624
177171
57647
507446
342448
677388
270247
235037
966418
830689
557709
544828
347277
165242
580468
582985
139196
999714
444044
150521
626234
816757
488898
207309
401779
782389
993849
734578
880315
300489
623406
325823
569377
792522
620661
461445
201312
730818
395138
147984
39459
852558
475546
710885
543025
906943
227749
132372
964029
593015
909455
599121
722143
353461
533387
458466
869970
37981
130652
745860
790510
549323
124820
57741
794211
680756
275767
466782
877091
34461
944043
969608
148796
949113
462676
512902
980988
93672
483407
754621
863548
491931
588732
302447
375330
491418
285783
522444
203223
562712
761798
441224
386540
605755
511275
918735
492325
362268
577279
725717
865578
894453
980740
455979
407584
443456
827519
602117
764528
591407
573529
806590
956048
476483
200474
996123
109264
59471
853962
3167
439150
640198
846969
298435
893091
240382
62457
311899
883465
256047
448319
30790
510432
971534
626593
220745
926383
734030
19116
762597
476843
929258
687722
30549
722707
872049
692533
527226
134435
632544
299395
644470
358715
819798
804438
333407
278760
733051
210705
528578
957448
793394
8863
990547
997821
200651
676821
994649
828470
89812
294619
2317
14315
44161
737870
341782
834145
632906
740476
69029
142850
5665
753428
937091
768923
821927
658541
809183
766116
884425
845922
700034
613604
104404
88604
399100
487628
723150
77649
280334
407543
687407
407106
24498
66009
306137
348820
549130
110998
632090
808236
577041
947688
697756
72316
6088
955116
100941
522577
868945
299565
681749
76862
112931
500624
842075
794516
242231
707087
478260
50226
145196
72901
710110
402873
666855
295290
211112
232384
863401
281004
401306
803483
292515
929228
152329
405103
266168
906111
22026
321496
583258
476437
842231
226029
548980
640476
219274
978982
33669
603493
214628
357814
416121
647818
759612
122920
187843
888659
719792
503084
866934
449350
453947
585865
821432
624784
554657
71775
637091
682617
526278
241931
463173
713953
234653
822535
303194
803959
289970
552501
563289
520170
119953
142876
916792
775346
720655
271409
401446
496695
158624
284274
881993
133828
823778
629558
721722
54332
271547
748645
402447
317587
102748
134
189039
511129
783017
46851
715039
276169
593486
706977
895727
62689
583267
839339
466968
3819
340371
246824
940449
740904
82715
316270
930888
101892
826715
360234
129930
270393
564984
842712
866548
313348
571809
788933
907200
891873
942984
433817
422384
909944
377314
377318
936322
964079
675140
89289
116022
687019
42291
493814
564629
387649
930171
632712
844249
703857
675848
4363
139115
166953
254231
713046
875512
666386
182807
966048
278439
761038
129600
950773
676108
702541
943983
298052
268968
105365
475407
781824
634340
644149
999467
48186
104808
360050
498571
956800
385120
500401
865821
432729
475968
457700
110977
208882
634424
368707
770781
369813
2881
52355
858957
767568
186023
416504
552069
822180
415797
850348
719654
211994
371161
657354
869764
472282
730497
880157
647713
215740
796241
677813
754023
607752
35938
295301
394734
136601
930808
651640
125724
738598
737097
315627
974592
644833
52198
395131
682194
713207
468154
199215
579175
890215
85341
287409
43006
367786
666867
58092
823310
111512
782016
515862
543806
267592
99866
835481
688045
14693
241889
379094
911069
337345
838266
19327
709383
124368
948846
413643
31421
492865
736201
404290
330243
530938
906066
595132
266675
9923
724857
464095
877647
963500
41656
519032
397647
677542
762309
311864
454919
773992
267252
772922
219805
521296
131518
976014
857130
125550
575355
16947
76385
770158
382580
807156
367734
120207
181739
265583
435508
17552
332099
293308
341804
773142
739027
517961
223263
348095
641860
371739
570650
1353
568093
299800
663008
646459
548382
974195
879255
847061
675580
23594
546963
898561
829763
783199
606147
780376
291144
457996
207095
398005
152327
302916
899456
65694
710136
228235
937379
246603
603292
484077
473401
747445
59716
473810
671642
57844
582209
957790
990209
942725
239159
785190
530737
991328
650957
544482
644591
962769
561294
75605
776928
365681
204981
225381
725627
195833
619735
140803
896076
622414
847195
781322
315147
578298
276237
146962
981654
811124
527265
635955
906421
388166
163881
674130
642819
259905
809860
345192
947396
917486
337340
290504
724981
469988
538813
890142
60628
707722
690000
62203
690097
147303
930607
7841
497312
630922
230251
447673
44563
134274
415642
957935
301916
529660
761089
241893
354268
500604
949072
679621
962311
76239
620909
274704
928661
806966
760855
459665
546860
546577
180308
432816
458598
43899
560875
165749
863962
445542
481333
209185
897675
49979
674349
843650
136999
981193
994982
793143
527233
853785
391858
241977
659114
960627
108893
196925
636539
951430
498236
994820
406674
711723
953020
981144
522540
569540
219117
259542
458963
436996
919388
593561
176095
73081
213957
622343
13029
981178
14190
190107
829392
792595
732123
907899
355041
943702
698311
960136
395206
521460
952897
977308
967053
757310
392794
161671
854222
476900
773089
718331
310000
247340
232040
640615
458235
666601
781349
162699
960168
565085
763579
771627
855207
498896
603064
12103
835408
9038
784421
357029
376985
926194
551990
228677
804753
634364
46056
222076
808080
321670
177888
848042
514684
728862
808276
95399
253821
428702
245807
29169
402764
480890
894643
662434
442
118502
901383
288885
153807
397837
990087
919531
954847
993256
494675
44911
512720
761008
481549
371724
635444
392458
90721
754265
32617
918427
57702
950929
444365
577123
275548
357121
622040
787549
992443
251001
386323
564074
573841
358578
415604
656631
847272
240399
902237
191593
877356
918240
974373
101803
27519
505958
839817
220853
751772
38930
228694
36018
956321
175221
148178
866771
679550
282479
224890
950460
431381
581622
719160
436614
563325
580089
427502
516698
326338
758777
839660
282496
143814
353050
430103
894095
903758
946457
845850
892559
400942
419448
763109
780366
823161
476336
888888
497540
544506
204680
204461
591130
255309
186136
295694
331565
593803
855031
32809
207076
636043
71158
364354
69007
295242
940785
879497
506920
460002
409412
95053
810879
826747
835826
47641
332191
726749
693618
773906
771123
352602
654651
824788
151595
515659
875883
463294
539095
45403
282472
290029
425228
931010
37571
391824
127866
546701
765547
532022
11
590431
416566
61331
522510
362176
54634
723128
973079
200560
226125
203578
304199
10090
303942
437482
230416
882735
1473
51900
729345
191118
966846
310084
224293
731725
663047
640636
741897
415944
848426
759069
422629
609631
302931
896041
325295
818027
712622
252813
816780
271438
181614
125356
370941
336965
901941
999544
806694
405751
984859
220488
754249
762483
393195
542471
590638
149601
661014
380690
78455
414470
544497
753830
709321
20671
167321
269019
780632
517596
583773
268847
952222
628434
42422
481867
265326
361710
601554
949209
296560
632160
714424
129941
759006
560092
102516
780732
513854
708490
508891
172089
369281
972420
932925
448814
827507
159025
697210
180195
714327
98235
461716
803518
920995
122030
694596
125125
728981
850472
861691
344604
274071
30857
807071
51895
195240
142170
345342
213393
335610
665146
978526
157326
856538
118874
701170
764719
727057
671055
562073
435324
947091
549310
496259
311984
380518
482500
163035
506673
786206
387237
734444
906573
384355
16061
25193
782172
838998
124382
11417
797548
703700
615912
970258
843278
437661
97514
234973
558981
704871
501088
817128
706193
546430
534291
967036
540735
51668
429596
504796
308834
718454
482264
862641
118492
179255
961514
800004
714411
552707
952468
396554
226727
131715
879341
865296
808790
157273
677153
309788
625029
290045
316549
871414
816411
672703
501515
796682
70891
250468
312863
624874
935298
571746
850681
832831
981906
906087
627994
12156
247510
674020
162815
51835
186914
548859
19795
287633
390682
306776
191427
352958
411655
621293
934995
334050
430540
732699
877985
404527
605505
68353
247131
783760
355855
285758
83919
432767
333462
685444
677541
332456
72111
56585
205401
373921
381441
944449
982050
641735
784862
671479
733487
632282
116191
198992
780996
418334
785269
750940
601103
101372
990362
277853
325254
276319
941273
432019
914732
980369
11480
67502
450116
518701
977105
179364
103121
970677
547785
113303
978958
403601
555495
737885
189815
704555
582183
422729
204440
346524
519704
397612
74042
264276
605483
205333
516790
483040
740162
268534
630701
287461
549606
656756
689779
968538
143942
603637
595360
76979
172110
75583
925523
951424
68334
297291
430375
92067
695798
599045
458022
623649
92095
648505
553379
267402
641632
15110
703793
965016
373260
250893
563660
676026
450686
706630
672056
610008
583557
312907
525756
271096
249524
597668
2018
866096
174081
946734
117066
105905
449085
154828
612258
944737
213085
736535
939058
882994
6682
202632
772301
587586
625205
701140
373555
680112
50488
408152
627487
15394
385613
582926
936268
253101
541990
450254
939652
957581
220483
399035
725726
839802
617249
188540
739408
672461
214668
977007
664995
101893
498040
8319
742825
433583
327044
92625
890057
748385
84301
914549
807190
434021
861320
258711
817253
434403
512726
723448
438385
9054
996263
589454
229172
613292
546876
637688
670676
242022
700868
714053
204024
91391
653994
199270
818370
877470
50018
738723
911522
13745
29504
248376
355971
214406
15813
270806
77145
247560
911169
62526
354861
458940
424771
732734
215344
606732
597096
672872
594803
81149
372200
951491
333035
838492
884965
805091
383284
822984
493501
932711
283305
544254
786770
200282
397448
616784
513611
742882
253357
737918
987660
521449
291496
68458
770743
371113
427496
920767
206217
584449
799719
538332
333607
268853
865194
368449
915258
895346
859824
666463
35007
787387
787374
454345
411339
630247
873723
248383
637954
705461
833643
427601
499432
442545
535026
649322
144387
936281
783988
64006
419390
824744
500080
292383
785098
443919
598846
21913
201098
301046
590233
502631
407633
56176
469526
491096
28311
927111
210029
105393
281038
764441
712960
409671
11492
655174
408777
260236
924027
159492
111880
160462
516424
70492
786523
185646
942532
664220
746777
881691
720566
814126
826488
685134
446201
110431
805845
289187
7964
309807
924561
249957
443306
515006
553380
535554
254882
356886
742531
353789
76635
828556
872636
789293
828117
307796
216060
913789
809325
952815
786358
326742
632217
354425
373520
505634
271499
941121
231783
876320
318609
102568
903559
392731
77640
553371
828872
503132
348890
193863
521599
858817
794486
676941
884377
837909
344781
858765
461843
748356
414516
439211
13251
610547
295943
160365
459189
673646
411094
179253
721929
693950
384804
229598
489376
117551
429609
165284
740626
1992
862973
718740
531889
732401
789432
514933
296786
161362
541370
83554
345230
19128
414201
165748
732414
890856
881663
241537
121495
354271
634639
105345
582144
222361
118415
519225
211894
607753
311002
245352
166931
57732
243729
391033
267601
234203
335674
219554
749391
959863
571912
616301
986247
556879
414736
415775
753865
428944
871469
540905
678979
696430
411865
702146
753595
171694
203667
500113
327552
411958
546685
870527
575409
631419
22141
532504
945115
115394
696627
605638
495704
117204
933128
337206
439096
142842
980436
692074
512285
206252
114285
391859
764801
895675
678898
204316
772987
507805
951442
419272
776490
18124
611337
792758
857309
69045
673247
474255
408119
560678
885620
628427
221900
688632
714641
253272
881564
9978
731317
723444
697276
535657
752639
836118
465055
821389
874171
843327
203436
485095
127386
333628
285509
791558
531577
451294
510562
183442
820599
854974
404569
882560
484344
466310
13367
75699
409739
387826
647774
803538
15508
901774
280882
203472
207956
66973
41985
877351
479260
389405
181723
541761
743082
968066
847928
66564
545585
648318
981708
74105
450479
375469
513368
803815
989218
433472
231548
997183
942546
559059
42837
321162
446387
220111
70003
350520
729235
372533
608409
68713
706634
369574
374480
464238
369482
722738
45319
656730
349945
708766
929289
8363
379226
217667
831368
661684
842326
483989
373241
5313
631989
804495
95371
772810
103678
548419
48657
66463
581015
766515
426071
583714
548032
781960
521073
751747
350203
803002
677474
518008
758502
140324
14628
671158
207242
620474
713236
742253
386620
169881
662484
194975
346963
890410
390755
749978
158679
908229
258231
758716
605412
597155
433163
654133
774303
889128
852585
578807
541646
632391
758268
156476
306904
473921
414971
716397
712778
270942
386212
202254
588505
313827
185372
241500
599771
214912
861514
424851
868640
907839
724345
507060
745754
187920
557928
76971
584668
696156
133650
382799
443859
821831
450776
659511
958498
796242
431087
271946
549343
692359
533251
264062
636762
939069
748233
636374
225042
324512
528724
269512
825918
190926
463115
694641
278457
218715
654709
595303
823768
264635
63140
661969
776791
814940
821648
778026
461523
760852
983306
187722
786709
88385
773663
698949
747839
368347
150608
432346
217231
31149
463990
259576
264004
33676
415241
879186
888465
243396
824327
557337
630040
38979
858121
666848
783773
323027
428985
897920
201065
888119
514201
325290
736229
900961
436420
996158
666772
825416
94327
844872
748005
249008
812714
576702
706838
67255
967264
94918
826652
998893
903094
326639
933572
748184
801348
806665
674259
858024
5718
997629
465826
241496
571162
40350
304030
411191
318104
130080
961160
22425
891711
360427
849179
783739
406012
566181
13698
312778
80222
654342
312196
232018
15742
14381
17149
764354
916604
623743
706159
762303
308956
38938
132644
837120
511636
619526
5346
563395
938414
624614
414815
864434
402335
586937
390593
580950
69328
990680
638322
756730
733004
442294
676126
707397
138435
389230
578840
228875
569485
596852
868411
928183
379128
929140
371486
341905
618527
527677
633073
211636
469285
995632
443059
981118
494148
649509
861046
804414
461167
715100
939932
593158
504004
53348
949201
454764
832832
674786
362431
677532
863642
373122
110063
941692
925048
167357
631644
500359
54390
690884
644257
697136
974248
648639
69800
275288
554688
156206
747795
635940
810259
599302
413827
179356
204166
705139
42342
455172
579726
667761
452911
837367
948745
169728
60604
19144
685396
779103
24966
609698
171434
699640
453579
838155
454872
802811
685701
960921
910213
535935
639032
488496
953536
401887
881616
153691
584500
572607
833792
277012
642578
921308
78557
583191
740565
592840
94908
354925
594083
51989
702640
31743
66527
423335
230794
84565
915673
606847
616315
880973
246286
882915
690680
659046
596777
211232
501576
862997
976187
886094
683454
196653
375441
737426
800074
286519
884584
802641
125220
997238
200553
30026
216227
897366
691212
622631
603040
973383
618992
465009
940774
847388
775912
62394
127937
335279
347507
67016
435394
975344
395961
816974
669309
852548
891893
937966
306051
85103
551877
385597
789410
71034
416218
210793
168118
229366
474951
469107
55222
268562
942384
100978
74821
167491
438457
147275
529881
973077
985304
759293
166021
967762
114431
439740
8706
278368
155571
798293
207273
326254
630581
299383
219707
232506
20520
129679
826619
256463
365596
355320
353697
673994
302479
62564
975374
210507
170115
809024
898238
146922
776804
342645
76480
864659
986730
154925
271366
82736
98583
484538
829315
302419
706676
563408
617219
803805
155981
137148
478496
580699
780556
505509
303624
144078
311690
623999
3140
273640
174243
487834
875406
82272
441746
459584
984235
306463
395708
822382
715187
56978
281919
418607
363810
458431
190726
725006
347062
574288
547238
667213
991773
777050
664202
862203
199246
313875
44961
538023
126356
840108
562555
989452
765161
889520
940420
371467
15823
195166
522760
489393
470867
741642
656055
492569
559579
483181
687039
838231
658083
361404
117011
859795
799718
406805
123232
328233
698531
453990
416145
762447
513851
126002
903298
196419
889884
951445
817857
175491
510148
567727
736240
579315
512897
489624
869606
644745
402776
229826
970236
552662
932323
372173
741603
661667
279416
141223
131653
570877
854704
185270
165302
278643
854261
218710
490765
182837
406557
825711
903191
285707
603851
927124
576614
969927
558766
571261
371169
143001
785643
374548
252798
797733
938895
367391
893986
87017
337480
556785
729464
845121
573223
795927
337649
175123
988522
672765
25237
220504
252646
218207
520074
874072
521953
249669
588933
263247
751676
653
623478
870669
600282
792595
53514
627329
376530
750266
232055
152048
265370
458324
554338
351219
199505
93776
293949
486130
237084
920740
948503
40059
944666
291461
609942
207541
924523
238146
785813
908435
589948
468069
6435
466299
772517
760576
702489
154492
615254
487265
760425
429985
512922
596911
704083
999558
935173
769449
375805
397866
708122
827553
475688
170708
674400
30463
762894
204448
45452
340411
646601
510581
226741
615129
670033
910606
468330
509854
773553
501276
123400
50243
626322
34911
278471
551160
852982
438179
928384
839181
996399
160679
796008
24971
753734
449039
215500
237478
336007
49614
465683
724599
773381
111593
914966
608320
189139
281050
922368
173496
695625
379751
610771
801446
199841
392093
55525
750770
568465
125486
651516
772772
210781
236933
556456
677393
856494
565782
835066
929145
927356
387322
365886
66165
318049
19155
749426
826859
431112
524736
87548
775244
282801
234425
418582
345084
292516
30103
332205
961493
293776
667868
41499
933206
637095
265496
597293
611464
653384
678500
192310
317550
295654
848110
619616
947162
599628
884856
506330
739067
350413
277464
912931
281616
339770
963361
455619
10284
678114
716050
543021
706246
346886
622690
435645
990109
794481
311879
278129
339972
142255
78939
313163
442798
849535
261048
88989
343387
991697
834572
541003
935485
984846
185733
938997
372509
452814
928631
198491
61808
164884
92360
239989
162791
710133
595213
272950
150472
341425
968077
448779
446714
913233
501518
189393
246658
5026
470960
60096
661914
904767
751177
647517
753868
273040
577891
177192
904360
294267
817408
114797
757048
941533
55605
784206
6877
462391
212447
864963
663524
249458
411197
717121
402406
856133
884587
356769
895563
757465
909176
295072
313878
298857
691056
107057
271633
440058
190610
729712
184632
940221
342107
603797
429958
863136
830949
822495
119891
173343
734926
485817
531455
116923
287945
682153
492820
949900
299942
137089
596082
733883
433844
632238
164405
583605
116583
390120
546696
355131
902413
45249
343958
217908
733000
15176
658662
581417
931555
105853
820981
873020
566605
523143
657031
699690
898387
410857
399519
560580
326795
942660
10811
82734
826551
253938
800981
779989
104454
98737
576857
75661
463982
361541
118709
92168
980569
585079
214696
226275
67234
895698
594847
783500
738867
699705
32443
616944
658718
863466
532292
223062
103265
873109
172524
789493
567974
748161
296357
561256
938316
246244
818741
423548
983568
793571
259671
31778
969724
782051
431234
240070
347519
144309
50349
115701
52765
27250
692011
523587
457929
218260
226521
989432
613970
574437
252858
137885
577632
688763
359209
897744
823553
745180
820696
76439
477350
895885
350819
793930
362560
158304
805715
51785
328179
557311
209059
156035
84688
834591
466693
358335
482132
912893
840909
565688
221238
182672
380991
139599
808406
576473
823624
761884
384611
781506
459124
275757
303286
204246
932555
16756
118643
679199
933750
76568
683867
420761
531572
601682
32659
937109
475596
311802
407748
249772
161218
654160
656410
619239
971151
332110
562189
928102
714753
844863
68450
223982
417667
239142
116358
512300
612796
773572
938483
44040
661778
693335
76803
648236
354666
231480
550663
681353
403208
940184
833644
46785
814671
319652
611831
438177
373458
899261
255336
962262
105874
444115
354898
750029
413172
531661
675823
537783
658160
278099
70108
216956
395259
288005
181779
556328
156812
29155
827302
907249
41915
156283
419183
220088
168203
518276
879331
710115
557041
95729
231380
317695
502427
968675
731487
262343
958118
313050
220446
836499
886182
50214
934305
464613
916421
379617
635414
316587
629821
285699
403211
91374
752398
314826
531294
43052
677438
780964
428458
398228
731497
443904
824472
893595
146436
658055
832930
8059
540297
943175
844666
237144
431302
107614
379040
768128
915061
500477
251169
433770
844213
249503
484021
547472
514095
274384
308468
901583
573042
215204
325211
884356
39269
559405
271998
828488
6379
712846
978355
696695
965748
324346
395155
233897
728371
210886
345806
857192
671093
820427
805430
440573
946757
132404
400212
382252
783298
619344
265928
454403
990333
780190
25769
997623
603529
191132
659506
459651
688046
430984
120387
304492
938530
198095
181183
65692
622754
887120
222676
419849
307216
496896
546459
916942
417193
776291
160225
130501
170936
565420
418145
442252
757283
797211
897965
724233
84127
690406
393104
340545
100245
804964
16592
52391
661719
159625
602450
335623
163019
76807
233813
234994
23707
830151
834948
948252
974691
304602
135459
264516
231475
279892
868410
277719
926464
35930
419627
926917
50622
213698
39391
420004
573950
9686
392895
857955
28652
731158
583252
946756
11302
781616
787372
313706
306433
247873
40258
697717
588352
364113
397684
566215
973801
6257
544199
61885
275239
535368
709439
566072
271492
751453
904244
131965
374722
513183
549869
194447
50573
93196
426121
410496
832364
163336
805649
221782
224318
317554
226079
259388
817306
87591
930399
89916
95361
193249
450059
50559
337454
626457
870689
287327
83525
279746
211126
331998
752469
662796
51293
870634
492535
759087
442107
727529
334401
484391
394572
693806
529941
552762
161367
216250
571996
208588
805433
296392
760161
910803
153900
547415
149249
733906
268174
346559
361075
407716
408455
125565
679697
171295
56680
827357
34672
584839
391910
337532
697164
802852
193435
246520
641505
976033
259828
344817
886086
337311
895690
311912
297287
122111
229993
111137
411304
648105
240531
875118
672384
790521
826065
141107
673092
545582
824351
105591
396992
45294
156317
656386
737951
535152
360474
82023
671271
34939
270644
989757
81229
30021
992582
444528
156201
504619
988421
117280
977280
169061
793818
351805
659423
761676
577807
507082
866102
637902
289439
985175
467681
768006
619390
434361
411190
446442
427486
618772
330284
665365
564232
500711
850575
644861
201528
23532
934433
429623
689088
278938
823274
129174
556191
99546
779517
603192
16200
523601
818381
253584
40138
470950
889914
492232
991963
195009
294067
652093
210318
780920
765364
791464
253026
602470
865563
511639
102842
61007
125955
287831
979152
93271
673839
963824
846888
135080
324329
151775
676484
889577
594242
943929
603150
765829
682533
5404
575359
1346
429062
378101
275922
143395
768582
18386
226272
464067
692354
943062
233333
323819
625330
661141
747079
652236
218714
251080
59943
650425
130973
212334
605997
122007
849447
701383
44996
113440
734151
996910
341318
183452
478528
594142
928860
411374
331971
126386
465337
27843
13682
622732
81598
806758
258591
842016
27852
482713
631375
777456
426398
672847
548145
724255
174647
492599
295932
633412
663825
805526
965303
397884
50416
805979
890385
592017
576881
165901
563920
24684
500279
362753
69394
546696
89876
839821
600912
127485
340958
800207
917268
863009
406590
150687
143281
851595
714719
991454
293353
726839
525470
784770
697833
994416
900265
605481
792191
307886
676361
837531
679633
614486
945925
581196
295824
253635
1112
756335
271954
81667
217891
924287
661835
325823
633712
127774
593461
442366
16243
42469
728778
684626
323530
902706
665056
837263
556578
127369
342731
126271
134576
813435
94418
924255
831519
460670
918398
498971
649788
318262
103434
894266
402027
644903
728939
288251
779821
298783
118218
891200
30
13634
712137
322726
356596
554357
254481
148217
12897
92098
540299
815277
851151
894405
957632
823607
565745
898788
514461
553112
85056
812258
548873
384043
379979
666268
607135
988836
388726
225727
240299
389900
94965
480047
314918
138015
96644
81038
176897
829723
987337
976795
444104
404725
531872
87649
873619
65811
995569
891319
582715
463814
812474
320027
326941
476461
305744
318304
402704
489036
672507
859557
682192
592301
315239
694654
133210
364671
632396
738506
128325
666617
578493
119562
693422
572643
700612
256743
753472
804096
872860
425938
499959
994685
730249
92500
619173
780348
186640
673702
25689
767499
284541
307530
443034
492054
617106
796509
849960
232541
196245
226033
125549
551051
963480
523564
108044
282262
478491
298075
585564
277845
541374
771512
86032
651901
57026
832418
105483
975474
585588
474164
544345
66693
233741
48092
637774
295665
820068
932545
41578
523213
498130
271786
689311
399167
252312
598595
307771
652950
613638
153919
897936
977032
809925
544772
583130
135688
730222
893636
364822
74638
640966
907736
466182
996566
189936
700432
701738
770447
556465
337303
358621
941577
911340
529714
20934
732389
315773
924108
56881
975180
766528
833205
702108
303017
331352
966548
675663
628120
395937
930643
756254
676105
454184
307239
412280
370024
934730
550472
250879
790015
120447
317982
584543
579731
969322
345625
377839
815770
62036
466728
339305
76722
505932
166052
161923
61104
658102
499303
997750
106337
451739
114140
354728
941049
400704
872655
115146
452087
883274
985806
414826
186
387274
613980
659690
616428
442033
457443
648234
396948
61446
455383
813724
414960
940504
730493
648766
135355
954566
197639
151432
180518
477416
262470
601807
525258
581737
111208
401462
868170
338084
297361
126824
162538
391742
675621
162660
38086
734366
619969
208831
698199
58565
214916
552366
41964
595230
363645
871913
98594
576982
116477
345481
254261
803012
295468
540279
529970
79280
678392
565851
592771
908019
148360
396313
172086
296326
878770
143469
558352
151445
869938
432771
371546
595680
614400
80615
523663
939569
319123
755134
469915
586624
502491
828439
200771
80186
315010
476839
791410
630093
915789
828653
359794
783470
306972
277069
195197
940881
678491
124345
323100
875134
987750
970941
325685
177153
394136
722066
603334
40285
801685
405423
469519
516283
422656
580645
995638
935938
10493
672251
895066
481278
149140
809675
785926
950533
617932
22066
341847
982522
873875
86132
12907
814387
226690
280335
566893
132179
351542
439856
610378
643957
24110
380952
116459
54565
127096
599461
189283
902404
459331
383215
752129
216332
905539
442577
835373
48362
196888
820488
441150
826341
199411
588001
264472
353103
503547
799784
68109
554687
218174
825933
935379
631459
466116
784406
445386
598563
14567
414141
247399
957946
866293
541114
164628
605090
415125
220487
14330
625651
478335
571608
21021
184838
819610
59587
824854
604359
787742
763693
283364
523401
837238
226772
542998
666522
373808
80105
625330
441834
12341
163366
142961
184459
742294
202294
244161
386707
598009
51150
385102
397793
854806
511707
952416
483294
883565
382784
270620
839147
194163
145326
474435
505697
7334
62041
25809
71155
553291
573866
520449
566018
994582
878034
201842
557874
258104
959791
113540
48694
917543
98007
777812
44065
822339
185277
902764
541270
524900
645572
451193
45585
330391
945971
589215
842166
454278
296612
451566
77187
936928
169887
984032
126944
796485
123283
756758
518562
680558
245847
166075
358140
59105
989506
690727
684314
728786
948981
46973
142556
928052
382139
91140
554732
285900
76758
672390
4187
169872
670435
55415
641820
331146
410789
765972
489644
413679
415443
652973
24005
579619
335371
22218
177082
988540
98424
41428
956721
967803
599360
549864
728657
963159
315364
114753
393147
490409
236924
169504
96965
50974
179031
617529
797514
207783
677546
587697
546929
112364
475090
331986
922435
781633
72735
437051
280601
627746
349938
647458
782426
843755
992515
324923
240670
687296
874308
961616
830623
730244
224657
489870
399332
630718
409673
739683
978221
612276
180892
16675
799158
194773
334193
810469
730871
272650
420011
731562
578360
372120
832612
521884
804166
67973
866424
181225
59617
957197
692051
890138
139987
652275
415818
459645
548588
675761
402739
618610
519612
568552
996527
59177
135217
632803
675456
768920
396001
994082
133009
11078
158736
730174
949274
571789
879602
434052
907042
127570
991533
409085
208315
354377
355439
302830
669219
730880
483803
700726
418389
589020
357811
938665
593781
349854
575594
243802
161457
655903
471740
198814
553472
315010
570287
224602
210107
69153
742272
827499
25199
254540
354832
473027
780213
43315
563893
699340
261162
330561
694953
744737
567391
412403
796244
195755
735025
513175
610108
130504
488178
440539
133182
317305
261333
911960
419099
60928
599299
694018
513708
182751
288184
319045
6464
415514
496239
908015
285626
242578
734609
91308
23946
318689
584828
104676
941475
128596
174409
573851
471649
60901
91422
30930
625682
714414
550532
361647
407365
125375
521377
253613
896575
642087
196294
275536
22564
494521
861665
121695
577117
588094
890659
316077
596945
626969
810161
808395
429673
611647
749860
295747
913042
255743
572123
327421
180785
164620
268797
181172
198644
790691
246857
384732
306415
435995
555134
594050
587992
589654
426500
67376
615421
831541
81575
177326
87788
723072
171829
772671
518078
714900
213994
578978
283284
14609
400313
360375
811866
604840
13862
387451
649379
863480
668877
308802
798656
293535
932753
265997
20137
332781
153783
557405
886172
707015
458519
662568
564591
807718
663027
885914
679067
816079
931741
18945
996950
735918
720158
208399
287221
132928
879753
638489
49220
319743
231081
57117
897386
137629
256191
929
220651
903224
138125
24618
859112
209455
500058
416263
674893
356571
239066
911726
758041
40288
760006
512215
312598
680480
410683
931698
209690
620371
976561
803756
645603
83725
934544
385939
303385
373947
781891
886289
765859
151371
691656
151886
965639
328558
393555
54466
130717
182458
671709
965210
729310
428184
575061
632019
206818
726111
504456
366961
312190
147227
427466
206581
645219
313266
745215
636069
232224
398280
405325
6814
269161
523407
198631
921514
783388
812078
909253
825212
370232
795058
751279
323731
896996
765194
846125
143161
182813
657716
956292
641569
376676
25569
339240
787970
62431
903249
486174
267415
109013
812391
248540
82406
316942
599968
808827
485647
875489
545924
302466
926206
858698
871316
857231
785084
764651
273698
146695
911819
690323
97507
945025
853330
682541
328160
331617
53772
500579
669357
645725
231280
510570
243571
119953
306047
312064
63684
802396
177127
861418
5139
137300
445409
952387
84255
328822
682653
662314
235623
751825
943575
811947
871252
945750
289441
312919
783216
858507
803245
131687
986564
705041
597840
741978
81965
677723
646837
252314
624980
873044
638351
168858
307145
53634
859680
717465
959473
475476
217712
849098
88152
383397
194535
168278
820552
836443
676645
548910
636047
189195
401793
720384
577828
511114
307874
604313
477200
460898
793063
828709
981242
829563
932489
709389
933866
105401
402224
838854
468790
671013
705636
697024
922192
362983
141994
879280
304242
725372
139246
112590
612009
407778
306301
886381
326108
47196
70916
961417
349796
679163
862497
631376
233073
270559
695188
248792
629628
942059
863485
298272
132288
775506
977590
393122
582629
139254
995475
10715
911515
544257
221517
975779
56162
369136
255639
357192
527564
344091
171596
520544
167459
440665
462594
879915
33268
505521
121888
507758
415861
138371
63129
982740
396755
249973
474006
73364
451267
663146
869175
595366
530062
415146
467980
422192
410709
785064
817624
195712
895057
820254
853243
648747
673547
418970
137361
458029
276870
256647
46063
752115
930825
512875
660799
320854
746363
596050
311572
995735
845654
435262
259603
920692
1643
345017
376415
54732
570762
204242
478705
418695
862077
219635
105405
227
553823
915002
512979
843880
281393
742292
822228
167814
752849
120363
732859
67604
876193
724029
722785
928808
231841
430536
705563
119140
307703
512393
242174
348832
73003
374825
744029
621331
711001
718718
234499
110603
749379
35590
917841
994331
108029
232728
232636
53830
750261
189875
274506
38957
624664
391811
81164
802402
452202
341244
739092
444183
686514
675587
815072
508894
877453
861446
773184
866036
671588
9910
31722
778047
534967
460734
37697
988841
808068
483232
320724
986896
562429
754570
279445
248605
782500
538395
886503
992136
398642
857531
862923
97366
267075
706372
534661
345579
858762
6982
325881
403481
954043
234754
121879
818870
18275
337330
904136
827524
68648
597
991890
307819
951397
241165
137021
233567
537585
68186
184920
187124
428155
555550
61425
291361
223924
417395
363273
376867
438647
875905
977497
905299
807866
492957
737410
330156
537041
106800
839998
953403
339323
60227
708899
297650
993784
298066
314629
320401
674018
164287
844315
783162
915808
122497
717933
634907
283608
123846
326282
70535
20758
909430
760886
190128
42739
821250
864653
544631
118660
77856
171876
955449
476526
246961
737881
859646
139002
168810
440071
853943
482851
13228
212285
511780
115558
769443
836421
934796
502466
909203
14381
819625
802982
888192
980794
199219
605926
284184
503708
288968
878416
377054
952517
393321
754537
544555
445453
159879
592221
691247
700936
167566
194273
310308
447201
503345
829822
796441
654726
739469
411204
645535
663363
155773
118222
547045
401498
87446
793129
377363
220509
413516
185961
39811
950819
273988
209897
955650
260918
953633
969616
352327
734709
43100
699597
179095
852927
392218
115823
947780
705956
141199
503689
763516
829151
108682
508142
981258
620241
381616
477742
775235
478159
342591
767970
627669
628567
192016
633263
146021
450282
938065
531110
917648
745718
887469
825941
625434
696562
808269
924073
69037
820324
334789
561864
313703
671406
635645
926309
355958
619168
148506
824807
596467
688811
814384
551936
382123
241838
132268
425997
196688
967743
237483
657766
299897
564395
642795
932957
600946
586512
696080
526083
362502
759311
823998
712666
204087
193160
469041
471308
800939
472515
180158
378224
109863
517293
883684
413107
342930
199345
683870
412366
25348
72277
690047
575786
316101
853655
55740
725287
609813
360394
240804
87071
386807
202149
80580
545490
147163
207057
297977
543973
89759
231599
910827
848924
6047
397271
483860
245550
123247
812326
307679
342839
926060
111487
161694
570410
965833
581564
205794
714696
741566
240219
546677
443771
884479
282368
553993
80953
534559
876614
195458
728870
166229
301463
916490
599373
327838
201263
372082
890237
759824
114906
338823
3837
952063
502008
737928
583128
597429
578965
880896
54511
49605
314044
257062
499199
465036
216579
226978
872626
743905
87109
919208
487384
423770
691416
342132
261751
961551
624241
444852
829385
489048
190337
351650
917221
909549
553559
568956
299232
762175
430858
811807
312192
341849
725111
433694
796301
848472
832938
363255
985769
793935
791285
940993
601384
623210
339220
741628
544595
805098
41068
845040
744825
395053
445955
51263
20023
401876
62507
673756
387466
450350
583422
748963
464204
356982
619204
634744
480294
186419
661704
749370
219126
545696
112843
204064
596434
291911
484689
748609
26867
482601
380482
216031
106125
967272
531357
715125
395778
957135
613152
427105
805603
475100
299668
897956
962103
525049
535635
707279
618291
252173
680673
446726
666732
123449
510971
205980
428764
943
53782
39265
22085
977284
357961
242353
333661
663311
387695
839100
138368
550661
738169
153144
856965
728117
938715
600252
492362
731251
700866
769747
855551
975411
418291
573563
309413
341641
936725
648465
515677
68440
497254
897398
178416
119381
108155
327843
842107
815746
614133
597312
325824
393635
191736
473436
555497
854548
583919
340004
206993
869650
851406
88134
84264
776799
356093
847548
680385
181817
274120
430346
827676
165499
739868
706604
789023
535348
119106
635323
140547
196487
286474
211746
518077
41497
748016
322067
836531
559745
704336
857935
928597
666928
738744
435396
306268
953121
265081
719245
696193
930166
192870
527588
92714
258904
532223
52826
821642
726085
101379
121303
791892
302775
811572
532471
482274
564417
57310
600583
174590
166255
707426
379737
711778
617194
898356
969819
582686
727631
124107
922604
121415
762212
721133
591717
183784
192023
328385
666686
487212
623380
24764
602469
248819
489786
407890
528657
279636
334442
136370
519313
728012
197556
813148
805175
257479
185777
774420
84966
385553
436246
506686
658308
856001
437717
749954
276754
805117
558171
136845
347002
69719
932868
893405
922646
387834
502372
287879
327884
724696
737133
836416
36712
862490
474769
315997
336323
852213
920536
40933
12003
49661
552815
623519
740664
63106
485018
324609
85403
672756
972462
337267
518010
179599
614186
281350
236610
457575
483498
475386
429149
783001
74895
750153
106160
456818
837473
845668
239820
114237
194958
255353
504911
827977
768747
377994
61946
981182
576808
466253
119210
791936
36461
402307
52744
424953
834164
382883
117972
719076
45151
547518
437900
943779
843994
250890
262408
100562
421713
393261
39922
616713
449078
860799
577613
346197
570907
653787
332427
350199
315533
617220
106623
884808
366798
231357
99494
404242
766596
993266
966275
868557
970075
564640
865071
516628
600792
284600
700866
517209
285206
848182
630771
685175
455650
290044
482017
201464
757777
265208
281918
169759
318039
95640
924642
419136
56224
113299
485634
171912
912801
547325
610363
164599
546407
63879
249744
317389
343275
220319
852049
515305
559218
102367
514742
751771
99579
906234
16028
743435
963686
532827
376986
860668
603213
694919
79715
10551
683114
394090
932567
850952
575665
345859
126115
35215
581722
746180
766347
802039
406416
160593
879838
537341
648683
191955
899249
719235
623505
271550
131288
316215
309692
844971
201795
476322
908827
669755
760400
402373
676399
298007
300966
625478
184044
154857
756451
373000
474158
209037
225789
695795
616622
944209
40333
995511
326170
450277
468557
252530
147958
442829
984655
847270
209097
206005
130353
952096
203535
341866
769061
985804
425506
838609
565416
808571
21009
317904
34431
8777
445825
382133
816656
301809
885239
37397
86706
505365
538363
403031
913230
634557
387973
621186
829566
120746
133695
976966
935395
186931
751424
445274
941335
488118
676617
813063
363404
99229
938182
428644
275567
628502
332172
215155
700809
627468
765317
923665
929404
997519
204802
32451
797998
235588
738546
310307
63794
399126
387223
242257
282765
203488
304490
954554
982947
918522
642778
46992
717676
338813
976618
405148
377202
239014
801840
628873
434531
640381
869534
850505
180657
740870
947687
542573
218771
653587
326220
273989
756192
593056
393755
489227
608211
133344
444573
242544
742370
291693
228331
924310
58458
230386
299929
289244
474309
369354
168020
663743
354797
118238
399983
953946
57391
865572
583307
577216
884344
674038
151743
16660
597808
338945
664739
795661
419335
77483
701098
282314
410731
585297
504637
256413
7353
933978
691720
131058
661343
797395
38400
507949
368250
750331
979032
310715
420736
514490
501945
856836
909931
466878
717262
359720
582070
536155
797805
717363
864367
443563
456888
938877
475108
294946
386051
475464
966707
756928
697166
689121
83223
863641
862960
996810
480560
426858
68753
111150
549717
30415
417164
726877
877750
874014
203994
220712
826465
158448
557689
62205
54610
822703
971846
311382
512615
401697
290877
502750
469407
839454
857858
650833
304903
615065
192676
175672
129071
513190
297859
715381
780048
973261
471626
201406
227481
9543
166185
75301
332729
375852
939925
820545
343027
7142
988125
456731
485230
329230
179164
52481
891140
450236
460355
254748
709672
351885
983712
705616
50175
521551
96694
124647
720457
961415
281825
635911
184301
765869
39361
79213
21846
47058
774486
19448
134433
188794
467721
414408
605897
935827
428352
457060
27106
290255
783502
561935
10513
111934
761890
609506
893305
568432
432840
791993
535543
986688
476983
250873
389209
509656
887425
908866
893934
785190
335816
487406
615070
945372
926908
57236
962059
930999
508959
50507
452825
547305
278694
890441
958872
262721
142814
472248
579830
324329
282550
952144
279008
823646
404968
709002
998793
587627
54966
820592
578542
392267
82572
447552
154520
730002
439563
357755
510460
63901
258792
74334
316457
115362
86967
869682
303220
472226
966559
712883
944708
392909
334878
258711
570854
347192
909596
794183
6183
625216
810684
937640
948370
679705
91325
570182
161447
610196
960747
942372
537540
788201
14196
24041
257632
534140
449944
688339
692909
748699
733161
213142
995422
867178
287511
955844
538220
236715
533324
882616
405645
96978
169162
55706
977457
129223
853318
57741
498333
845013
603246
59050
227261
271664
543787
103756
694970
295422
515167
90559
990286
668003
611342
133326
370974
851846
772152
817191
170462
13661
384516
895727
346959
28944
431807
239646
781780
32389
484173
335843
794015
513867
576489
796645
342069
337981
809979
705490
238289
187504
224383
750599
504503
235996
260849
143544
9087
185409
648298
182063
511094
512863
445518
844798
966969
79605
571199
706957
863432
654347
139450
872520
569207
244147
867980
450110
583106
925828
718014
659994
372043
388768
92449
131412
457900
262485
394479
581216
867061
718168
243995
124422
966735
599597
958139
550351
247631
513955
348052
690123
895556
837450
966623
322990
443439
889013
320997
160633
526094
173024
687769
266772
273474
119530
736473
230319
51657
106411
49294
821753
386288
138969
353473
747298
315633
47913
491020
948521
320733
711160
192258
6796
309469
763857
974905
514082
411113
779365
444713
522497
576545
641025
983341
786332
241601
405108
681282
2708
715985
849947
607325
380890
88578
496043
676872
7766
64094
492092
596143
986488
739581
278267
210970
395418
841622
687190
30353
814794
843813
417392
460329
309669
217588
937826
133778
677145
953308
119021
72665
68927
199093
483550
347822
220090
620235
253985
544801
877693
125643
89566
289728
715364
238752
271142
213543
760328
411144
722412
704032
7391
217453
509135
366679
139319
390917
866227
976457
871586
954667
418346
800138
444396
241659
303283
68037
716607
316904
358661
266794
267792
505926
432231
777728
91487
858323
746603
844864
12596
359675
644485
687235
182864
312834
232404
60905
635632
701565
992944
9827
777718
409182
225839
329379
176024
693378
866233
766246
444184
304094
137052
811627
862212
293917
816093
446326
983907
727019
909744
692920
851791
987369
52574
225161
104415
662318
568983
609682
531479
915099
457963
156362
396789
751798
431210
568269
569298
274666
2076
474435
260709
333776
518280
579313
722216
889001
174156
569305
546881
631723
714460
518748
444628
51165
27081
232858
449268
492002
296445
310235
929650
181763
124613
504133
652476
322810
52719
258107
446170
463985
553980
133284
297955
927746
455076
867702
163553
707621
304124
106213
621106
775878
301800
807958
899743
767765
628407
113966
438649
643908
38756
834325
499548
577353
764777
646408
265557
458363
806774
528707
251807
34376
823747
638963
85268
81447
866184
435015
499186
292655
296537
545428
265113
133416
432010
691644
999050
795012
220327
163354
103216
104313
585035
145515
488542
877128
524196
528189
666936
467261
267144
106711
910665
649556
435672
868000
129086
828186
742299
626055
643105
75278
315743
112397
621519
49309
219862
257479
444839
135661
899413
260048
133534
385058
386696
942983
821143
610376
969491
834974
453926
710352
507000
112503
572172
735921
932349
275099
858207
639108
170601
340962
436758
997673
464000
263551
789096
279130
602893
930673
654221
24644
998200
696689
74960
725327
223010
836379
407896
974440
347782
975602
21645
65276
91777
821840
680953
646310
879325
647342
514227
128350
539191
650187
255093
982483
767877
911819
751795
439131
588366
39948
212664
362293
97018
826391
64238
701499
592696
459344
825036
55101
858331
426895
463622
469025
784272
928556
946881
641086
275170
311653
397960
525318
931479
66055
338231
972569
913877
360060
981045
477867
661811
355284
816891
682512
749546
662232
699534
715323
306931
268143
57094
315668
343052
125251
666936
655510
102529
39797
11917
597682
139692
869696
715736
890833
972794
449038
983065
459304
493979
76969
869353
670765
736827
821260
501040
244655
572761
421301
137227
838840
937662
877121
351930
243180
446149
550571
671660
192493
333902
101878
254259
911121
631050
820508
24984
760035
720725
48766
514023
843729
605754
438044
631880
342395
527050
546476
582534
91353
683788
756647
753119
582435
727453
186590
869617
188232
189443
184248
401148
57002
947797
587799
396590
840349
124870
17498
525445
49004
109491
572770
202853
819496
998319
326739
541363
349614
284058
596347
994775
274213
966559
26608
440739
735229
260403
625650
838400
580756
715621
741684
686942
675231
893114
205882
689417
352481
283798
126110
693863
129857
305813
676196
759239
858600
619748
962733
77411
628347
512835
184101
343301
105650
328570
812851
602256
578757
322325
618285
776894
781462
70791
703277
660388
834459
809195
56213
672832
747521
497229
850853
950307
286135
299938
640447
19167
314162
431989
957972
33011
33423
953937
579793
209918
166503
788927
712220
774572
175890
217729
235383
621227
494371
48079
914835
483575
211714
14647
144240
921144
758977
976087
500620
222282
911786
208106
146614
753720
645928
253379
232879
895077
156760
573929
683430
350777
593685
832694
754828
493407
309462
911633
447972
928015
405472
165420
984090
2323
292249
983931
294817
906138
354548
55445
564594
833035
252322
457805
915290
258961
265685
878747
895816
196667
103475
947300
656563
205621
906986
613683
168749
223086
968327
545669
452883
683975
945716
190228
676820
520886
301587
469060
188302
71037
303735
818308
93017
335682
143868
574582
104660
514784
422943
513261
795579
107222
141383
423482
130320
452367
643429
733643
197183
840019
97610
544982
166848
86783
923732
236849
821472
164934
354064
124615
655821
365899
537276
229393
677124
218303
682671
54693
628734
17670
266101
102768
39006
172197
455567
430984
890974
510520
569497
140592
832391
424783
991625
341749
163616
183423
691778
6840
674294
467018
979956
685652
985601
226277
686679
131806
243615
887043
798556
275025
107029
223612
780700
857097
910197
817107
382833
448346
630635
489239
430143
217748
437765
78301
310371
573432
762130
98345
936177
449274
940751
940498
174781
952835
874744
239332
737432
624114
252837
474076
67284
875686
267997
271431
912209
3702
633179
162561
721055
349523
257152
315721
719388
791363
28121
680561
375321
299556
626753
457744
146096
95559
823004
898147
235031
935425
652281
979804
405197
868553
596044
173961
107450
46196
16912
579597
909565
912605
269630
177351
819677
7042
999351
805496
211431
76795
265171
413706
662860
678888
965449
236797
915815
83962
502876
770021
795111
630175
135745
988491
977439
344308
964354
61762
163729
734350
299423
521733
100155
213204
271717
781729
815956
203755
378315
260661
88397
92528
342225
399432
981384
418929
629684
514562
416161
708964
166538
906101
986177
137734
820849
54348
281477
18531
70068
143621
56625
657950
120378
727477
580769
786506
928764
243708
496743
305895
842946
483135
445887
63183
708584
611142
731873
983736
173963
360806
361216
752848
637302
500034
70696
127811
361540
582238
534800
299874
996225
34403
474534
634930
816057
858933
432067
344770
796391
390295
595415
891022
886596
813609
410942
714953
604305
248797
630019
910217
417383
154415
144312
626771
93559
28801
16671
643720
873535
277144
236475
449677
211506
345264
736036
172756
320016
621981
506045
881976
162511
959085
959746
192346
851582
717373
863790
664340
406774
343378
762361
19099
143876
689791
8619
945495
19972
632120
586602
435293
455395
525154
518015
199629
7463
750544
422687
746420
718068
145517
442694
877979
732219
269190
233019
982257
813142
382903
588431
177884
210763
351720
236720
440180
628031
69307
829940
578218
415628
597633
258300
738931
867012
29169
669268
541238
448085
52907
487900
701144
204256
55728
626803
911728
358742
702083
995646
507390
480183
441504
485886
130672
565852
290999
916756
868959
800818
904453
451130
747
718699
594136
586236
719301
492367
618747
192315
81679
463936
217725
245818
250340
914843
831725
335407
463199
952264
486828
533055
934893
631545
637086
542940
898668
129380
456509
375821
149436
99146
929936
622954
458705
446874
181631
777985
302396
220470
50802
164566
468301
406332
853129
926586
933581
710422
932603
418924
125230
517272
382054
84213
28228
984576
855166
666407
358756
285404
631117
585808
714899
109482
429845
965837
306442
174785
962213
648030
964489
245454
289436
717562
479625
776822
972845
673420
4868
614500
412678
892469
100457
78626
509158
330915
24669
248287
406898
988014
220699
389390
533308
732613
995994
684725
800536
212081
845642
238997
635265
281284
41559
411127
206797
234325
925065
19651
366113
879393
103636
965610
702406
341570
299458
338507
268857
7091
997978
680251
858139
825440
407938
146608
980262
159666
650113
790084
742023
616291
31513
44860
121605
622547
633085
308918
899024
368725
623744
769732
134025
810936
115760
400357
844186
947153
139302
406463
520232
771836
37113
483877
80669
897533
672348
907762
689182
87416
341469
936494
215609
825535
813711
791311
217103
200911
542027
805120
968209
850133
147852
289150
940877
952261
182893
49860
567443
149909
377008
537581
964929
575793
273542
645150
399658
16969
982861
960367
536470
44588
502630
143062
257778
14014
701364
566859
14372
932267
49512
665947
599359
822658
341674
13281
953317
542015
903191
459563
713706
498968
818146
72213
667332
684436
125582
503220
765544
765149
210192
485291
323443
149381
819235
648257
536526
172386
859941
872395
213035
613116
607779
157204
83791
962339
643061
518365
762534
72898
584931
626833
266231
253199
31342
803694
119449
817822
622303
978948
934421
501870
206534
454957
735026
753476
866451
132470
520882
546916
669266
546248
815016
89473
260675
417984
296895
853285
627
856154
963095
99237
917545
90720
764569
262695
79076
874766
447503
128902
101891
719997
15920
101165
616183
623138
960830
356067
902868
788914
696755
233690
96640
639202
274164
235682
320057
713660
763150
873678
802249
126801
385106
866596
417884
593575
44509
127110
289137
427542
451285
160860
116983
700348
453267
758868
853176
105796
581321
506140
78929
814625
191671
936163
474544
513518
361487
950280
358727
535689
529267
394190
584396
848203
796862
492983
340966
471902
805467
490312
338611
846785
55433
831942
554188
403520
587902
333300
934541
491928
726062
572773
917773
238337
908348
793955
604574
486483
527762
334045
557441
106821
978331
238845
773168
949282
106266
305099
778429
168859
170538
460673
447351
307088
210459
35159
689583
323145
877310
544109
290362
551712
82010
356559
298493
447303
672362
965518
328760
377348
278112
258227
184435
243467
497516
457765
275949
759520
731011
205988
76622
709296
664033
21149
237560
418933
489279
775865
286090
338733
722769
563737
945307
204979
917077
741996
583426
52279
462610
852543
818301
198196
683327
874398
183564
352529
820920
722684
428884
319225
188985
905912
281797
126637
267527
178519
519207
493030
234370
81938
123566
195980
123690
943767
583276
976490
734760
376259
321533
923286
34650
544825
127225
269742
914695
702399
493544
658902
453573
989126
38049
265047
728637
672060
528068
52023
202081
113646
110073
3918
383388
999461
837162
802274
865295
786723
602846
509726
727537
300067
115155
151264
588126
284675
666966
375971
200713
756310
880155
539662
194996
77483
313477
18029
620557
102332
638350
410499
699385
933193
112011
637403
849465
801826
532847
466375
471322
361666
981098
108400
740379
875933
118006
783160
756539
168118
95249
512261
27470
487375
403626
625092
993579
946187
174884
579772
672645
540217
173396
50322
724787
62907
505354
187346
679972
32470
202873
743353
745629
723331
995620
136056
665651
836079
493480
154786
923174
301175
15851
248977
729924
372307
888747
254664
61674
488951
450064
407408
204719
986570
566518
55926
649543
142181
302623
52825
459982
625841
279339
54509
369391
836440
159540
511939
885560
527008
10010
561595
882410
170813
571679
197690
331658
318817
723057
593497
507752
210117
499109
116331
110142
970117
389516
21981
241064
802698
15695
788035
360099
297214
89822
135626
256830
145628
92516
697432
100941
642807
199011
782746
999850
937482
2184
691928
638673
155851
141243
243442
920629
842194
93632
209306
955064
72522
610926
703280
1268
402526
894008
920040
521712
650255
262669
90419
767279
947857
926666
258557
483691
337212
315553
402260
788945
51224
681786
496515
888753
123318
692514
400970
243528
350710
931660
772840
104835
803171
267943
153413
520195
366551
565742
373353
15310
151410
780573
798454
361607
707229
406418
190381
809370
366722
379283
105805
47224
628207
176439
121372
955904
985935
70405
780682
354931
390238
503179
578564
493281
911342
3959
554099
501163
174498
383772
378703
972080
843145
159159
644213
354154
650725
419481
866822
390693
893973
665831
919793
215513
94849
221071
544126
729211
740510
500291
756927
415156
606716
169203
166787
187527
797421
10551
720112
91426
86135
556839
463810
891874
173977
287165
337477
327747
18081
115605
400330
388631
549877
37221
619583
917601
663491
673112
836292
990749
215463
882824
120481
472991
851538
519685
156612
190576
974761
462039
842539
903028
500877
50853
981422
863557
97376
340948
303066
899513
638225
940880
350007
670865
928373
664424
65626
452754
549412
835541
590866
961613
652728
775082
255666
621937
364566
606793
843681
849470
194942
541204
826868
803860
562655
508885
762188
62444
713608
383947
207511
444441
568813
141617
867724
102496
432116
535465
966591
85143
452215
302945
142785
744597
389435
964433
951703
717871
319721
992626
868099
698338
881251
293794
350186
672053
83257
702157
724558
371727
311512
17713
782924
703200
442655
21700
485267
631188
777910
163616
382363
565604
443127
503913
376190
13513
367340
362866
525947
601091
808800
848607
361768
888642
524255
483850
670727
728423
269439
316454
277523
342186
933414
194463
723535
561948
577187
314564
647720
84370
29299
685006
618103
707753
509509
359992
545750
76723
359424
426298
81473
442335
193339
668671
950745
315416
408699
682599
466683
871489
52709
237486
37566
978920
717182
386368
538095
267258
508706
421511
243124
94397
744751
125706
168236
414434
189934
762445
460712
900313
286280
664818
247463
105219
645238
672020
650972
635428
824517
805764
417708
825249
73085
868203
273666
414131
980006
697865
596259
268250
709737
999337
7357
175334
518206
10114
37528
148808
569230
775873
920771
446784
968420
447500
540553
955023
458205
919635
945018
311195
673610
209058
64899
848483
465726
906019
240245
541597
469804
629424
455466
256914
582145
800803
356770
632123
164270
503514
503719
60108
830203
915935
664012
615452
338368
192691
935523
606386
912208
677464
209348
525770
39417
718102
741309
581454
827611
947770
967865
53697
889837
106245
600535
173671
530052
690171
27841
645596
246656
892059
459615
732878
628504
508355
557252
991832
742636
266108
279767
833192
564953
426790
88142
648735
413665
727269
750161
633754
693401
140507
990643
442951
277891
561438
498189
849044
329530
443646
440603
918748
856950
440374
684209
548780
882442
796286
203511
583068
873361
960219
59762
660336
888600
522709
329074
23591
314587
413733
512089
299248
940691
748106
47781
208277
352231
205220
856572
189519
396054
125615
199157
311007
424794
885923
385552
774929
915417
735251
761935
797337
505116
269418
988371
887442
465277
137303
58237
336346
262274
586748
436070
102905
156902
730130
947566
387246
766849
784406
268287
492896
590805
180874
721449
734762
941279
252144
881636
490810
515192
75533
774653
617867
562145
665858
552704
378674
114742
954423
126137
874169
529534
707941
268861
713652
21036
252401
722839
656815
32486
198206
595277
144003
539194
999468
968815
622376
484213
430988
63601
288164
551688
603921
841097
49593
996850
94681
430343
32856
320299
499170
906654
600607
191242
62479
615429
721225
405714
230395
41082
685202
347288
981898
265228
691106
686091
883193
948791
948199
268047
486751
811466
702325
55359
851970
538121
356609
70550
261397
934033
946599
766352
726304
657950
219682
823897
449083
647520
796452
968945
547063
713958
649952
924659
753768
517132
622009
117064
540079
528178
749615
126872
727563
592494
629873
482493
359789
622576
405812
10046
970439
194840
112386
491330
268505
950504
492402
383609
836730
424372
163675
714696
276954
603793
65798
298926
705985
410816
238209
217700
388675
966022
443701
130634
891314
371837
411330
25839
145225
221779
524315
780471
962958
201175
607686
80063
983388
474453
841108
9969
35965
84766
658400
807626
286767
771474
559617
915139
279345
854516
348870
683176
923169
52332
206643
782849
874109
845511
30457
799082
90876
508479
854675
232902
630556
845330
747236
727163
209417
980762
537083
155692
737219
225664
627314
211798
471699
792540
959784
186907
676158
66659
907751
998561
729771
24817
735464
835244
80018
365367
359464
841616
858370
554621
232604
901632
115505
926193
326106
9098
220438
75412
925289
250358
867967
669316
499683
888273
61343
459942
714563
606973
623412
188500
970555
804967
558953
967329
336394
268599
519022
494826
979264
86116
696363
559137
671976
502783
240681
144436
743603
442066
750272
334104
317289
521831
483714
585654
294603
8495
258705
761006
25896
713015
285212
366286
553970
52935
1601
754933
283219
955176
881411
240151
593649
323524
607863
183813
403364
576936
676472
154841
189932
356194
818747
697013
116689
560116
656002
386462
341149
420250
747513
562111
549765
5864
452353
78509
169422
881258
636822
77879
974770
706804
825604
920039
60008
270683
376229
370491
925583
568921
503044
881709
662112
941906
912600
739563
873795
86619
501820
669154
437646
410304
339692
470701
719020
49148
286987
191062
249887
790514
356250
453959
177215
301662
695120
384019
616241
854400
482879
748999
390326
272315
909063
117501
29123
251998
769108
920757
901910
581589
446355
533480
550691
596394
944464
366028
212277
807107
520135
523286
474721
116748
258392
129065
818594
536859
899601
936571
781933
308352
195359
869542
86748
764096
605445
247812
57094
36340
672826
101847
530424
728494
662786
199669
590171
371271
422702
501699
200877
725468
305702
113231
524501
406366
651868
485073
779483
540827
767171
818361
972689
171678
285841
807832
71110
692879
345657
555871
743295
699528
438112
412018
817789
138397
549326
665765
929792
524672
947864
639375
69304
337999
456413
906867
609689
587370
255872
85402
407077
449804
677682
756356
226734
794135
601981
494597
697448
894748
90496
267668
497529
410599
263080
898597
724387
896257
189555
685713
892238
858981
430941
88773
198003
864995
438022
320620
408744
178331
428919
239370
585561
417968
521174
251192
149777
320567
65579
134978
729416
296177
559717
572284
359001
441854
808358
346719
388058
746452
795965
893510
305756
756789
72845
332001
932640
744442
394551
151980
792693
130318
279144
345627
646365
807703
873311
246348
41644
63253
830636
131709
571333
858745
607472
633783
523158
253201
874475
555296
43433
527580
261028
655436
875763
233187
752346
864403
17645
309368
517006
694132
529573
16124
400882
372657
297393
351710
681725
543484
207790
72736
798949
790132
803037
217781
415261
677038
283548
803212
283878
561877
482291
740883
719579
661860
358869
355530
610043
808859
382484
294701
304523
571213
24859
745398
3914
378956
227207
302767
406406
459346
851262
817964
798485
929922
267165
545083
244540
661466
227322
903274
339237
98546
498199
232078
438668
708900
218273
823745
130451
857029
12577
415107
153963
89339
705357
437781
243638
230734
468602
291196
591301
772268
886841
75527
888855
827582
745734
427669
35157
596064
575071
89652
786584
337359
17288
89701
549685
961544
857764
807262
474102
459633
4106
223602
11013
933456
416636
344596
155008
160984
664451
563164
708799
943775
177879
3830
888534
238125
441908
938448
142846
171086
764252
113243
789975
570187
639296
861844
853466
477110
737373
994565
882206
679172
433888
74074
747597
992833
999752
407894
724931
287402
114183
557879
518319
304307
587348
86457
174210
1428
962892
449583
175579
836864
177558
572315
915168
999208
465205
286846
63188
280455
598188
159749
601826
164063
64500
285186
972523
792840
544030
905757
559796
975088
520115
232289
610732
881298
264300
328255
287241
112840
511339
870025
806686
636106
49864
164731
603404
429831
806778
287257
156917
736795
15022
453416
312713
989280
588144
54745
138283
355015
426122
481900
552322
503134
598883
315936
274411
729240
400030
874747
778340
938720
941215
805094
861881
850581
564284
550545
410293
825889
332956
303504
124956
398479
106551
316913
688358
467387
259794
285579
254661
961612
998196
312844
187926
98044
148059
526817
98685
57099
579805
110543
627864
219389
365228
464350
535413
433251
788400
799692
818104
739475
957913
426318
824268
333704
564842
316469
179657
773995
99763
52072
54511
12821
666526
795545
807537
477146
508684
130881
54714
235566
535471
932504
935750
859503
597613
709785
809428
482225
800153
520324
932130
975245
770229
965771
747701
215269
234102
811105
59925
197242
517599
213537
124434
676093
962196
405001
289925
931545
852945
89009
387625
511526
323194
918522
935159
904114
363322
156529
390288
366638
106091
619122
670447
159395
288839
968023
585604
914750
591352
166950
719200
121155
745242
85408
514452
909444
330992
193624
837451
416285
309865
448851
507509
599011
401252
71735
855079
226758
431918
931491
386099
908411
689824
781291
602441
19401
107246
327007
508169
627959
735479
275190
992075
909587
629147
633890
370293
71906
226151
909006
872831
957767
814566
77712
233923
532360
200632
303364
715137
392839
314952
179651
306399
578072
152290
957980
263975
503073
427507
82914
732839
620001
336308
340223
328604
855926
284913
434678
478284
192839
180636
191105
485631
768764
704176
265587
29790
767234
9779
205887
75122
321686
535660
465487
854455
943196
4884
931732
936662
206872
106278
358219
841984
149399
482855
509985
659358
460583
510683
900761
477048
930006
834900
383567
755887
491738
483402
896237
111636
806708
115403
3656
801540
320059
529391
421774
481589
229716
680567
199571
858842
37784
628873
643370
762848
262510
765271
52347
356261
230979
274083
801914
801164
851490
377179
483066
903336
416071
69690
977854
58217
200564
927005
215359
648455
291867
379599
172757
755061
379365
672327
910835
531201
615348
98873
411946
812180
934411
866024
48464
172168
210276
850512
565889
877848
615553
549429
39557
656179
403039
382237
649154
281791
698071
721983
638140
861876
320563
654078
93520
511591
427112
158924
128754
53458
947624
445692
475171
49349
317259
569335
766304
382729
497949
757189
310034
305648
811968
592983
867153
537684
673008
4712
46964
72389
566323
290368
763295
882235
136503
147015
228670
710895
882495
973367
20121
790568
752727
242945
473773
908366
446772
93107
7096
468142
819399
887542
359825
641266
540766
413644
677301
292813
702630
375099
955981
508942
531340
319044
399719
968968
953704
933078
642110
870672
298150
421830
126464
691302
842555
902830
362181
850430
660470
414327
470816
112386
198929
75630
601687
577064
60683
642628
413342
849843
546615
292515
436047
167470
748672
379006
827925
353575
771243
132469
38812
672283
194128
508692
536608
721123
934822
352691
834957
325702
842535
472576
303208
877408
429448
40281
470706
804833
157371
368987
31068
854619
946903
802203
240712
348761
239949
693877
83379
159632
928508
896282
579737
404491
667037
455626
911577
705759
345620
820841
621507
236342
38799
661350
186772
391998
831246
368703
766769
690026
350643
387183
376811
346108
533554
835889
241
101276
241244
675893
208232
248725
250483
15498
805906
166764
279674
606662
191521
709127
504263
21057
865645
36425
241349
902543
78536
73305
356405
894183
747652
228166
550691
740018
816794
309733
959593
858752
792663
700455
603803
401813
493342
76302
40069
732700
984322
616885
383481
2911
152228
9419
666709
808793
284288
259399
585778
636134
586768
454214
445730
863430
836119
916962
264967
996808
448633
153684
537692
862964
663625
266021
783972
590816
394807
505773
646047
17988
150611
932772
932649
78327
383059
688219
729522
785007
20341
795288
205187
135494
487083
447570
878253
829429
527255
302679
929871
467749
483797
272794
490449
463551
119746
887838
802657
455124
246965
555912
899613
403976
910825
460117
943311
15174
520231
283745
677094
436582
778516
633797
131014
450052
600957
337817
34297
388099
497566
242293
154842
924495
182923
521743
365047
13409
432437
19446
623173
972962
74428
221451
503692
805609
182625
58275
573975
921163
637405
874417
556709
571093
738296
8998
335609
257811
765107
406823
432767
460064
484184
297679
648102
32947
18358
590127
653994
524155
618585
283000
309847
37976
85794
994595
90935
481986
923224
756004
689280
452314
127102
43170
356723
309601
592483
320110
835572
838353
43660
654230
236633
275430
889749
967740
9165
321542
201399
998235
959025
996164
613402
191210
261671
312741
66991
486044
28191
664101
244745
528047
881486
969442
415914
723989
720334
212045
918285
105097
408040
688401
191277
158452
517118
787677
908084
311036
804375
326893
65829
10798
692573
701011
571898
113269
907464
772881
122481
491868
534036
784280
879463
583927
410024
82433
481995
765653
70460
69799
278143
478702
324506
172349
945123
752335
282667
911592
460869
554126
671305
527147
162183
763963
486442
5078
738539
917759
866856
197449
626259
984119
669054
736254
126283
774251
945777
656203
132574
471663
774673
571628
264816
46402
933594
623960
719960
626098
753814
891201
219059
505656
443040
77144
617813
306196
769974
655630
103959
239259
962366
280528
890221
820469
270348
584320
822761
508527
518324
318452
461806
730928
314434
287718
580969
737064
729889
70101
410933
864542
629219
499566
699313
438508
711122
611024
51966
624192
859748
132035
458253
756234
262416
275928
241764
904962
483014
817851
886832
346266
378347
807740
749726
356390
96818
100947
476057
961889
991687
652602
770438
456099
210528
397773
501441
324705
233624
981448
409561
134747
780084
314805
771225
485498
228100
478000
922224
471366
592568
175783
379924
144932
501936
254767
605071
914527
559891
113053
486405
757425
504933
757549
176412
809771
812733
886616
541760
263036
131079
224559
766157
465506
932444
265089
947307
734310
369018
635940
135517
874988
518400
82738
112609
915084
933988
293348
183579
490694
252766
438611
406636
760312
383164
420333
794663
943554
456317
902534
170768
872162
267210
71258
509113
854258
147454
781636
611656
103513
565747
107414
714703
101163
937705
11332
912255
548634
946076
973395
244715
438685
131565
540758
302276
967970
895086
255182
972054
858471
859325
546391
110017
569477
947428
343174
423358
561584
9310
73142
442394
764644
46069
284688
543878
887609
338554
367851
473435
142824
613170
695882
868801
164578
661902
753681
434049
968113
819428
779553
905583
22449
119760
599886
531933
695411
284512
825459
47061
56002
668547
480108
862771
535371
162902
169125
812414
322450
853396
440222
914341
833210
265285
929408
903953
628423
320663
394945
552338
254031
50507
982136
43881
983020
720373
924977
444480
785669
256292
325779
190413
817001
669954
408793
401
326773
805891
744866
79249
79654
191489
48562
386236
447954
484859
445639
354995
895645
320712
126153
963916
123284
641580
147452
23432
29736
430176
71731
875009
659870
301456
431584
94556
763603
758385
992598
606014
659035
570313
50455
53576
104562
140499
881004
622550
527496
207824
824837
504070
856613
544882
927675
283507
949830
948426
554826
842464
341020
722374
961865
77993
547406
106130
64252
492781
642777
160713
587685
978266
895793
158520
653187
487468
349052
364121
966226
639387
801620
129036
630418
430316
292925
274705
373540
887752
669970
40585
71980
913728
256680
832994
713901
297571
480018
789291
402393
31213
151457
966866
441849
526595
770692
303281
264013
362583
5398
66405
668505
989350
972627
39291
606827
654907
119921
442736
320733
948917
867642
245999
232568
532087
607696
482356
402671
702867
207843
68010
813407
193789
742832
214565
661591
738151
236336
189138
97857
573492
576159
215244
553678
861625
188385
942186
56246
518493
80708
352309
992771
234058
783584
49781
921988
268500
195054
654236
960569
533617
142654
944042
509082
396277
829696
693864
349803
489323
424828
512576
128185
267774
122921
454951
619568
470785
675533
706643
777333
940640
556682
329321
645759
42200
13517
496295
162170
544461
984915
168440
75993
760465
678788
984930
176082
945775
716719
197106
705991
875364
234199
704494
269634
453847
654771
540611
390086
849601
194548
480135
731680
373207
154147
493247
855644
579130
514670
189077
105700
900908
694073
674187
519163
633269
298057
99496
422539
604174
298338
120960
263026
78697
163608
527311
362767
402785
250987
588810
683435
89222
683877
430983
501840
174786
777945
987101
841340
561150
579767
687437
618935
325418
282886
94739
894870
975871
24206
286259
348602
423808
721801
649864
80089
24697
183169
810259
589286
536578
559994
278217
738929
61608
812613
162498
128579
895034
18381
686024
689639
249901
301392
65600
625984
690616
150544
572408
469040
404519
504425
363611
585078
216814
513170
669611
495691
970669
332734
175715
71180
597117
89520
424185
433778
446689
355793
254147
516135
825135
304838
485256
687910
543406
863955
304761
298863
181808
192984
85910
116180
714119
616254
196234
443856
690076
188015
390376
653137
415775
148483
469177
554301
367708
527148
100620
734228
309632
55109
663735
887873
665785
702992
286224
216126
460103
183405
193447
431660
210372
817566
23047
842950
896747
520456
210706
860811
227534
5443
279601
35174
127408
911822
639263
775332
75143
450706
134202
753610
644757
955640
339660
772090
707948
842372
557425
760607
256021
168211
650828
833574
116273
195109
536410
892612
437148
458650
267873
676977
604005
497241
871334
93991
998905
290722
607763
983732
404706
960715
225207
320487
257096
996297
479455
845552
367278
610960
913815
40124
368295
901447
373444
557429
383534
868477
836621
834429
650788
833007
614169
698174
334143
291415
817904
336160
38363
308469
870798
20046
512750
582569
398250
698834
497167
853866
667416
140165
12765
544183
871552
8008
446739
95093
342966
54211
138245
725478
439465
81059
496323
716453
403647
249624
678660
877713
420896
813150
961418
957831
599278
883762
807478
933330
109356
858743
397291
693382
336848
170259
569482
271707
861114
212727
78338
603586
72574
503620
850318
867080
212850
952673
668753
404860
542878
506351
832894
971517
125089
276239
129783
792391
556818
225240
946379
681460
414998
253615
326942
883734
606689
561478
930449
185933
836928
224369
995484
493849
22568
961602
112858
769642
609468
488310
820577
337719
285244
549269
239211
748361
786976
783929
56381
324609
369383
721159
505809
657789
560349
959113
728615
931091
354846
789380
612684
723395
585376
274041
547616
845966
640483
427506
259449
272240
84648
384161
119271
835936
224582
148633
500198
456159
840443
492358
701294
36629
789041
195746
350975
826743
404654
830768
393682
292415
191873
874898
61216
771783
590916
417907
989217
748407
166829
961335
46684
458970
779532
238427
252586
941817
829644
603744
703937
105265
945674
572683
408927
500581
661970
855589
464855
530695
630589
255232
449599
675644
188632
542575
507897
233044
528584
573628
810604
821536
735521
28570
663792
630851
113387
349585
720617
292671
500305
392588
894100
342023
919871
832239
55156
274798
820642
733153
37697
94059
367169
951397
542300
622317
148100
706719
746314
298039
8354
412096
168599
223778
580797
932537
714388
488104
916644
630448
705497
734272
671779
371106
394341
720102
1284
675993
120159
705660
534555
489230
675130
382937
417448
222082
730679
824627
521862
608350
74176
444352
192016
943996
839999
47838
724913
850172
894762
997583
117557
886942
990223
810437
209406
374306
11779
231314
997423
734851
281074
304575
668020
176039
176682
786526
580229
312543
904035
914442
320181
840633
670254
847641
187903
771570
624796
880882
336450
805747
211208
602511
313182
295823
178841
888210
901917
840604
397187
472879
245279
39078
448408
638544
320536
50596
744419
926280
971220
961632
438034
189490
861034
676390
565863
92269
157235
729517
690623
347288
513435
681050
650607
372876
889688
145567
440435
406110
901178
112673
750669
576883
488605
40951
603222
527320
325581
886369
983598
837874
667351
882782
43846
922049
326622
104527
623315
128747
56333
557007
23884
893973
450024
974350
332690
46261
438299
355774
262693
212894
164717
755966
689144
640194
514571
119888
200154
483522
319589
685441
591808
779006
72229
20052
147453
890470
73245
569281
812318
811909
752409
807938
753313
189852
716326
110172
669386
721287
476992
156427
642278
849938
38361
726190
621465
841826
777878
299012
500358
316598
357513
671222
277427
31445
642802
726497
692801
835783
870968
342334
764879
769773
174611
561356
322260
882837
974305
527812
986329
517630
512605
577877
934270
749316
522731
964691
291588
73563
266899
53434
929506
937551
172446
529876
579633
614903
555525
482424
739622
93657
499243
768090
272285
747225
169396
311703
620819
306239
718991
837842
569521
72357
738352
881106
141521
256661
882471
592985
582396
935995
126844
678123
461925
414430
844792
689534
897563
343979
264649
277258
711266
996684
99985
750790
33545
644720
560399
355289
694828
49160
795787
31056
340216
554181
6525
762033
479519
537379
15853
840785
91984
33426
326689
366752
437172
237070
279469
447273
581865
72376
55349
954132
144579
223255
695259
922308
142140
425893
639775
985525
54684
554058
407382
930833
177409
5348
109636
748239
567033
903051
928336
139720
54787
96125
421554
424573
707536
933679
462688
542387
806496
527456
179645
141126
959595
789
385163
810140
341569
87574
874606
633850
563867
914617
516444
208652
726978
665273
579834
78698
162515
603755
674198
163931
133469
735954
805858
301231
989737
463391
377388
599431
444756
171273
46433
741638
13733
302640
921420
662372
128624
158283
445779
688118
815355
128188
889319
425356
519398
247206
565033
748375
669684
262035
961383
881718
602670
891821
559475
196441
14534
613846
80949
87717
577172
391537
936241
713322
866692
659423
982579
624701
527834
282541
787931
378025
840401
102946
648032
719023
338750
503889
469978
708766
857917
248943
298548
324438
923744
334215
229806
25742
749517
341048
630559
803305
749600
897299
437348
518218
932641
455502
632472
30824
288296
879205
638455
13010
286816
944751
293632
489216
399598
341934
852431
924219
500298
24391
678901
581425
391968
548933
263605
219320
954641
428887
603581
652264
933952
727131
203413
716
146894
936854
855823
164525
680917
233580
186578
263473
269359
37820
800664
123052
453869
986350
670541
315217
318352
115301
381230
106991
990713
719460
247617
854569
506456
256952
844403
20909
239223
223090
415214
56515
615091
103395
481188
431508
459502
229918
362510
515946
586646
253494
624373
940538
653290
905944
70368
566806
631034
354424
953238
381147
540986
411852
715267
727580
556732
451639
854741
856730
929584
944095
184220
335946
436860
560695
392382
95056
405215
200469
125524
413466
813616
206202
35766
876561
528227
158286
661879
455661
207469
605699
905851
691864
838550
383069
471084
869099
411149
568319
236568
439508
729993
67240
131743
464689
680238
820736
842457
614541
228471
832163
866428
494012
33323
118461
912788
13639
118362
303219
645759
697991
250082
790260
836553
295753
512300
495654
135241
421119
570992
410523
407883
231348
661448
136371
881904
196688
409389
55332
289880
198130
14515
9200
574839
627259
402275
316375
374649
973145
182935
193717
430055
345828
984442
357841
297754
8451
599705
839208
776487
31994
749158
940180
328774
892075
610860
535522
871265
543596
15447
653778
435734
387050
224273
647222
388632
44768
415990
54047
746671
457230
93821
549622
512584
887818
564195
104660
494158
822648
731873
210047
383791
394084
944968
316602
481803
400155
571214
150495
825531
503570
275236
801643
75202
441534
707784
490614
483012
848768
896505
706058
982681
490454
399109
257695
415439
884927
407963
577020
324554
221147
781687
269120
758996
803133
478645
44145
44661
992093
309559
130351
292303
796069
811088
394775
87575
492216
805676
880651
669184
412911
732442
537494
432213
49299
679726
2347
609029
244800
768980
680583
446770
121265
472826
113762
643576
410961
108077
647837
436244
712072
971951
178450
37552
79588
316005
940397
314110
260666
633464
853347
105800
863492
628544
772523
95040
168833
94953
821802
728184
769251
324135
596723
977423
337202
37352
262508
445107
121889
113136
509757
351379
585261
998223
359339
888843
475359
48324
363514
563256
641006
647822
901260
209534
163920
145105
381409
904382
140868
968817
624944
991893
728871
789762
931913
663502
278872
345730
950212
171398
63262
78980
603014
693298
57132
784724
893775
826454
529809
913765
669349
879930
831574
999742
150310
244064
38591
763308
878882
586460
314933
261245
128979
981906
468461
897899
598306
128515
30970
26158
274895
688331
32799
604131
420335
935816
895100
234005
982653
84388
637048
259215
161637
18927
905850
35892
516248
914858
153749
352016
921727
410809
757469
18371
731706
270522
709181
804726
200340
615491
211006
753781
688293
447214
219722
309729
438672
482810
782002
323071
783953
838971
453262
297674
792190
659764
838622
136982
654776
686867
228426
913300
274012
608583
314841
559855
116804
961119
273159
627397
209519
259550
455329
292391
908438
705307
104480
735437
720268
303496
687283
345344
95754
991057
922573
101952
568472
404645
363725
62447
756539
821079
257365
92345
693510
674008
39711
56483
839408
672855
448171
843037
636693
398821
221238
522127
677074
401542
772241
300489
473213
803264
617727
272002
456326
722944
894092
206197
497869
249854
841809
336461
801352
589156
410505
454422
230084
745145
406082
213567
826218
10672
227632
776558
524436
821650
806097
59480
353477
610908
642210
378207
245631
793896
109279
874415
794385
851004
98968
777205
271381
269052
855110
811890
346469
533479
973046
52756
979735
456939
268276
942158
40978
887860
705063
102264
450986
744127
100752
805793
707523
271388
31174
471609
870197
710988
138652
439041
127312
112797
175672
705883
960267
911639
693170
652485
801372
773801
397635
358362
336313
183198
234484
642774
480648
327771
551829
860074
631775
122628
257118
433464
948655
396727
169758
938054
965654
153134
14856
9846
481126
238085
333368
820277
449123
209322
570665
240878
435589
129898
414847
715436
732724
69174
685876
331208
833272
282499
249959
555160
609529
730416
585195
532876
369738
931026
486058
951443
313782
361465
141844
777681
213801
738802
105513
892965
683070
447944
660728
530473
950607
415774
729679
850377
52045
229702
884246
239709
862676
372605
443320
230343
585863
561007
976079
134490
532304
320186
905322
913445
83038
409225
191052
748234
440755
113462
584757
247564
816228
807346
988263
762993
388851
386156
47415
954397
801172
910643
604381
962301
198543
427915
494828
197473
742310
626659
770412
684773
499618
125441
305214
786483
973743
18060
663363
482728
408237
331016
280463
740303
731103
312761
242183
826807
171710
594954
529834
793894
289987
989341
628905
679159
117938
984951
654941
28836
283296
338140
242
107853
126936
262305
933616
838888
867355
32323
233609
520183
778372
567129
608572
561151
970905
475297
373606
790603
681461
133543
63535
310577
396247
615726
963818
690952
538981
404148
287879
875372
120271
415493
703529
402776
644856
36207
373939
551141
950942
708681
22202
114438
303724
305433
921070
781257
320935
365919
252253
241602
534220
672201
823802
196758
103146
895653
943021
105598
795073
706550
181250
499549
712008
869930
384959
126195
402295
677895
783290
572055
962785
480090
126655
491407
420630
721977
480942
937742
376312
91251
363189
19502
52268
805705
685539
108169
436214
986697
194793
619348
816034
650867
802561
198891
486392
240312
298450
659350
638093
909727
288152
982391
236008
198031
730515
134119
40325
56401
94768
868297
6788
294715
152943
1812
68990
223818
995803
340441
288810
990987
149268
523542
240996
204714
936126
334818
520160
330308
364818
19725
873392
135183
394990
695197
335008
120251
207282
230734
377797
350737
316684
757735
677304
582401
289582
689000
577200
567012
65892
683593
191289
2842
407405
930899
936950
110920
377252
406249
664074
771039
255087
435231
127033
946843
58536
467589
305413
874940
157661
810828
174010
980987
760760
926548
15838
898124
557810
731605
379461
366998
506550
106125
562830
688645
313368
978655
295109
726605
733402
928730
871277
804305
192581
163114
97618
249204
897796
341865
349895
168260
551317
581651
359543
975451
125802
761459
589332
423387
525141
4504
202993
313276
451869
526759
796948
324251
590426
111035
96917
442765
548022
253253
702739
909233
792704
101754
629118
49152
152658
5314
710173
328070
677342
660387
24426
730414
411748
453262
332950
684329
669412
359914
216136
667806
590872
40596
913206
390753
797803
790850
921458
803006
978506
716149
10670
204238
622741
247205
412839
996089
859855
103378
251814
180662
981030
130026
613708
327655
793538
210176
85599
497688
183458
476021
758404
901506
21986
34739
816878
319879
13949
596658
657119
604802
365094
480126
611495
815666
696032
62722
342475
815488
107962
494754
69645
133760
588936
885702
520655
649229
742201
163545
509736
33649
422446
141109
398087
608798
26446
179296
335557
225763
976021
25139
873556
722931
329378
810365
587795
796848
847297
127568
441274
903302
17957
672279
74510
897529
510393
447160
969440
436955
693210
784537
70916
93297
189361
520874
771323
836385
841440
830193
617695
956133
644423
698273
28337
207770
828531
20280
788275
479416
259035
513704
708677
240262
214854
124697
40330
586208
201136
764256
178629
993155
337748
758303
418449
793633
508539
616461
476754
985923
270674
639957
29170
860254
605102
945785
395745
929859
298672
381415
866941
78662
746744
171873
857766
59223
494983
105397
130931
184651
696222
341094
206073
543540
441230
711682
65000
210927
825309
672523
125940
704259
903098
558622
864231
903618
464583
110994
744368
177121
619445
428665
803076
126712
431805
566296
785809
398400
462457
284596
940966
169989
486372
335338
462619
607959
785072
575785
821578
163624
554489
124919
179797
26676
467758
12425
968073
879811
752986
45088
811163
731221
32825
871985
467859
98057
646621
436301
830033
962303
49273
834139
852439
489704
548401
762571
197314
833378
317255
348027
281929
892153
530859
470473
51685
527807
158536
999708
812693
843303
132604
361770
233396
10345
453371
626174
517121
703914
763611
650803
447332
967863
789865
862971
618346
448832
113099
62857
156331
476059
437034
689244
396889
607710
743545
538137
580737
468819
388133
293762
170760
277347
226837
500231
575501
160603
423439
340685
514928
323979
170677
587133
662906
66682
852539
829669
257939
562378
491514
670827
975528
703094
333242
291484
595046
470372
90195
956246
606015
766706
89631
969557
959236
746255
715663
175600
788160
64535
704105
577662
589729
357813
449913
275458
858374
807211
956836
366993
499036
317001
931535
849988
583333
846288
538384
356366
454483
832499
209287
850779
3719
423930
241506
66473
509723
1584
379960
523292
448485
344075
980649
997132
350272
772411
452183
761276
133515
955243
47957
887725
775410
318187
570683
165987
760705
745893
149862
378274
571829
473173
253642
630398
228062
907873
11526
419088
130340
783317
309268
268340
116878
697972
985859
1579
308632
871508
130324
30379
199082
712754
587703
46258
64043
266245
862434
497202
961500
419939
246747
191836
450095
333815
22134
727707
640710
669257
413926
71814
270058
747316
206837
53045
654023
542926
416217
260063
179659
587690
689109
261328
565072
984958
858672
309728
117476
241960
785667
278465
673517
896473
115011
636219
694821
730684
441547
918011
944985
911873
141611
738946
642834
197824
381980
843374
956815
203776
329975
742899
962186
685603
901486
758889
270383
532686
803542
638726
995605
953321
252663
101088
436777
308847
520181
611357
294931
964055
15264
95574
220129
22549
281937
55749
443600
52405
171102
907816
873255
721258
704911
677107
85200
522573
650093
781953
653657
155648
956222
391941
3020
490004
247932
110409
927792
419514
932134
316502
720587
35582
765764
136735
91483
764037
513876
18037
231583
934254
181218
86424
810304
799238
135038
898617
468652
941136
938579
867477
185832
287550
977994
333087
994288
426546
555617
139296
170142
22272
316105
869122
424493
554129
309324
608723
280635
926989
972230
665120
153364
690854
733328
786969
410
116348
596183
360162
915943
968208
287934
922931
185526
884076
651680
452088
712602
857193
688031
48395
319317
148517
252202
413968
955919
483392
923300
263507
457317
356477
846194
162776
452323
489134
424389
793844
156763
661361
426406
107792
537417
487582
22504
697647
444113
529895
781356
391675
680046
621915
635157
968639
909556
94908
18032
390016
557048
406606
787349
576967
541335
152174
323895
176643
136250
285361
887563
955871
470762
734109
878116
661693
585852
816958
674192
127576
804261
859333
659156
594833
398055
335329
513633
815856
803046
802565
373650
845709
388121
115518
95690
969362
914585
959627
91036
357470
648209
65894
413194
167055
405619
992831
679552
563013
67093
356622
593706
288202
772032
256991
828213
664153
170530
419388
897419
965411
656146
683843
881855
792045
485281
292741
542033
79186
919039
487823
899910
314581
448161
202083
274412
952643
393170
443988
387764
174708
286867
198650
268579
280710
861063
999317
69861
268011
677611
328802
172820
659328
344506
293961
61543
215804
269973
158637
768421
312682
885016
105915
221527
18646
463548
804642
470324
137895
873576
775977
762799
797543
513077
537920
670747
309682
847355
145032
9538
736805
402890
601387
907244
655454
740313
8669
542841
927517
529645
66290
347770
366806
520521
402712
655383
1355
418363
497089
714153
752809
861233
823269
154684
879397
451547
487719
408020
630636
687465
79519
249867
488038
640251
154815
877490
369643
418132
329305
911016
423540
993164
571637
106092
902877
233053
394485
950380
981132
958328
759028
97707
511481
14998
644027
161100
102224
996013
844522
179999
582358
502548
986068
848418
636429
20401
834112
604489
799763
277025
345461
862335
259610
283461
430494
686756
467241
674220
240084
221493
894598
34799
542548
409249
978445
289193
810018
808978
555705
800364
947041
457024
504875
606512
887107
604260
358145
827158
378642
425002
418131
275446
546626
265035
553490
536192
496399
449148
306001
440121
927207
91137
588586
718604
407739
213736
651177
196953
767967
412758
960729
227778
499549
583858
112098
371463
440766
448912
478971
537169
896994
203535
394801
155751
953325
880422
485132
433724
973781
412094
8198
35612
898816
497976
931121
554170
961021
558841
13076
707031
171701
177482
653765
252223
25472
810731
63609
947171
221079
135932
512440
497650
545903
214176
34261
60073
170367
325503
499706
143687
593941
709933
148401
533725
398841
143834
904402
9241
998900
808157
987215
176194
881675
606217
394660
336922
686574
585486
416592
315653
648527
86939
309432
222950
606202
188058
523759
428019
24480
658284
790703
263806
11897
12069
293156
518937
5924
605760
376201
962871
63160
589471
913511
471173
415679
573402
459496
927901
349850
828378
627506
322979
784408
237254
648147
262633
748207
504421
905974
744050
863547
503219
674059
67796
214638
723581
637703
805970
506083
289498
717219
664126
832932
426592
742722
889120
846562
845226
63866
525432
31620
691506
258500
883350
900666
495717
823660
313251
682727
753666
700759
220066
726671
388531
942603
865728
832191
724423
623391
403811
665716
214744
213740
355968
657319
284104
424679
176089
152962
743333
806403
252070
510247
454167
977426
385859
281679
982078
480670
391092
447995
79982
120779
89825
426115
590754
287553
599364
160320
418759
282155
431844
233251
53932
734074
516547
30775
504739
617463
149549
760662
103839
480723
123572
931565
101028
707881
609708
747924
196482
196933
251430
777296
173572
832095
957836
361266
854618
213363
230495
385051
327566
739608
209893
417639
491876
736652
19610
113564
671368
806012
523158
253207
898639
248929
164392
590381
804110
70118
791961
26297
127181
261028
398559
538068
170152
907617
254720
846436
263246
490446
556236
37052
411411
535253
947733
704796
126370
339164
973693
111063
230638
278568
772874
771589
338970
351244
143081
811982
857890
319521
308861
163555
658856
435848
566444
452274
471756
16108
495819
117045
732238
184926
87773
113587
668181
341526
895812
964623
57788
509223
140653
627556
716632
356386
437282
323488
403549
23146
136966
500334
506770
483609
126545
157830
476620
764324
763616
492674
258264
338994
480786
146909
992016
552161
686651
752817
841357
281999
414848
218794
767861
521935
40509
155343
122911
666614
203070
605344
401952
87082
845745
36520
346266
620289
654621
294294
709315
86445
586182
759429
357242
314044
577053
459600
342265
236813
83873
627317
992804
301488
127182
968021
72348
702948
878531
136722
301834
416695
650297
385421
329006
534247
391454
841931
262113
583422
343044
61556
410700
655416
720416
8265
511536
779961
943566
666636
41880
308785
503068
292442
584225
798273
920197
783337
49158
352302
573500
298948
853630
559825
241927
8365
876293
82667
19043
126169
732455
185411
933114
512018
657198
992242
439029
652614
44881
61298
920114
525579
470296
496645
28996
144167
689821
920273
481837
440765
124345
994560
214272
420072
64490
607958
574294
104762
622030
454228
505742
238766
817102
835565
861009
783920
615625
824180
12756
723610
695230
832684
417999
200828
565558
452044
649081
691847
350236
637393
917099
716355
133975
224258
671512
98434
4359
916807
924652
560172
112504
153826
94884
793437
333007
914930
373566
169563
214300
817413
585122
933225
442914
938362
34175
914157
319652
546421
810433
356211
689702
7272
724871
60912
698117
428839
310973
399326
99664
184714
272467
395480
831786
174650
980471
848792
493847
298195
9700
598564
140044
502843
322080
51882
578585
942234
75093
527226
943358
325057
365084
158126
912585
338526
780522
20511
755438
363558
606720
531486
626784
871867
638003
687375
628722
111582
553728
147746
986415
428123
732291
195707
776947
27849
872463
805015
215639
19522
83804
830690
482894
144104
514081
974679
829182
603874
443784
734983
570853
110483
527071
862104
38202
839193
615215
652993
828044
502275
157500
721489
594332
5928
593611
592441
164185
847406
123463
356900
980052
108289
393719
420877
227421
727105
171324
107301
667602
206048
609445
147551
643552
796948
88006
62892
893535
686587
389266
366457
313369
755791
462361
964384
390066
114545
863577
314385
929261
810126
303453
266158
863936
215120
781523
825378
930808
987083
245750
556881
576959
278049
274544
398566
824095
170130
5324
761888
564819
773474
339203
875121
322684
26602
644906
561981
851485
214255
609196
340883
853173
784956
264597
192033
519502
638342
450536
654566
11644
954094
556812
775161
661524
803635
591914
531601
736280
186780
571340
425563
66750
549490
116445
678419
596475
607709
274979
393978
79645
265313
429603
168231
554323
693846
328746
645399
720434
687373
643771
372527
332818
262408
754873
759722
648695
773648
637446
455616
553428
611904
11389
373520
696507
701947
376042
835722
942610
688233
817985
512583
587695
458658
252182
642320
203717
679811
340385
558729
476568
624942
296065
96588
514930
951766
165370
790773
977713
373928
107924
562813
931945
47324
913578
41227
525361
250798
724910
689702
436048
852148
630035
559186
340576
532133
301159
402309
578230
161598
498130
118354
579536
760680
286660
927504
366958
458283
83898
659446
52276
914458
253457
90113
74246
770482
103774
616817
812929
598637
38873
292540
658943
683894
272558
794798
871546
112858
484992
533521
305576
101265
517639
872574
381958
507637
564301
807966
114532
368086
996991
125078
425556
41499
348230
281509
710210
244233
363899
560352
833275
21738
454271
520571
719559
391772
107453
577122
846120
702418
735718
634092
211716
984645
145286
138265
316292
429737
976071
424831
256831
417053
456127
663799
30020
489828
397227
517433
571320
432356
953125
991700
516736
927562
819108
307724
547128
111594
40785
839765
315008
997171
575550
292609
950594
357785
859131
941634
228355
711130
220110
295638
201173
581047
922499
944230
852667
811813
774884
741833
392735
736997
504381
178020
464332
824682
253398
276118
505028
930367
30496
364640
131810
857661
886590
266233
751680
514527
422868
106885
517150
660119
369999
836080
740780
718447
784187
523259
763285
45115
722612
933441
204504
705490
337970
745864
469845
794681
330793
747744
754940
441116
329353
733622
138232
625027
399040
854017
979915
802460
225881
41374
612159
378887
432973
34716
71024
102075
487877
601411
702165
873822
513220
119824
872106
451089
288937
910879
86249
814301
936566
519668
378196
771572
576406
522694
792003
158092
324313
124736
716165
188368
135418
350922
291294
930530
144710
799679
811231
432801
222649
493077
717404
265609
943299
704353
527772
802766
540029
238904
461034
41821
325890
623889
475655
562512
602808
402131
985992
643894
937765
550613
862153
250581
889131
397729
467849
428113
657444
880248
895067
960905
392951
893002
961763
719178
415786
584993
601083
689262
709805
939110
950592
249998
244616
535121
746131
689608
520816
679247
268557
252279
776607
586732
552222
795913
660974
475079
322901
793298
481274
359882
617354
938761
404911
533928
198372
595948
961641
31361
511468
170269
733921
632934
411047
419870
355132
508164
407164
62971
409197
834136
544180
784506
543470
185354
497154
634329
134785
818316
496075
640854
169104
310398
126135
656111
932646
210461
604950
318255
659490
240069
401794
556925
908981
108226
637931
933311
769170
333512
368562
218970
960012
496550
820462
276998
853949
534904
172194
348509
270963
132066
285626
265895
270909
438440
855409
30293
31884
770643
76100
621825
273915
601360
199873
546050
231859
590313
797943
934652
563127
8569
5770
47799
429323
191493
407885
167301
113945
181194
676142
671944
702097
459483
720893
991779
728471
226886
52
310830
953921
984241
814209
831758
903982
469799
15643
554597
933859
843178
809789
480980
837219
206023
93287
828445
738778
537773
959917
153042
678548
505586
570561
413203
945630
876843
442937
126055
599294
875210
476338
512211
932847
404364
76084
161967
501120
700818
686953
926807
791907
375377
583019
241585
908918
554867
941992
796186
64319
3767
402370
631378
23459
596516
329416
318152
536868
451423
910795
246963
846555
789886
127499
634535
93030
532712
589267
392526
532118
291384
266377
822737
899453
451408
927367
501447
402611
520829
890303
448367
383949
256088
736817
120340
475942
98537
122583
757463
927935
223528
454097
55672
734487
797518
367174
154061
18880
625146
100530
338643
496219
126480
689965
414481
334735
14808
695489
841045
698636
513498
703936
139160
492522
236980
914887
447975
489197
188869
450265
268599
199381
534386
307655
832609
42334
401840
633535
716975
248535
876685
304155
216301
770815
807192
327221
757402
242196
356937
169057
989520
774859
262572
129706
254803
453754
772259
506930
434657
687390
330795
633284
178662
810721
765333
44751
786322
296441
566564
280134
957314
146017
318163
289178
219619
309765
677467
521884
758409
663705
224906
381100
76610
719470
810517
336165
976502
290283
644672
541188
277867
23716
996673
79789
893267
417969
513381
942913
825322
721512
815821
88126
934799
846318
840924
732301
643679
610947
609304
820293
467357
404110
626486
221501
795217
512023
969038
548842
467287
538326
573653
565074
444805
948705
668489
902246
629921
875717
17833
801417
541162
943429
88486
98494
26383
265123
791197
495056
258650
846535
340655
505166
64084
748035
179500
138960
765605
252414
493531
731776
880669
164734
397242
351356
268701
264866
347600
349862
712772
708324
555006
367847
904192
555263
602169
99931
493018
805018
785753
369888
947534
648534
355846
725390
249876
209661
616218
884675
498873
616224
989186
428725
462362
182335
74331
942301
977370
755068
843587
208024
178250
337711
904606
809675
340667
695678
377112
765785
906392
441201
530116
716476
137763
386494
369056
211263
722098
632677
174184
976014
590231
310601
695274
460970
343853
674002
693881
541506
884208
843428
472117
761743
382909
58297
251158
998422
604206
752403
879852
863904
324661
651198
396235
856285
406625
112383
560812
347738
228409
876421
822211
201655
295602
78242
705363
788119
513216
835486
585898
162652
179608
854346
735023
686768
188620
520083
113473
830251
546680
419249
709297
193994
50035
284852
69395
505164
802679
531331
809033
805581
245304
791353
615228
581367
443180
780786
632696
191773
862880
50064
79856
873634
777985
75554
493029
246688
564127
695319
653932
409448
922624
876314
56720
297980
29476
11871
178261
300655
986448
578075
715077
375938
614641
534873
47039
876598
879111
912485
812757
265974
664800
462140
339131
549144
70505
949113
580039
998618
719695
235407
94240
726980
633768
378031
286366
8108
764244
9252
539616
460566
129036
488335
526519
22569
395737
686928
180356
294003
841516
559893
11028
300919
312128
167134
12595
407174
96007
232273
297096
534801
54271
198828
596631
508406
86862
157378
701714
670975
52642
753938
59308
110394
305326
467802
896572
70871
641393
598183
770132
264404
141552
527624
834126
517461
8146
924355
213057
549083
616092
582999
375246
401653
984194
949080
30339
777186
998599
285405
623628
844210
558707
432396
59512
828667
273329
822888
924663
188870
354246
701141
661653
290643
999497
297492
263069
296348
576081
725568
696438
229826
164627
905
148672
715237
456308
171184
385812
104482
714216
237516
69508
379900
972167
475906
14276
44570
601317
970574
562633
716063
134715
323194
150916
318697
792678
448542
887563
626245
283017
146373
437964
188930
354995
859435
72547
256255
673204
380195
825193
871272
304879
663148
990176
341712
75851
683700
661791
19683
448228
735643
446602
487016
457646
813182
258682
954638
715563
925789
721577
909265
282397
512170
835307
360142
316845
465035
725093
689896
120999
883998
168701
206986
315795
918194
593874
815181
645512
978856
396356
880252
77839
279937
373635
105956
688768
112241
670996
291223
160196
614184
7783
804321
752982
899251
106368
623754
82349
5631
2701
186316
432601
99726
503264
363324
637664
501351
296064
43397
710425
348478
169332
179179
831990
647070
571848
464272
583890
495318
209775
427692
74108
956020
464725
214735
615612
516664
95046
736018
950535
556844
980415
929021
545457
377968
950070
463676
179445
88522
25420
608999
39409
288212
587513
160309
61641
544531
958546
532310
141933
75871
304723
698216
822518
623772
218740
189017
242968
469435
642309
720323
276086
529436
217447
395489
254177
322338
490647
610394
966100
939109
832238
671745
284610
74745
363373
460685
464512
890825
978930
94462
172390
988876
357483
949070
729426
78274
963944
933414
155675
363132
227380
844710
225694
418383
20932
440855
604116
634243
670703
774478
602526
33789
71323
593156
69230
186733
210386
345949
290294
347969
786544
469060
159390
334136
44092
107361
393987
145628
416392
33438
450907
470249
826904
954448
98005
115675
703942
946265
337945
733362
309980
637499
932544
645278
248468
826728
642532
106919
275128
504754
507144
697091
786293
586821
881723
832779
838698
72271
582181
690701
248816
534028
661234
379161
709905
340275
10692
620833
439210
890996
843262
496176
489588
824723
311375
402156
871798
102394
155880
61505
206445
51334
687373
380150
352436
337238
713017
717937
157703
742822
252269
50854
156647
221123
952911
274262
405404
547612
337220
144515
14202
133941
153417
943789
421136
804203
68502
180655
510739
406568
455015
355622
767168
791004
659803
510213
445947
127849
224660
738992
726864
396888
707862
262924
153296
375498
914752
497757
64405
343115
55037
241906
187350
398502
909461
19172
519998
772498
787941
170945
227843
43904
490222
653699
358289
773936
827829
813829
22604
493509
243842
205368
152574
737228
859189
699713
467544
246270
404220
903408
449483
104371
971925
982689
850268
860248
706369
687899
290479
938750
165173
722311
921434
190457
423075
442156
278756
71503
470921
389657
917848
741603
387067
386443
562641
330294
802967
595356
427132
872205
233542
47583
994526
385470
956571
158240
843480
695354
688374
105724
294865
664808
913413
286181
275556
198917
800810
936353
918259
18524
603004
437777
803057
21627
791695
483593
193157
501047
667925
321662
93468
132161
507850
376387
162235
672263
416349
782396
832982
530751
987168
589834
317960
200616
531956
287330
511298
161895
954402
249295
478584
224887
699106
519449
921790
562689
373378
944948
902123
195570
917457
641676
930663
817260
270446
560242
400355
255003
870396
262550
359162
39253
600253
305444
118054
744604
56275
47517
411994
219295
578917
706233
392699
782652
577736
455318
515084
698075
685707
387952
649533
159913
424246
398149
424995
579968
140778
948054
513239
68751
587179
507394
476489
328920
325707
508312
721649
23975
74661
313025
914441
819868
20643
553942
962351
450582
462356
285525
412670
298042
256444
383101
10071
835571
274790
967214
109400
438655
659821
393353
319075
846551
767180
426905
206916
552018
900235
230941
522982
743503
114506
531988
400845
809035
206760
780733
199685
215004
506370
715636
671892
800055
911619
346107
502162
172609
965839
2632
941635
450904
865063
352433
499977
554910
140904
188041
217904
859666
647670
257755
421755
226429
146801
480714
478994
498851
17430
215085
733896
271860
73581
169705
629114
718460
793011
770089
132644
462328
518639
714087
779068
735936
260633
138275
162916
966178
336819
821032
554699
204483
575280
186165
130876
125661
457569
138378
268282
748162
842025
469654
313575
782934
838705
746255
428565
604613
726586
686367
510060
18355
621963
311777
395356
637822
768207
9344
425189
32976
457462
851888
517679
684025
831824
265369
659379
687963
349160
792457
670320
306794
642427
36037
931020
932780
841417
345180
647447
106481
341507
491857
779577
768468
575208
221647
985270
269490
247506
242715
79655
991674
69891
197403
640031
575520
939261
925265
1931
146896
725771
970855
657065
947478
732304
884572
355405
214556
820497
634055
44706
760892
755431
986028
267072
180423
476838
766026
822637
338801
271359
175626
185207
421377
681313
793836
533395
464850
514404
537523
256769
995160
34880
399109
410269
615401
106559
365244
905990
392786
41250
695641
431651
937887
52245
542359
95543
768400
658867
89206
647111
211158
33052
502132
1131
20011
78818
252855
762999
517401
584577
14961
38118
264546
488097
514031
712030
573149
868952
925752
934037
645346
327440
414736
135832
930352
236926
784883
776172
200009
971485
130842
466394
675812
305353
559883
429191
789674
304813
738805
256487
625212
593751
986383
15735
533590
259552
113105
661382
828274
32062
251853
83201
777302
293396
957108
877805
696796
764886
596030
22156
460386
501713
364410
274687
353005
648646
636373
721554
751273
862863
678517
475416
198410
994451
493987
979987
791640
882167
475704
574870
536623
398006
771136
364386
661265
12124
409345
249174
895413
718808
162567
603632
995517
916423
118852
50022
14949
155276
890019
789244
244953
358507
729700
118345
811016
996451
858987
787251
991595
408741
294040
823348
710244
680604
115399
789975
406809
815207
847972
84728
367658
622973
591095
6785
503773
43456
645952
903980
972895
527564
55735
735902
573962
838501
863029
949587
481383
869353
78527
483311
560539
335970
332074
154493
154941
400321
849035
366493
521600
559575
933277
665510
806017
978326
692972
728386
5025
643749
427823
335092
197486
34503
910798
288125
174584
768448
286060
205272
516837
712188
263363
579780
209864
171857
599099
261625
88929
496304
58167
418375
372245
778564
720665
734405
554807
574575
422876
822275
565752
562670
365451
964390
936147
217224
54904
714132
673392
369944
891283
278966
803885
180387
184041
552504
295926
215469
717048
200351
84270
990532
811862
801748
718907
748277
729607
794061
100241
968923
717761
573277
679818
220244
830923
862210
41595
742731
23110
414308
373007
473569
148788
411252
558385
929943
917349
343531
391480
963485
844951
910272
240
630521
168514
579822
30423
370089
328147
18338
908190
127623
96952
754232
606410
471540
451496
149838
938469
263961
122519
947837
212028
367133
29541
907682
433935
304636
277833
543220
869906
20477
604941
521875
614091
636942
531911
234305
91850
578937
445019
647168
999506
686886
835230
776404
893459
311339
823227
567777
103041
981580
227448
898145
3121
952666
303510
386136
108607
786928
472793
619898
677128
82735
874506
823981
749217
677101
938586
198917
53898
79738
12179
837022
661338
78901
289352
91353
253501
427408
330887
134797
269796
913670
511436
470284
440148
569151
512429
928107
672714
530263
387130
353591
251307
797155
166200
442850
349474
318469
741807
723230
756705
801606
666906
791716
234028
977675
588086
786667
570690
769934
484266
857486
549979
185
491791
362431
565456
737603
715506
599719
109628
177572
749626
303733
135886
336792
66628
567828
976080
831599
956992
932492
60436
750093
443253
842951
186245
470096
485345
389775
830178
392708
950612
616039
634253
124236
353906
579494
603326
665133
312001
438909
909824
953168
870401
608213
558232
219999
324799
479216
293389
675405
33418
323629
815821
79641
450383
583436
325133
947871
471110
485072
818738
906109
124614
835024
857656
147412
897509
708170
946708
435465
397488
250246
217140
686939
373641
742661
332912
179896
176154
914445
607267
751147
476624
933376
865701
317073
32109
939335
643868
368518
762949
53969
759487
762970
886074
703508
729034
597911
927810
489894
332656
32165
503209
624597
14079
416835
6957
560209
240126
429321
100807
966057
260211
604109
177043
749237
28520
936347
909305
591599
8223
12062
736082
34291
152148
702339
912230
279085
892796
579380
653901
202277
672234
270249
5339
504641
984872
975570
877833
616271
895107
936149
659245
959380
344787
208110
893649
311193
291517
769993
562712
866764
99731
519227
921956
993227
140770
11572
224897
299592
558134
623162
764093
469290
619351
116603
232134
367787
943
25447
757151
642746
985208
892743
809913
884875
460207
699545
903768
465770
409848
512032
524934
136918
477130
341017
447624
187728
775191
821201
526769
914754
316717
536923
258158
727764
37747
121464
583195
608535
229961
702791
148134
452768
653830
243273
681209
877375
752155
742909
503577
899858
894055
818403
936343
990375
807371
192172
635594
86747
303721
337003
982945
129004
274136
523130
202657
633029
442154
578289
56840
259240
978495
908824
588434
21172
556952
348013
655796
718993
497024
766929
32063
416118
612311
16909
716174
618044
416749
63094
757296
107855
227001
650251
221276
312488
161417
348030
371995
486807
847012
978579
827912
965443
382824
416261
589119
265499
720817
302592
241207
268781
168141
532246
972096
606860
617557
488779
981416
407994
337756
211285
703032
482506
222603
341103
261200
541596
511902
675190
319618
633312
167621
462490
262880
556052
35748
284856
704424
24240
492117
625020
94243
252568
171694
668954
102534
747009
612593
915928
94210
958123
754283
10526
20510
990375
249376
683018
890667
643524
718532
15213
72968
861234
821126
145491
493035
837330
846783
15562
600740
645964
681833
434801
993502
200766
232335
107561
623946
440128
460321
123305
39451
486447
14470
625217
119228
827385
649092
678650
567163
65199
553430
307432
31856
287978
469303
915033
924623
867782
397592
370148
624923
71155
779819
894108
783926
888190
519280
854746
857952
845082
391378
480254
888694
177431
240227
477488
280216
494598
53120
489932
795582
538773
417055
257657
229116
366241
231790
434187
901400
131121
833917
455364
553531
810470
616111
828060
474326
411564
391666
518808
915477
33650
125612
674433
418447
404606
344562
445478
498151
873673
457632
461834
518890
21192
139919
227491
513142
475621
242419
424396
184331
860371
64834
542138
762653
689636
427442
469323
626644
439656
727594
446287
679317
410921
470501
538583
387898
250443
375960
891056
640049
333085
494794
147523
849133
96550
874702
13422
170560
422856
136233
187611
630401
21647
301226
520020
18570
679979
888643
85751
226900
460921
929281
743629
717435
985807
762654
667191
201461
244839
234194
716554
521268
597930
172100
211799
305431
851111
321462
427404
159630
961978
205183
722901
788552
644563
167196
728353
28457
478097
629355
505226
975984
851208
331214
680929
118655
897244
570387
890827
906355
976491
784062
700215
622516
502302
315056
166311
541880
705381
91244
291578
678946
282947
725096
238288
965032
875122
260397
867965
18456
630971
545609
472981
706791
672115
790408
607230
193739
415734
261753
379631
512591
382794
330601
589133
860512
647670
473760
451742
799579
968692
580620
83845
773090
347047
332673
419075
831417
16921
274572
364957
546099
273710
214007
506036
475526
336410
318175
726182
266703
509933
966985
129762
160074
750062
787326
99228
984165
839050
19901
931423
699028
322445
252912
926143
40487
793008
402889
922436
935218
666270
11765
235644
587886
894524
501396
184265
873385
213060
84001
271063
681526
304246
680110
514480
669080
713458
942335
926209
823088
88437
41972
954370
471083
921323
397953
53999
310147
360321
451337
813144
384194
611577
432334
779094
979262
719034
88633
496770
922231
41218
480237
584268
623742
48566
830183
603727
360463
800411
430422
584992
409518
997022
374731
455866
925530
748828
828930
667213
109000
991432
108123
713219
427869
164030
98657
955518
619093
667777
143691
59338
522373
657568
7219
883120
316596
577042
677191
354019
484039
820910
978270
782512
874104
544182
359071
154361
45486
250986
845627
738484
911235
806082
820628
279265
127950
367985
997916
77631
258584
713462
724205
3577
908035
46541
235687
4344
908259
645320
309481
417387
976414
297547
281260
912701
953436
192802
53544
389368
709272
940312
532111
427106
477877
554694
223494
80336
705596
790167
190809
422759
552842
800515
253245
253797
955622
422479
28631
786549
199728
973878
242310
59625
414068
812456
232730
300689
491349
550743
872466
290092
712064
613446
579962
353803
89003
333615
693992
37938
166414
146960
786368
917079
250057
998278
417049
780521
350470
286812
858814
402445
126544
739504
565645
968514
142061
455471
704796
829523
905079
975069
434608
873474
488092
227149
927423
8031
520991
492082
487598
531361
578329
201250
689230
284674
106883
765153
821111
470347
435505
317354
72348
622626
786183
652760
376950
769396
100367
156709
633779
741517
880132
599428
887754
57571
957664
777446
867706
383080
2140
330381
380241
448075
818543
346175
366253
338285
601549
808078
606317
124505
365025
970601
904474
554932
503228
182924
464784
131215
997514
591510
493500
633000
178398
53025
513069
243002
814017
795462
776861
49624
788582
855089
708024
658163
254218
434423
862084
346433
893444
19248
194152
825215
130455
142721
975605
309542
868324
569107
893237
245992
886377
497140
541687
809343
646402
470538
545363
948978
51206
847501
745503
333039
505332
399962
647709
423327
502640
626180
491811
286796
171789
969250
278713
608684
158852
399402
195666
645010
972978
395405
153113
817796
269270
567841
590590
41970
610179
176757
153974
864994
793718
562900
785203
950344
237317
72422
288666
295260
937988
193543
825672
553840
697797
382793
82233
157273
418264
642752
559302
536298
187411
274736
448227
479771
601026
745739
327377
205271
780945
292906
840450
346111
323609
746727
838657
846923
103576
376388
837729
296621
152750
889447
82927
999365
641776
670354
471937
989981
907891
659966
363189
733461
287152
388656
500735
432967
455946
144135
344428
822750
693741
931059
759562
623438
852984
343647
972857
154016
266656
265156
716094
255410
394258
613528
677082
945038
475982
48271
993774
1022
728902
600182
952492
284060
834970
880549
902901
327250
814420
289737
459159
269510
251788
144852
370320
581531
20236
168213
523993
424631
505058
460972
525250
20492
974032
16807
911454
520213
161712
696035
368882
942143
423956
179119
360533
103258
798496
52087
524038
436042
572100
623147
853014
840554
805928
682645
132211
208360
713915
461770
435436
910347
294649
326741
50018
498730
487250
958566
355437
734708
251513
747741
694672
252334
769486
414698
244789
82342
49447
606526
848753
103730
9959
835910
937113
814554
627620
533605
321846
141166
246478
25579
9005
796709
235471
600141
137728
710930
612166
303807
166545
509483
528630
747174
590117
462563
298041
601384
35064
789729
37253
215220
26347
65928
739125
531824
318010
62125
796300
766558
431733
719212
452998
881713
512883
639562
713032
67197
273503
253152
121587
807932
556057
167132
326977
698481
442491
780260
646947
330112
494126
322297
620279
557803
544200
861287
739797
223906
705937
941259
534190
599119
678903
992127
873560
89613
432271
126562
412763
826642
764246
864756
582554
445459
71006
714071
892112
867558
30783
43127
748397
573950
758794
853481
953112
398155
54134
302383
596857
795707
427841
335786
330633
3174
90318
959573
562654
592123
479041
819518
104554
825302
612490
66410
737953
170860
767279
311120
905374
320699
409471
658786
953073
623133
865430
494590
296501
211263
159283
381983
435389
543594
401899
467985
575719
127292
583386
649511
749987
73051
509890
378195
104822
710030
858292
20023
309764
569983
971298
334521
117860
8831
958252
190383
91011
940947
231036
521149
46579
997228
705113
524817
850299
543936
434071
391843
928523
310040
590299
251545
630007
343420
845420
459851
296800
191992
354266
224875
905952
271545
900964
449260
976483
652814
901839
856147
127372
287132
823725
183728
409838
378847
990802
894383
472281
9860
553836
677869
529775
477160
321737
161046
75022
321021
895652
224950
802676
877833
139526
481873
776769
563094
625847
593688
409144
639617
254021
495556
859729
17873
700188
334723
547740
183873
609569
680143
91066
56704
473920
563803
193700
210631
208383
948846
661304
335541
911257
325221
403757
923385
207749
417348
648747
962863
871187
24170
748319
306344
868758
666193
536555
890857
751877
256405
140064
930478
348274
594122
389549
801009
511296
397207
929077
212180
874297
911236
134525
933136
172789
497575
357640
6495
290744
109783
614771
573028
902776
23776
962292
396912
653603
303370
838160
714348
525202
55578
208327
488731
524688
579114
555083
617291
742458
405158
219883
304368
368310
682493
364027
847569
959440
693618
443945
932103
755094
717264
750812
764619
265544
167903
571870
419540
894303
485055
475198
256293
945118
528540
214458
290792
74159
687502
891454
470288
847682
458807
992590
983643
679394
392445
936688
362295
826949
318604
844427
894750
569142
496724
382364
600015
934559
180818
432117
540942
538819
274648
446114
730637
564818
832529
470505
714811
47967
730244
882049
512475
444394
712118
588944
422687
139187
651489
3387
259039
245290
69757
704586
413473
99194
461778
908888
256407
215022
727710
204593
73550
181508
222748
13981
748565
771806
437124
875035
705284
614163
567486
188200
950713
285278
597796
475927
14868
954346
352877
247351
143060
731646
924634
439448
104012
297847
387707
455916
226099
71206
846722
798688
308566
243302
991894
725412
38616
68348
128276
955099
224639
193015
811106
882742
878518
809474
71451
967860
32460
477891
744557
727398
133352
370711
132998
184368
22366
443076
49807
165749
263675
982045
65005
96246
368879
589212
832775
626464
326320
538080
727834
662186
93910
116180
659375
555019
316747
287212
749753
940177
136252
762072
897884
972515
242577
37556
353138
285133
950181
195422
578482
11154
365771
242325
949603
678776
329077
231089
94870
509003
996849
887819
267845
693758
851258
394629
165540
372469
731354
455736
524449
177041
980907
634001
552830
364153
25015
852366
603878
756553
145316
610513
798541
364202
856569
209932
482093
776152
783222
486409
145110
224750
492078
195174
393944
165401
611317
777161
44477
228987
752123
526642
79129
451546
656472
579611
18457
877155
831888
867748
174699
451076
515497
15366
261493
426444
722647
606194
321351
557765
724609
651336
284871
154075
752473
646535
30605
182651
283311
750524
498634
339087
45059
709896
186034
47865
934537
407860
976835
705035
739750
226870
252200
795287
260517
630780
645791
587562
117599
353549
948310
482451
224813
597349
999636
472462
495734
698314
771430
433697
2184
202273
888747
213934
270002
5803
667937
300958
806356
748918
164147
794163
442509
202467
493836
959044
312119
502403
481756
916979
317545
706765
360748
722434
669331
85043
632593
219991
232265
8814
897483
716128
862789
344438
509083
786653
433251
338936
376856
819334
707268
130698
671666
173373
196180
340876
671458
408487
252431
348703
18558
763647
699209
96951
644794
351217
410809
837240
525686
66797
947170
942344
595200
986317
657884
88568
63911
291272
165994
372401
300952
776392
539379
595927
776591
644366
321241
757510
356382
117979
256151
833210
254609
705620
948864
577342
635457
889736
155901
700307
722249
201700
722021
429745
666470
494043
134720
55217
407991
954638
106756
128577
816621
697461
655172
506231
507204
25632
343015
924748
184249
851837
106447
524258
969241
228942
199648
121623
59874
363392
961667
255428
548952
506691
796657
966410
43765
574954
566946
889931
398210
650879
771965
475247
38425
854608
401690
471368
799074
868629
522697
291577
550039
128813
97164
855315
132330
587415
677000
889093
675047
937828
979104
53628
711953
500969
493243
374964
857328
625859
104473
793591
449296
280590
287109
556798
104637
708729
763502
134431
510792
814067
556769
606110
411255
949538
460337
339529
116017
108146
672918
506501
432447
85810
816768
969527
196287
38684
205055
753504
645760
525102
846004
368621
472198
65842
726954
622167
999330
585220
990266
280883
744337
910222
739587
304110
247619
449725
833540
543762
405102
100231
961994
932162
81427
374536
435840
80779
555841
387291
405156
600203
210579
513653
592989
694542
755918
55483
644839
284540
234449
819231
731608
79893
256898
855486
175202
91896
690668
834455
842788
360788
481539
612209
531392
152887
302747
66168
494618
215938
131983
127853
955831
312406
800361
514383
667973
588760
538194
789868
792169
656240
494757
608758
299974
411782
160374
473808
647586
414521
929426
842166
153618
230000
180018
5720
433606
651320
806900
202462
293923
890116
253913
859047
619966
76727
535615
106388
60220
495172
81490
609223
643013
274908
465124
716798
970978
594916
678532
324824
10073
25371
481019
750151
414448
214753
106713
834474
923209
420290
805012
577078
230086
872949
255981
863623
32018
371519
296717
208889
584622
775146
420843
433080
969256
192042
56080
904426
591430
198104
858310
25807
480741
20280
2962
622315
242801
661675
323769
311042
965995
320011
911774
339494
949171
680159
825759
58133
351648
929117
905877
222521
981685
999674
350071
171522
260556
771547
546916
223412
187152
80846
32624
874934
945832
858752
925741
403570
162654
702396
407740
557066
831037
852956
661000
315056
394787
523672
744171
485372
897048
353906
926159
891455
378849
165878
173560
149508
912839
576910
92555
657494
721689
194619
140497
390717
389387
946564
411556
246617
158758
668361
922682
740150
2668
448129
893809
937526
883830
736657
316963
457925
704284
569335
252809
692614
758774
592190
561120
878698
300225
356889
400235
299886
689889
213839
906098
37783
130726
43014
571364
870056
253729
678393
801373
660533
70237
614643
688956
849219
174946
480267
596386
870411
835693
359445
755081
926708
752943
698657
517845
257177
890746
564085
588105
533031
917518
137898
546523
591243
505966
314785
222353
52348
544787
948657
140584
641491
869691
876919
675892
676056
993636
356984
92097
512688
240672
675747
877159
960253
395254
253669
466303
874977
860652
924078
521823
670416
193476
931267
892031
397878
31061
953017
895397
702783
50520
42005
665850
906873
71679
484473
706213
460327
33971
566467
842458
149384
465944
469166
93453
831128
706820
15482
489290
272917
190949
2454
15672
415711
417998
728316
85629
798772
94169
945190
267329
608505
630458
254627
529911
924148
68987
775316
968432
574429
887169
695640
259225
924317
122338
712394
942403
368374
461142
713028
311167
40278
490358
386415
772744
406323
168385
166838
767496
23085
749447
133381
539348
654622
865843
802289
132143
988204
595479
346363
449343
599379
422292
937145
252561
167041
372280
717646
108150
754979
251599
88975
271965
861250
720668
813105
48550
33403
651192
91084
221410
49126
81861
334743
300806
509289
224473
532348
552032
267667
357376
911597
965994
368263
963550
45550
443715
300227
795088
531109
13268
408222
547812
273842
743299
131323
216943
819165
61171
996146
155919
329542
441848
381621
506371
618038
380885
718442
439974
392029
470235
904930
769437
560004
105242
450390
768951
646673
688627
952804
741661
794553
734469
40013
470592
332310
211400
470545
536629
314517
957983
700188
588526
826269
11047
731345
59710
989334
992864
272547
71946
874990
46045
766623
353024
362179
969318
734125
318675
104076
409884
789334
634077
532331
24111
292290
897764
655777
519443
641620
466811
209486
860727
30397
953077
433623
423425
569512
172441
876606
815710
928217
403260
528805
935546
753804
949899
439303
114829
746082
956554
204801
368270
371065
646253
634228
34750
18157
888885
722462
641597
835536
643555
399142
902177
447942
508347
851283
410517
775655
866129
288149
742421
323976
948976
678878
940122
563198
382326
162229
446986
309930
255985
899984
660648
688175
364542
985975
786101
767013
121550
941975
116402
216188
204455
771485
84292
20217
620032
670760
147352
469282
159963
346760
14228
862405
782090
854268
812296
22301
162022
609505
739525
367832
433545
415661
239595
832041
621385
309840
178484
943049
756884
179634
47615
662723
959131
672105
71875
252195
579449
324750
902195
834799
11904
761806
498514
329096
350007
533957
580332
61680
225457
208746
64899
485821
625933
85973
416849
843333
622486
718006
210539
943634
338741
693467
561681
940402
593113
554513
372315
600219
280053
976972
273700
642129
174699
30786
325405
723803
199440
905469
633816
795581
569067
583833
382589
671304
325830
990192
237614
90662
535458
667245
918903
283397
685703
640091
744415
607624
834378
153456
351635
206746
62875
621630
622559
128230
188672
265181
569044
835246
739510
327091
783639
488060
301839
941141
512433
227149
620965
389626
819481
606458
761389
755339
987976
901654
8084
915473
437489
776640
256044
228331
119893
24809
911516
383774
997963
141548
180596
710388
38433
661131
275054
43971
834862
836594
293890
248743
56901
432227
52492
667934
427423
429419
931826
441288
285920
65628
427158
401443
101933
764848
493573
915177
696547
413497
271150
423586
296711
702627
841975
942772
10363
267061
636471
440144
393885
795974
298380
609694
657594
110586
834669
627733
558392
186746
31094
510216
461401
529103
462760
876204
543799
462494
670959
279442
19318
230966
502013
874252
588308
171011
343353
425868
668365
187173
228177
773304
317372
474373
962756
351144
348070
361100
346501
852215
595681
553774
970976
717868
983081
897039
579658
901742
1087
328509
900657
952452
570238
24875
365996
376835
829195
895799
399832
274637
34044
273081
821073
302622
545859
612313
338143
438333
250892
726735
593798
894911
208049
674200
323851
204466
636530
932682
881545
264493
532890
149894
759107
89967
763061
563384
664354
113762
245838
138776
866789
300030
436276
281653
44210
604240
244612
816746
765549
761350
69133
262484
147364
245310
694227
965792
892601
8236
633732
879721
222291
199728
53413
947285
615127
342307
47398
440352
612722
707121
225580
587669
904656
317939
475093
553831
223938
730707
853146
42334
254035
11199
306599
458067
834278
131836
308792
664344
410164
214052
347666
432851
116400
197671
38895
548484
724541
116053
645137
23106
282366
51131
295599
954259
945006
142286
987672
708478
473435
67926
802452
108160
736686
508876
297318
464871
58562
951581
142556
944836
838294
779609
731214
602102
664335
454960
130648
356178
639931
947088
772153
602909
860602
579073
13231
231901
684475
46697
19097
945189
706873
313735
635622
442589
148348
114640
766122
836925
68347
27631
826399
833991
261929
140285
688852
886564
923690
729773
339827
164670
502894
565818
463118
312656
157611
178233
590312
859183
743002
403523
916875
398544
850803
169886
510019
383066
719017
871617
800784
363129
493489
951604
115427
946309
437931
144898
842478
177311
596642
862674
724459
392761
185268
4373
964338
273872
404080
597629
653636
799266
18872
133388
127319
110541
782035
922093
967970
751149
320055
589780
37180
769187
360866
428854
17468
758456
192373
371803
752472
244094
937089
729014
87449
419672
557901
981378
253881
349485
139059
921728
218980
932963
577763
241853
65134
798221
434219
433074
135227
917525
272677
450124
190754
744304
882976
466967
708012
227800
868463
199350
383463
425431
313413
755495
380587
605072
18548
688629
724705
282326
349772
481435
313324
44395
598141
817533
436250
989893
980844
406879
356253
10963
613896
169792
311651
652527
990595
612079
445111
787865
634129
253884
126721
763632
733024
687984
269210
322814
448613
545488
883133
147273
970553
452564
424572
881198
834803
421191
53349
839567
847574
590253
629510
191876
488706
581106
889964
505983
845338
398641
296945
119630
791489
416709
99491
72762
822764
98769
675456
415916
87866
305381
683080
925545
580519
375706
594550
757858
290864
530248
266497
704086
762535
260116
256813
941905
446262
530089
694789
831324
79616
365046
594548
100211
589376
673712
684229
7759
369928
475293
448980
192802
329969
627376
808169
979420
130610
464403
962954
817499
634836
507784
886907
495840
426231
930424
332279
889966
900726
785801
98873
296256
117107
545008
299347
223897
959775
443917
633069
484213
554194
831640
705357
896029
417474
414620
758074
17704
393231
861774
826364
174278
267295
621882
277546
24970
522383
399506
430761
985961
648116
100693
364291
423693
230550
307150
469809
905089
560957
869340
142600
237698
556719
81187
319257
627139
392452
336369
279318
672085
931411
32119
683336
133399
262460
686372
645031
212370
848573
857588
401630
58590
829958
215482
154415
998561
822782
433076
540294
702966
222974
182663
407141
609869
987993
726106
783556
314476
575086
828897
115164
603418
417811
389123
263051
557642
71001
576761
542204
165535
889186
402732
675600
343430
249680
400903
573585
761111
943235
482538
722915
940317
689474
293676
968159
415703
798874
786957
136623
546025
347635
547028
965141
53340
489705
398600
111637
270734
458605
999336
696993
308355
997549
884497
323905
676234
514087
340916
879681
543534
355267
840536
109261
883369
948936
160394
488441
339573
502784
335223
621200
42044
3536
598238
931132
854820
361451
381574
396932
740036
174109
627701
378151
375649
803944
141059
799992
709324
935797
854566
403229
685855
708722
17878
507238
216233
804023
69480
712542
570386
367903
756478
336674
110579
252442
838338
576516
555509
963843
689969
200066
971402
95252
83681
119400
901224
783099
126102
350105
392959
224367
851439
352844
906255
645331
506372
546787
594105
743590
708148
339074
832759
452029
121511
101968
810070
73058
481276
462255
450623
301596
423900
612801
509212
43002
945051
121766
548204
865191
953178
566312
180290
712055
724136
841972
812240
463834
679129
761061
606922
524586
564813
222748
860931
337656
821647
490350
122288
316885
848588
335528
414069
337393
253697
122840
869769
84642
432025
46496
808365
110956
263403
343707
3929
593872
495459
188147
100228
888009
754376
808383
276075
520527
443646
724210
87033
366328
286659
36777
781491
904333
151588
127793
647160
947938
917426
571883
679837
305563
811022
495525
108971
501630
250732
23287
894539
355460
715106
739866
639554
510069
663767
244230
414200
335110
44556
863055
784442
525550
678713
528352
472804
961468
899760
320881
336159
479541
294322
811714
872797
758913
796988
265799
514980
151091
130734
700705
215071
257656
656228
922676
385041
129247
836474
318315
949955
54787
805637
703306
377545
891263
788687
635875
351442
937753
167100
128504
33393
87734
385717
838413
903560
855512
238986
831040
206513
798965
969821
362228
25004
217462
785782
928804
321370
307000
37487
398408
917803
699559
139642
293356
551779
819131
274054
70034
65192
791183
49922
601851
115556
572994
71367
458377
760558
277045
485566
464070
342892
450028
418369
583754
928947
281574
910752
77595
715677
145089
884683
699178
319648
22492
381109
856443
613712
694398
623626
768087
481700
835985
400658
122710
986181
822451
821124
504642
434980
885524
727293
886587
269561
24178
100169
382865
352431
526399
402973
678360
16537
286186
814792
252142
359193
381266
580418
500939
73963
951147
174996
762109
889694
429321
608688
54366
950285
168520
998751
455924
371860
813826
298803
380695
858356
538497
998612
891805
629641
913797
795141
215775
781746
43594
355340
305410
574270
695803
833057
951113
688114
77032
21163
28483
336706
884148
144475
748146
232972
992249
905490
396793
36893
416051
219800
172312
309569
115847
616884
578718
534102
364285
218269
80316
164241
886987
236798
198356
502530
748585
271178
282228
947603
812905
463865
118396
58796
756072
729267
98118
328845
446916
653489
734005
279594
173218
570744
285665
772153
864767
928009
885120
261127
44935
334857
168090
464266
117472
927175
179693
901387
970188
89878
551655
131929
468112
495509
984468
106619
556956
345581
661118
148385
332770
636040
382115
949496
594409
996734
69785
375241
255883
599013
196811
856268
15893
117462
536901
689565
561053
408844
383939
206146
268727
402754
652060
75960
134659
695407
518615
252742
768074
311405
164298
121081
753260
864659
760795
493444
59926
572147
18784
569433
973936
410493
193382
192530
822140
745133
561851
127056
264472
103873
129970
710145
496677
208837
407355
306773
698886
475227
904169
449351
805248
708579
274452
623432
878934
644396
833392
714055
929137
292613
458661
322333
768575
437998
591658
307462
310503
984938
994431
814052
38307
164654
162272
5594
892543
42783
60562
244063
886821
114291
715222
533338
36684
857996
429320
736750
754472
215609
583100
399299
935872
507894
867644
810206
332647
839122
84627
909719
944257
509245
517287
694275
74397
111800
816576
565289
868507
248692
639425
431717
447509
634051
662173
256986
706684
52185
893030
10233
955862
22159
514321
8349
798495
110355
964510
239488
151243
221221
18267
986797
868964
306006
195273
127420
42478
545563
160096
857958
384115
678061
219265
296082
305253
561616
975295
714856
704406
728105
712192
666539
94685
870811
732099
870106
739345
578937
659745
429856
228436
641570
423036
818212
846277
5652
670202
991997
732769
182893
587374
470249
449587
872030
759052
225040
67925
476795
673161
132582
997205
395076
780192
177135
290563
363628
277819
373464
667219
993171
895855
994814
577950
114786
527402
725969
160384
51745
715457
30192
702299
105333
966952
965486
300192
940864
756446
193928
434065
161672
558473
240535
816454
515547
221995
569705
342869
221593
773309
756623
570458
309553
92423
922132
430186
656723
586633
436351
909518
789912
188488
817915
805953
290481
130624
339714
242235
935956
243344
164741
877480
42150
199017
454055
786961
801210
461806
771668
999091
919531
839092
533201
739703
100064
870727
588689
634031
778396
843653
93328
261127
172657
97703
12290
615932
593653
434690
886735
426441
670663
526748
982041
361382
63033
626060
903001
30568
814069
969892
314241
924709
973527
935271
287938
365003
889305
531891
880749
954131
757658
902346
563471
790245
120002
407331
531972
564339
356796
792913
792217
273012
758129
626449
910613
827935
14830
707455
809104
479481
938462
584608
789301
988676
130194
601988
81279
785618
20845
726605
628745
701491
629673
716369
986914
454410
398043
474160
331906
467863
624425
33254
825609
241065
936774
154564
803124
886445
426674
274969
634914
138442
856300
119767
490610
699990
216686
6083
169723
471304
157
118871
718238
849664
111097
958451
243839
958755
297876
441964
560380
644515
397957
599704
674674
350039
55638
444064
123939
64323
499212
795699
336965
240803
295813
460527
67028
480621
895720
560712
691819
817877
121618
691881
65046
663063
974873
526746
681173
95955
417456
402008
701731
957317
756332
995549
779962
730498
477877
227515
429883
101890
11028
414764
926558
856572
603308
721864
203154
883893
919604
615776
914932
130328
989185
114796
874057
48002
997785
567080
244686
242886
842250
734384
823029
686250
230940
318111
98437
176801
979421
102400
296024
737316
870892
450441
4127
323530
21024
856653
465871
593613
238714
518002
689841
743379
565564
815583
77485
686073
162628
440006
388049
379299
185604
771665
792223
517907
416070
704386
93431
890399
484343
915891
90838
277715
128937
187890
239610
261287
859528
751372
924613
370058
826258
173389
334077
98385
272446
327313
549156
136136
721853
156373
993373
683884
131570
19732
49292
117553
694356
844366
832226
844914
846349
329243
678464
87953
954016
704971
511005
360132
913815
45464
967813
157827
847158
137214
309758
589116
196215
898118
548120
793072
453015
546516
877759
422155
100031
618677
257740
443813
751799
246099
94986
679198
320764
873244
387155
372870
622594
841539
158132
431082
860605
401336
447542
28324
917022
695279
467870
807503
275040
663557
141828
151361
3745
103293
532158
572859
107156
401516
391728
429098
589272
967801
275686
723923
175224
411788
774722
19099
946792
34095
100440
684804
155590
837739
960013
707703
37784
405888
977633
31135
4644
967402
873669
986337
307325
549365
938589
70671
316945
540973
654306
892339
80032
679986
242330
719989
773680
84969
528686
106511
927969
127348
428751
904377
869813
525850
448955
791575
979249
115291
959835
927643
329137
821142
885924
224764
847612
874183
210680
263443
624291
205340
72682
264244
836711
909955
174546
915592
70814
328996
400219
705434
576922
675745
854917
806563
974243
296509
439492
510139
60446
667674
749116
26256
565173
376739
447891
695889
309269
252595
502399
957705
338679
30161
757012
958088
543894
216764
876848
48822
543544
292474
238262
786283
851092
752442
557219
208840
206841
196790
623508
642580
357717
458083
844406
792290
453300
24132
726442
610412
95536
730672
396024
993387
983242
678782
808461
231845
159940
108186
277764
640917
329816
523183
650366
899146
756995
726608
749527
509742
509874
403589
810821
404375
437078
226304
123880
17325
564442
574911
952302
212414
792994
208327
578701
125381
646806
189595
930562
31789
428343
674232
331394
401397
977242
561525
863443
636958
323043
972485
463781
68265
415078
417918
149095
245898
957820
476712
404312
920473
875329
723984
189356
661950
547871
441246
23961
671113
764221
32375
580914
586239
625590
553777
51720
346640
211038
201514
74330
807556
288914
53862
627439
69672
566186
440522
612150
252554
549251
745453
273029
634190
244507
772535
137059
324679
849071
740519
616479
862304
186511
345274
177209
339896
873036
899952
742731
49790
659399
350189
406864
118672
261975
28980
979451
112869
797240
431246
301779
686956
847565
289282
758932
849676
297080
437616
426553
968229
185953
954156
111052
773276
722762
932406
267512
707096
820060
895584
995609
236473
76619
345420
473035
752930
802063
424561
788951
837328
759997
877639
348995
299729
453853
823451
594968
154264
973941
334197
327547
517965
923144
226443
269357
579268
989075
578695
670264
206903
463511
795642
613391
631645
272531
317760
274174
232185
113554
878751
114050
835743
347672
229760
762856
35605
607971
804533
102584
615509
852237
100882
601368
587358
960856
452183
670186
774551
175175
209085
473783
453157
648498
156244
28264
957528
14910
778738
129403
736723
251664
690207
429549
423336
487440
923283
138027
72917
673392
803259
596138
215232
294464
324028
13659
519430
77647
782655
391695
838535
153974
583732
376819
403035
628183
946503
547237
246521
231176
803095
343822
612050
614031
376895
860855
1367
753214
446599
553400
276720
362293
104346
365051
75158
879418
347558
39243
614758
987983
837520
664376
183563
681138
424644
37997
391956
605529
513394
484778
809588
105779
553645
277922
846655
890315
518552
549988
603847
413416
437383
72682
823096
714122
923828
702851
639145
614044
820783
510263
59003
433784
906112
593271
188925
233395
256520
941260
53330
588795
965401
311192
852011
449680
913185
805685
847217
161616
479531
292835
924082
679508
969473
315489
502567
792502
175624
130453
658623
762686
975439
68351
872147
12592
861816
898224
933818
581339
893953
351827
776282
232594
718273
616886
264767
509002
621340
991598
521489
983216
861944
635025
491713
442870
127742
491141
4972
682479
677873
101574
549908
328352
330963
75272
168972
73360
466715
195839
100286
485253
336108
784775
379212
485496
465619
335476
466621
82353
257005
550296
850211
271268
355543
614934
229587
977188
175810
111314
322578
212125
67552
473095
32907
968614
605142
771810
619147
898230
529588
333715
762285
992039
39150
102832
935974
52972
95065
855603
674023
927265
133396
90585
879906
113427
510713
33174
82293
104507
616724
209420
9109
970077
776022
667860
650585
778553
212624
776140
374751
535074
7806
797489
693684
595808
322668
314546
571589
561110
956728
533509
299467
823453
990238
981728
632729
411042
242088
763391
436778
99763
740453
776832
446478
371417
68507
39390
168603
363246
791298
610643
648373
119250
569826
924035
167622
77672
837758
930007
960741
707138
40887
329712
78031
390750
884725
740810
815553
601471
617935
671643
944966
389165
646431
487813
215985
989868
728643
213923
645710
417856
985745
291823
213895
765112
597885
764013
780168
292445
338983
81390
379679
11432
887902
427450
404195
410338
624733
988390
889239
469802
209826
256418
981878
891230
701954
491068
496122
599176
430920
95668
954365
382916
205725
944224
311683
589505
307793
344502
289006
625667
468538
910411
989180
273990
888787
505117
327949
958691
422870
172396
669481
719664
17151
614481
820154
679675
879798
351219
857201
313879
375054
684210
461999
215543
12388
419655
399395
188174
460427
8304
906975
970058
893988
431703
966098
969350
885105
140323
8200
587367
641461
200974
68237
790074
272594
783703
578308
112607
700614
912065
654632
194629
49058
612977
103603
985634
128586
882397
91414
956564
178234
342599
688488
105575
830838
188347
408814
500495
692782
793230
200016
150153
973281
659732
349997
323577
845867
341202
945367
661918
864714
466999
67067
812034
650307
155918
120090
789949
5663
64235
51783
194054
916150
656150
908464
854926
225824
252679
547061
327191
955029
537121
496706
211573
393578
811157
483249
773637
790216
145291
477278
463830
783278
774828
431697
337329
252005
633107
326473
50213
77823
608689
497381
152653
148111
830584
811547
355449
420590
281554
765003
840889
954461
50144
849478
396609
951464
370003
567937
284800
165324
911755
935396
750929
868505
63923
864413
714688
693275
527299
624916
900868
14723
312945
748054
574162
91535
500755
259751
489561
551490
456105
451733
205629
15774
755710
823985
451336
878801
958517
681873
260808
541068
682744
960738
940718
119956
663458
737910
871273
128360
827481
381845
360118
585485
600124
737088
156261
3716
535526
260598
230422
538200
743737
532874
528058
637627
411227
303853
268797
540529
998699
189786
71710
186872
43560
576564
217257
685473
971073
120400
979239
122790
654928
565303
880107
270096
213961
392399
972043
400748
142784
178553
101125
1314
112211
853152
573128
715002
780975
690539
366667
546505
977896
700970
434420
935689
150448
665674
465967
265091
679037
570560
832226
442324
458768
556419
593607
517610
267344
858776
645917
651800
985972
188758
49053
63016
886531
424364
562283
15610
252098
318297
954890
368021
483354
375589
331690
979351
181497
303901
244452
265227
832849
129381
614410
511009
913246
153674
231968
616295
121138
155159
6087
576673
507862
826270
998307
42524
694965
419747
308394
461049
876859
791072
781723
467916
15415
567536
816861
791205
300527
559759
149673
358299
226331
85842
468580
729916
424868
871139
288887
970065
172218
926600
762231
797418
990110
643472
777792
781460
295937
432084
244809
594776
217666
348700
136695
326709
551331
756692
605400
453933
705503
212161
680214
201938
292333
859173
330311
677761
681515
546046
349447
400939
212623
430817
374336
57435
272084
454910
88312
795455
830139
387986
853112
383581
219750
15716
64772
457835
738828
25337
211528
570350
393435
506783
64135
840009
226269
581781
792903
323427
804397
516231
207085
699707
335914
93963
134238
621074
74172
916627
992172
299130
655594
626625
542097
821330
765499
511806
840077
717980
806715
311010
16539
306058
186808
667584
654905
705409
375759
937010
982483
224838
665405
468218
956549
250513
201446
80092
863957
403230
321352
374081
989565
270434
157688
296995
516340
360412
792845
988838
432642
782958
468084
71401
986356
872414
425308
633303
604072
890594
54539
341710
842210
464519
648168
896227
404020
272573
16169
915501
591669
828500
12657
980558
1203
324257
616099
235753
189017
330867
191887
954650
653272
333073
53697
565212
313405
403679
149432
396220
580176
193378
661765
537080
721136
849405
255231
49485
89249
889227
78683
665473
426151
616738
945845
625900
217729
296270
256741
415144
100888
799290
605570
306381
679873
470020
642931
19632
861131
733559
486426
417702
134457
525359
289405
114689
662430
991715
613122
302468
531003
634990
682965
581236
637391
785092
881325
293837
586016
755928
778602
382502
248707
411161
678183
672713
902195
784286
385732
666867
779104
899880
724790
285159
59526
900617
581508
130863
130189
659530
967320
547631
811408
494636
109723
310912
121752
503733
594474
161773
344889
369321
34905
98681
541642
571847
387845
95767
101076
160344
801921
85466
915077
381311
756594
841959
822423
906897
216490
71889
263573
634550
208527
684386
765064
533770
947918
666985
716837
233690
881467
489644
638699
390876
387660
89708
425762
625557
75321
495215
31457
275174
695476
473685
438429
775298
552215
801658
557661
649526
277376
467748
475892
575750
470760
385015
388427
126556
820676
385620
451164
530333
603645
598834
895521
935801
866234
777334
890423
151992
270005
174182
34982
100494
261067
738182
278707
706122
909361
986363
649243
522023
81704
826415
135378
576440
155676
874087
630422
721021
735414
642884
859644
565123
940637
722971
201704
419654
309772
96576
240323
39986
358761
479024
914666
599292
575113
78849
738192
286903
490119
322032
28857
562796
64195
278482
537923
95648
718789
164856
215330
173947
721910
842695
810666
284319
411897
714692
746419
567839
404030
977039
678351
272822
763997
158373
991927
52037
345397
240959
411041
684071
165620
85258
204073
244702
693395
855309
917046
582953
394605
69521
179844
47683
285099
61122
455052
941875
290650
849872
233579
844940
735985
924217
7844
505255
539231
247344
793767
401348
266228
718864
603292
876033
668900
435091
655025
535381
445850
931783
346578
107498
835924
862300
758446
159307
321255
483861
103019
218423
71807
602948
94276
558573
582869
380007
51662
863304
336927
659813
753200
721205
294348
150659
763308
883166
745467
167040
245827
222785
728822
128055
747777
440359
397454
887710
210420
252447
521271
373753
921398
846067
639617
617815
172922
751617
682757
214000
427203
716490
591529
227610
734064
987314
514947
559886
813984
695639
722156
118401
615073
250656
150792
139740
835949
390171
935906
284136
136965
732922
488241
108709
258888
752060
754524
45704
721630
202018
140885
791965
877028
742777
180973
476326
797259
49982
456980
609894
328272
406724
158239
316528
167614
640411
661891
436614
550430
92421
122085
915951
112697
778493
72310
56378
743768
525064
711882
83377
58431
837290
560270
613014
84676
172449
903746
20741
907118
31581
698233
507365
926189
734374
811453
120840
828539
221284
569708
327260
306059
218077
217799
391336
327200
559615
628496
684937
172656
963776
258640
930844
468061
570127
233050
734150
588644
950873
923176
83472
748090
5634
666427
29799
582722
563349
487948
762834
186564
367075
894711
545239
248536
516366
91308
94770
750015
321588
175615
19435
371896
110705
28284
811859
137068
829414
173203
801947
54410
726819
656657
793313
837008
670983
373315
669834
874577
667362
213346
514043
325390
363347
150737
730195
620559
298646
419870
542902
613283
433356
761675
276622
545703
974690
627630
258751
935251
309293
299064
161587
359164
822981
717704
586589
611306
613039
178533
820562
376147
342920
467838
193633
419390
198405
178274
732620
924431
614115
762319
206339
481356
145065
680061
120687
897283
627799
136174
118
250373
18319
542701
389553
799011
691350
36254
695040
984019
430118
454907
691074
359231
521096
292724
976932
174356
162460
791574
600667
955415
491239
413645
194466
952421
749991
823798
275508
481051
381710
674026
374830
434984
244204
558723
430705
58046
473346
696264
744222
52824
765069
817085
158556
824947
592772
237077
896198
323663
108786
481310
472914
596663
750353
287353
611491
592487
100585
297787
396606
55490
507240
2527
995846
101151
178608
792251
982424
961432
376150
426966
200320
512684
414109
146848
613995
551031
213497
144655
291439
611214
854547
933259
999010
195698
318173
764564
148856
23502
793171
375497
600456
110748
100401
352475
946772
173537
78049
373305
625357
417523
423937
300591
556624
656622
213214
918852
688111
400595
959720
192343
458426
270723
522958
854001
239811
571640
891868
455011
971175
149636
786297
449727
542774
278492
956797
943164
153850
884070
478491
83902
537606
516654
491916
225058
802419
410777
670403
876848
126658
527515
346451
334215
339077
207888
565632
800325
291458
624518
117271
468065
653683
217484
851037
334246
931609
959844
972579
520090
781117
400699
139702
521422
853112
778989
399960
340109
729912
178706
531268
584936
828606
665204
425506
712718
61793
881988
556824
371174
171290
75354
965518
958349
526963
435012
553559
623258
907266
666305
624585
546514
302729
205257
296094
755143
501579
803752
866609
552976
794730
488561
962741
113938
71886
83951
268326
339565
80207
310846
751079
953657
140833
783623
99886
659924
561672
517648
411485
167367
715102
978457
487015
375041
425335
106925
425500
493799
871877
873998
395226
887291
333397
10965
338535
886296
196600
271484
860689
38972
146630
847791
908611
863867
283468
596231
899427
574434
790821
813121
581988
786310
669470
890106
325844
552748
574229
967648
292403
996147
402273
116544
764663
849544
243932
499822
838846
387566
375883
613072
532170
55965
941961
506461
681256
870891
645604
213461
711608
426390
918112
939481
248513
428564
613241
358367
400394
440537
11855
519453
125301
631991
324992
800693
565000
452102
881475
817481
791114
533721
553334
338480
73870
657951
285906
717722
366709
558049
621717
56615
64923
169883
530194
285298
901465
282625
705433
673421
797077
18348
681676
755682
206589
265342
110483
310022
829491
527910
695505
215925
575062
884472
189283
85368
603345
444382
31321
849423
118839
615844
311890
292329
443738
420760
120564
706695
119940
973261
725894
893139
569719
342433
533742
998198
452434
3504
976544
27629
49800
823841
180627
199462
647508
60769
136365
237148
589381
426100
567761
730566
971006
624336
883387
237621
945554
503270
113602
926215
868149
815008
129090
323190
632932
982265
720078
708621
160853
62449
632660
35160
52460
168408
293266
727856
921159
183739
171731
511487
65270
93260
443678
920887
850619
343960
76672
908132
355535
944876
899775
6128
118155
464135
310668
24656
778421
908693
543211
518408
832333
74944
111595
110276
920555
383509
934912
940235
155313
692909
33875
867619
989842
366457
482252
43213
572075
974318
615905
17173
789669
947652
811988
368677
193925
10090
236636
689157
876833
980541
819518
965626
617620
160937
994700
181247
735184
565539
215836
637305
846644
739418
414733
181050
36152
959008
321421
638739
763551
847047
960207
540066
276136
414277
246516
977183
563617
582121
811684
866874
746526
953293
559959
675355
631390
548939
242099
3510
432574
40019
255365
200851
884418
186008
112554
254759
679741
304934
260283
360065
475577
420538
299413
98866
323245
42361
260393
673945
752793
537335
365716
444144
726357
634440
456070
827680
547246
427693
543288
641120
975853
953573
367062
839625
207684
426001
911792
644717
174839
177071
834423
560522
150215
981329
658724
518315
150540
927639
923086
407335
565008
998845
329274
579220
140322
42269
371192
586755
705020
274572
384951
32481
246094
820854
577410
275729
417822
796549
165806
288217
153988
194326
707462
973936
974672
361645
233094
601376
773149
609982
87606
560474
381576
914696
506688
674441
268747
403733
529578
862381
882615
181063
944438
544237
100557
950551
271846
625398
979134
816969
270418
653561
692708
839371
253453
944488
356365
272922
191279
169661
856301
483991
882649
701863
296912
227191
823590
4101
358242
342935
99019
968860
758077
694968
596446
401325
274382
192576
252999
356090
975624
169839
862501
106305
809799
906743
128017
997651
755188
164114
214540
54522
977389
329731
52089
461659
352138
204821
428648
301425
824203
200870
766223
774261
374992
712578
565560
634952
835595
387218
18199
909041
802178
969533
946896
173639
32064
223012
45581
525631
344514
91250
87769
436448
479276
581791
728711
522074
566899
330908
196432
542446
654811
958801
684855
206017
932446
654832
146797
43396
692336
66416
911428
551828
501564
104939
361800
22346
170749
171513
866787
564849
394246
703341
924883
202478
847759
668260
376640
182476
573914
613458
27174
411960
263221
653800
710273
995053
677911
937817
353369
4281
808608
885439
235836
66490
461270
953047
472531
281825
340817
382035
954667
91638
696684
112272
539199
726741
510515
944333
159296
610749
372187
715850
672773
761970
924571
262814
816464
45229
300390
1872
433957
350649
82917
241464
102172
62317
470230
179528
530219
124499
264027
914879
642783
140267
703381
537649
299116
593106
758425
543490
205605
99056
544251
318798
804281
51270
537009
395670
907963
188599
58501
561633
588314
692809
561756
532120
660353
434237
833407
387333
725853
841692
790283
219368
288817
734219
387497
757483
626777
419200
553462
297300
961104
470541
186834
93214
351278
45930
572755
111603
867964
187145
929349
504177
336036
849137
67108
235642
421620
935162
394344
954908
986488
958905
431061
837563
305723
363825
365377
72683
396926
568819
821541
558682
81014
849976
316507
995992
966319
508157
153102
345204
742602
185901
356393
4799
581786
509114
99548
555519
306411
824939
500865
504577
231700
916469
541870
628084
219759
840337
650101
148301
904355
855336
85488
675144
216616
170233
844423
189763
631554
926501
78708
32215
486350
462535
209758
313475
199096
665078
940646
839630
761542
360378
696231
426902
238929
981918
118573
783917
870833
897205
5879
438762
388096
234076
277612
411863
570376
716092
250508
109430
311205
270469
850040
46635
603189
432348
145682
827446
726472
24663
207459
675324
433005
932496
646607
236928
271929
693635
384107
975102
734150
962279
937911
234929
529245
100331
9970
148282
338464
702036
398634
725759
339173
674237
436269
336078
632666
169777
121128
580761
272630
483680
507648
728834
315573
441360
991086
338640
431431
293478
869800
211470
896510
265746
836007
94830
46898
346857
947747
36569
128742
186414
34403
746771
414370
325469
194634
668237
184196
716884
287819
581185
248405
958698
684796
21439
186777
738653
543118
958787
986427
862272
432382
167892
641873
326820
969372
172452
137639
601308
418607
712188
850193
317074
932306
539507
601236
690921
143420
421340
901472
854016
174446
771550
352878
64665
375508
621125
447291
235325
790166
557518
802145
956889
719655
879062
22128
404516
564845
291514
747493
234405
444625
532515
944936
114248
823811
549275
638155
1333
62425
323849
652346
219934
911580
971219
379445
727243
838133
349653
313161
92845
570103
516801
648425
213448
677995
536430
882550
835363
234622
615793
262369
633789
704041
541030
177193
927266
464270
931903
20034
512723
140979
305759
678847
459587
747462
186558
115319
636344
227709
500092
98904
103300
433413
197647
126116
479632
437296
887589
732098
566391
683389
681535
280460
339028
673763
571411
927713
447380
347524
659130
329119
50575
571439
493300
245502
295992
651579
326185
832262
960918
459318
182694
679508
311245
651886
509893
38665
863027
183416
416670
893530
743866
938893
856374
780440
310016
921249
392750
306148
356556
247711
832856
384300
44346
55342
308421
809872
679409
984176
565444
824030
436289
554975
539948
295282
197584
197698
430717
364063
501703
666970
901190
447062
260835
934060
867829
854221
644242
102400
20340
131525
724632
676239
35551
230768
997382
791030
872637
591358
297344
229830
257411
478687
381441
406076
356167
873160
372338
32162
318276
895844
621134
652083
164263
737538
845982
2607
812403
628240
476483
588486
852730
537206
247145
785867
17565
555871
619208
857098
457909
232631
567165
805983
899340
179312
969926
813118
634453
940464
764056
335694
83808
529886
160715
658329
733205
79471
431365
494081
445965
360585
308607
872456
607356
876680
185165
700780
626916
655725
173799
733689
63826
365987
330358
404519
231140
553705
888992
938029
54953
724000
176613
550989
548720
770413
481067
370890
45852
730467
7252
410676
988068
279661
658835
609724
365406
686878
470432
459294
266550
565501
344874
694066
649045
767710
882812
895572
184130
354544
840362
951478
121556
637280
214992
787702
37175
699769
140812
205571
917304
71438
459439
726287
77665
511053
959727
702214
878993
476843
754683
312234
933473
285018
220129
730532
836370
276780
689991
714677
869760
383960
796912
770899
346495
142810
774399
204980
262456
685912
328592
560231
107905
203878
935077
902827
291003
275944
520622
421071
391333
202288
959929
388028
335049
491647
778546
295247
855417
769094
435606
393933
378172
729510
747746
207072
912896
377035
754932
8058
227126
758638
888308
625887
387582
817824
576229
455611
831436
799741
188394
647583
784510
3612
596163
253694
893342
493891
171970
618687
420682
65590
832843
705080
19231
543536
112201
525779
990566
292045
280394
594823
975544
27492
182531
64700
361094
733870
752870
321891
657779
346967
581122
208385
529899
445621
843441
51993
234948
300363
442471
527124
155452
465632
595942
999670
250544
388765
333842
386999
471251
503582
26770
190303
91938
876305
685929
572268
428970
192107
864791
793442
694672
34332
8100
982565
616712
865150
93724
579640
780933
111295
991508
215272
531199
279435
682780
241031
237314
497520
437598
944561
856096
444173
167423
661565
265535
688583
445434
871581
712249
33821
375884
404330
927733
784735
94457
814867
370804
927333
708954
702795
225986
245154
656413
505666
164217
32345
55980
646928
121015
554295
929985
666836
551751
930141
796346
687277
332654
320450
592659
198736
494952
854637
945738
194332
747575
161609
730543
206612
46353
508841
549670
124187
466991
938119
927843
966254
257342
973802
269833
39124
411346
946198
243369
997415
129184
942430
857415
670939
558277
701230
861363
122253
831135
874297
282042
59639
547737
317730
83217
991152
915252
422328
404263
131156
393676
969295
302755
984140
460664
187042
251759
864804
374852
390423
799947
381368
834256
262697
304182
44710
469014
268009
873820
53776
52673
924372
889145
661721
219184
886623
678539
717291
582552
131287
552941
940582
859361
899893
101572
348076
347028
111533
538253
704155
811289
728362
216443
896829
802930
52655
399638
141703
188914
598249
758987
619132
90898
33609
514767
396932
63875
584162
356418
737912
601077
316151
556116
483903
404655
814055
429048
953896
226769
230314
455883
253042
953255
939819
850453
395911
145233
718349
29780
612265
933525
285587
526750
653562
537838
655566
780718
592443
314689
99660
481908
995172
968663
400416
672149
638251
153745
885762
133226
423288
204264
773925
766712
971825
295377
358935
21388
405269
944175
905576
169713
159643
9558
28594
237131
908889
235029
821592
422005
972584
920390
58237
879185
156177
456895
105312
410900
683416
555009
606010
243454
359335
52185
57423
939225
639662
186699
570121
198400
112903
472460
908910
491613
198949
18434
743509
147954
885076
378155
579475
683731
246849
228418
309248
423014
885748
557345
298257
888593
746191
326070
990166
133558
999817
489272
533480
746722
826556
109859
990250
424683
374673
17785
252409
33559
114233
482953
140899
298197
853557
845108
588723
602154
873710
453933
789455
407935
673745
497245
609312
40438
48338
892794
872276
998304
417842
181487
559787
120383
21953
143577
936074
661027
902741
661441
543278
847925
577312
751827
705017
449690
264695
612855
221915
688285
674023
512736
104422
475651
454062
645098
492760
557475
381337
643942
185268
612855
355316
719197
337557
642804
499266
519743
674681
681797
968236
449482
144163
241671
873017
1418
284178
559964
591373
590655
546737
972049
556948
361478
723359
394133
381688
201799
319100
70534
852835
772805
220095
249681
180246
608905
15607
687773
210577
471237
518531
876352
538509
443795
254420
284908
72274
896016
744641
861565
757976
164040
997837
25961
900030
89985
926062
286547
798204
972260
615503
558516
128546
373262
622313
888716
55955
453136
885299
315238
481821
941220
697473
849518
52243
843669
534248
512285
301263
789439
284968
179353
389656
573223
639
983846
466661
290958
486567
794353
863131
490478
448526
39805
363556
763020
994748
168569
571213
631474
472613
85664
495936
946868
809182
291724
340676
226464
389160
129136
755874
946003
72983
711904
865170
741661
430203
499405
581293
474728
757476
110021
266052
559841
890315
246916
979225
977146
494274
796581
936938
412992
1128
151341
894238
785332
311045
122053
311495
189333
228089
211520
317014
556891
213484
787057
905870
314315
899024
84669
102211
464538
142858
748110
862019
221664
398938
219924
169271
947227
510669
954154
416668
990466
219161
807660
720752
188184
631289
211981
99661
340225
925387
318132
558470
956528
250204
789074
206292
724009
135948
185963
424637
909526
135541
827871
415816
163642
148770
871171
656808
272247
785242
80869
549523
656822
680057
653805
938379
94932
638372
318852
364158
992815
449480
678427
860526
730075
130720
212917
325737
78782
577280
276901
676390
248898
763499
234544
318207
192754
145859
574756
954840
328103
76392
820345
95805
183947
494943
464627
819271
13657
774504
481682
937700
55838
141602
977724
375727
790592
282142
490111
860870
86587
488355
592446
26847
758764
707965
190717
388698
568208
531147
814211
893788
768248
256738
802992
240264
879324
263192
937683
338108
405521
107354
568769
697220
790660
207398
697140
926146
995521
215686
13677
255642
355133
297020
281028
768538
262316
427606
222529
819335
709124
784854
84759
929491
741609
756604
693426
51911
250804
837282
252834
938073
628861
993690
762171
125267
876486
613273
852140
199458
964883
262509
581385
745585
908656
977668
808514
594856
894668
850585
11626
8883
965903
36631
473530
596724
798183
388983
127204
889758
395941
301982
271460
432051
291659
527909
123255
273039
805764
908495
9242
464534
312505
424156
174410
849753
589039
311978
254252
817466
258998
122272
488338
182788
652689
950842
121304
842448
175511
387899
247174
638457
973749
942971
397152
211859
598990
59010
241543
537468
490460
142597
74119
187319
34742
891540
468734
7403
398659
816820
136880
516951
687602
559294
992904
671768
395647
431445
624559
115612
962976
102820
831535
754362
463552
221035
737490
28101
128135
979614
512104
980392
279060
378141
161163
25523
426281
727265
131014
831012
698985
125013
456240
135458
531145
822224
146376
921908
139771
790755
583416
200745
985010
411521
96250
600843
285731
160293
869459
210602
72272
282886
875886
509513
524286
510805
408267
814295
309680
753010
297117
913736
305802
832902
884803
253877
723795
331297
669723
500423
798749
14271
257114
903902
618043
44344
460066
322441
782442
569175
309256
517841
643179
654460
882213
527520
402150
229001
66622
201078
516051
907247
345972
263966
672226
280977
951033
412953
485608
139438
466190
507273
654585
665032
103497
786001
253506
711454
918980
147636
669943
456067
13444
38586
204625
17798
682837
440130
764399
252960
839860
683361
292177
724241
931029
895404
552947
760683
696539
48244
596739
371623
122740
273023
963115
386132
122875
160075
254882
97704
813628
520985
618597
720382
838150
701911
515736
450944
376993
522279
921846
516329
36252
691571
856131
47925
230818
709896
848737
582201
139196
198108
580219
49058
888108
108527
473540
524691
746567
758409
804672
334657
736494
379124
925330
934147
446834
213013
173125
103749
47811
343410
246460
745922
143197
626077
557949
415795
184945
964753
38933
734997
35989
61861
831570
744632
591450
24038
358085
650323
894228
210483
70196
696442
980323
309779
616292
873007
183464
336914
679069
619696
763382
285927
429343
917222
861633
780996
150732
243303
278837
948797
93492
357157
210878
651865
238729
742853
917634
22902
78109
958968
427415
344441
532399
189779
898693
850708
997697
702899
753388
86743
970791
117044
787101
715192
963203
74783
707271
917176
79763
741540
401920
335492
646597
362939
350718
506496
273384
360969
577399
783469
933502
974737
34981
584522
769231
446037
722727
222774
963954
653434
930712
685577
762233
685191
520409
26985
204267
899122
545236
338106
765352
744166
895670
759807
789712
650555
195267
394866
599686
608384
332173
40198
9205
761896
200221
99588
113220
396751
842719
103618
258506
837075
284698
550302
959937
690955
379087
682582
9585
841607
283846
132569
119299
659728
102808
575134
77487
30897
593260
201423
189347
267571
361243
72556
862018
354720
424338
27202
915692
553184
497938
211501
398837
287003
750389
910472
73175
502817
89478
269014
651974
598462
486941
201671
790416
74395
916271
20906
388367
951529
596410
724611
500697
799948
981611
980918
831085
931629
911738
736913
254340
693987
772527
336850
265473
104017
208742
573723
944267
576253
19304
952238
965389
442571
149262
690808
819438
574971
275922
176760
350702
592064
216757
540117
585514
493906
348095
513423
657393
163988
15647
463478
64374
605653
99661
489449
418994
488686
814796
77517
888178
190774
244810
320973
574370
419347
768365
593938
288829
863345
409008
159164
523974
15088
134874
449237
25982
432103
152805
551901
626854
833222
73618
802361
189696
100043
337854
933996
77870
110414
191699
634571
911270
672406
19299
679878
653432
265351
384409
330345
672649
548677
588692
199587
223498
20310
847210
562145
491940
465279
822536
656731
406012
146700
984686
840925
770490
146221
965951
891344
514326
449521
473691
549805
755454
896582
880292
299913
964146
181827
324552
445752
798705
244367
210645
527844
545574
275258
179848
864490
347397
607325
931359
240
146090
805474
632401
330212
592954
320208
120738
383063
325979
630263
562982
442061
187178
628636
800624
146780
972157
970165
214759
729607
186912
250207
454935
724170
747766
575026
281600
109189
19879
178196
541221
41308
956601
809238
391277
551705
420134
316748
968902
126345
694608
484046
719172
525261
562702
701949
974610
969938
688867
434945
895033
406034
699379
369930
735116
826924
290411
156317
303479
343813
782985
724971
296706
15694
562770
289381
249352
641447
816984
185952
110501
302710
829447
486045
602730
422023
186909
106027
542035
938236
282499
44292
323467
749743
351528
71422
63319
467296
985962
175411
31534
141097
662497
125898
371228
452787
646010
515485
356248
133384
673751
979396
729236
257766
690553
458841
113962
216269
656893
493923
279987
756017
28801
521102
414831
285649
433543
248396
467174
758935
704824
118238
308844
369966
315280
151482
60552
257976
686821
152683
567826
886773
349425
731904
705189
560927
537358
224425
469245
510227
511325
520833
636348
590404
660003
60085
288958
972902
140743
465439
156634
926532
639391
9808
872874
247558
409496
103995
169520
769616
756603
320125
832490
840493
880583
832386
606832
667795
860729
665782
15414
700160
107235
673764
92576
386908
712605
682828
69581
897407
496364
332573
472707
944889
310703
13581
870406
349082
170433
132098
352463
126619
774172
815430
30422
918369
672951
777759
816398
976616
932268
216329
876297
140800
319384
520704
586364
829038
77293
39839
257870
995566
94222
602246
315187
978942
875188
365082
347167
458024
561898
752362
433381
792701
458916
233033
969573
929802
296154
867423
627325
18205
420063
128568
61146
496097
489331
460955
813344
708391
98753
89711
69591
644855
153631
616370
764400
233619
723996
542394
565018
222207
468226
146923
888326
573135
766698
977475
811943
236933
813263
355336
642717
256573
458015
266460
864678
404192
926008
701856
23806
38804
51554
957125
958744
46279
277160
881254
873370
894378
388795
524489
119100
136996
80443
565146
156508
628632
249893
857759
488518
550895
701498
410709
986399
838292
441507
980952
518185
645103
521816
874387
539434
598735
517741
689788
8774
688167
1724
704787
97666
321013
101556
575661
704897
594136
204916
315071
894714
349852
928607
762247
975894
582724
939082
149211
271888
837637
509777
883115
175455
466141
806210
208907
888432
947607
851289
882270
433367
244381
758674
95593
97579
440654
40244
676397
753237
175388
425355
513213
995550
425415
97254
890552
855628
429567
479983
533776
827151
955287
817128
299692
915992
288991
297850
799595
949800
277539
151667
831866
81968
95535
431615
111261
828323
901324
473421
540812
829287
718814
729687
225289
209428
166274
948882
834955
60781
358623
898280
455033
304443
27971
500148
385881
422352
770438
171834
821275
358147
698755
192934
692180
203886
506239
187057
538329
489017
742632
797932
247302
568970
231517
893207
949925
636545
27689
689340
139465
667607
570332
449459
737835
689339
537891
69707
355064
859852
977977
777812
703853
245230
831391
768033
40246
12642
235920
217246
374171
65137
182601
780227
72899
755874
225091
813636
533636
4481
695745
501233
774021
704836
42936
155401
427986
649791
122211
84110
431200
181326
433976
475797
498212
653565
892831
145869
805096
185223
636721
204446
885408
238701
678469
226554
818855
395149
563778
653790
525218
438032
724097
775974
19689
719269
690378
126527
934519
48841
713942
877942
36793
79831
377886
148339
809582
22133
958609
628336
370163
582371
841194
986904
863810
886933
123286
410843
845789
371586
324250
296852
593238
152407
538962
138083
663054
132283
740465
114114
440881
240512
888311
306668
809499
961579
785421
578473
458247
987596
37572
372467
492256
457627
898446
324578
190450
182887
982593
143164
807691
945080
709830
986811
677160
44909
587026
150346
720671
423524
421905
186333
845288
363880
696346
129096
771253
456512
792488
271694
92070
351905
55640
94312
800986
428128
259384
983258
581970
328833
443711
876430
22039
843199
40281
952059
827126
790110
607678
659597
523843
856585
944353
75644
173115
462831
257971
989257
756739
769600
775236
962076
404897
779635
950979
874882
938255
706530
12409
760502
172328
523178
820220
924238
335217
825039
95462
843885
784999
673009
454583
304580
492411
35629
186369
935656
660895
586120
551241
298143
206673
149135
340331
829523
596879
836521
924873
814508
920377
645083
287906
366015
735621
304070
775519
8554
808823
833608
570762
87432
10508
630755
761677
504075
106597
526689
116871
926713
605625
31615
983521
773392
242539
52052
645811
38153
303653
429818
898727
63075
593517
789144
207477
529563
262131
29038
432481
40500
122043
612669
78733
806112
680062
437799
407165
554581
726226
799830
110058
610506
609866
224760
443307
613052
57998
628280
544802
734107
82804
620874
827720
969243
631958
197288
556968
951091
133469
538340
287457
671956
492876
99461
633284
380576
183230
769379
8866
706911
344760
40139
482871
546594
184433
88278
492165
995857
338486
897297
455090
21080
347458
858650
628468
919430
42897
353548
170905
719502
432751
442104
356297
655233
391632
340317
803761
322559
886332
424434
248669
145567
836391
831139
458790
348698
273820
400149
985457
894055
824802
496624
994254
544254
168190
956499
143842
886727
503378
169466
638644
473215
171060
971297
860431
372366
532014
371573
410942
195030
602054
114323
634954
740305
42783
770031
999893
969013
363919
773418
61542
243352
852324
40116
993019
985438
816359
340451
851883
311971
625935
905956
922326
585100
35738
214871
766724
889097
670710
993361
49585
86678
543974
862252
515060
390516
691534
524072
77531
914816
805279
973380
139403
262164
418665
212850
881288
80516
560532
561798
379591
13604
48202
411898
672274
73384
986547
405226
911797
39932
717296
835218
105292
209739
239440
328309
186849
870048
355461
746266
235517
219038
244439
71899
616730
715674
318702
390702
677163
766080
947890
445295
638478
346002
751657
451205
751581
748559
330703
902221
14958
49767
55048
524112
282060
32835
689543
468410
906684
885283
958799
361590
25848
932451
990088
630609
322497
934156
842957
757167
180295
103435
62898
231151
378355
394170
858926
170107
220825
494912
153957
471368
909805
956260
938338
433728
12548
785627
727436
941911
309208
876989
374704
208667
469103
496030
426791
347740
514974
399859
582362
360807
465595
826360
701564
452139
718602
523694
440359
982448
142463
59979
640639
487958
772957
774062
638110
151162
588055
611532
229412
239465
645137
867404
334856
327099
919559
329063
653720
598194
278179
183563
472927
284888
846582
416632
335464
353638
525441
524877
679670
599640
754530
566668
173892
654168
565152
307749
912200
126426
968360
760808
656145
850781
983661
257006
570735
407092
442605
498569
551588
533327
115712
659490
401716
41603
458405
721477
848628
61971
758649
468289
601427
827671
347277
451215
187034
149089
347765
985034
679804
889286
263038
771314
426887
411512
386770
183845
765590
941412
883787
532351
699371
852356
341602
342095
433177
335288
143350
985541
168097
521833
164292
140695
130586
219674
179581
481944
202688
42470
111846
462534
640261
418941
990402
779337
879187
354942
45602
982549
423059
180770
859311
590987
134674
89699
847645
733864
592701
994754
931299
819139
876039
555704
677034
484741
657823
835030
213164
935975
116753
989207
415393
396539
186580
990918
102416
155926
302327
253550
860490
89016
17148
271738
292637
767938
424052
852925
510570
778893
181577
631066
964221
513967
578873
708704
522111
390833
8822
841309
485715
677190
837671
697805
219644
535936
351207
885229
20571
252014
976928
381148
66651
777643
898222
492749
312988
889214
587556
346399
679316
369330
140829
888736
443759
464370
325466
516125
56602
332764
833194
276670
45167
655949
653258
119840
314077
879273
192129
779203
667086
190748
574538
694020
315256
602633
512961
184535
246237
273203
863697
408986
313819
699243
245153
638724
751834
532235
17592
768411
268012
757938
375395
617859
882238
786990
950442
334263
716478
881250
492532
614910
640622
822364
414001
546279
298826
218438
950689
542410
115390
371112
346393
697499
899089
475794
723142
836113
29101
678073
23099
684545
516512
217155
484253
984250
442991
841676
302344
789005
986639
330215
271987
535632
490040
137103
404893
538476
170249
145889
202619
553038
918303
648722
858280
390196
199044
498545
875663
875654
209186
108563
626546
791733
81280
170754
880370
36708
51500
185574
554943
765043
779712
405126
116834
872521
404480
524708
41950
22250
682753
716714
307449
110233
559395
789380
932733
168102
305858
345446
48627
761272
675628
954232
786841
371434
957869
829401
157801
190792
392140
807180
844141
657494
806872
192743
624796
302504
269368
131771
284035
382967
124003
203648
921854
643998
172931
994506
572887
12009
584352
540920
369605
573667
352518
914209
668589
506005
388298
543701
255115
471653
399132
268904
807662
56029
966479
408658
635950
52591
782102
550493
532825
307293
624823
533602
988087
134297
438419
932630
66254
894522
957007
189996
793062
343444
398310
613493
982396
95686
345536
354568
372120
251112
609731
915517
274347
852511
698572
579833
152850
520346
108025
930726
534878
932428
555494
969331
106655
125379
964177
160557
573287
676737
151035
541435
311442
18465
800235
61975
523232
888081
188148
868871
102849
357271
430774
891051
337415
593675
655918
805906
925247
427431
247730
113398
855234
433727
920462
457300
902003
550944
952078
105582
842109
991402
593486
244137
409846
198552
491688
526803
872613
537208
301398
439821
159261
771892
140819
516654
826995
609696
761486
723747
497645
25025
274871
570644
677613
884195
38433
17388
568228
405182
398425
926228
977860
353154
507560
458729
552268
981542
712363
199324
484538
65255
224568
859423
537278
868466
944269
472078
409911
514207
679641
835807
978035
738560
829923
265149
659034
16893
735997
479700
936484
858913
959753
895835
968969
956227
625642
879564
384712
580044
133153
444606
385548
774850
942956
739822
889797
538143
523660
87327
537007
926082
308920
455602
454508
363334
714449
629568
402431
673838
187984
210688
540860
836939
225337
289937
974288
186684
390340
406400
909665
730560
225554
965459
189209
809282
616901
940349
779379
140605
566765
71176
229795
557705
37894
290297
618289
828055
131037
671988
343176
970729
675785
254792
98023
485784
127251
501240
61666
239177
996080
590093
387077
443286
905796
446722
293585
362737
753203
16929
219066
522095
498325
335248
824616
1319
816335
307944
794281
278628
823735
393448
211472
131852
482216
507684
484871
692441
890503
630186
296892
803755
931496
452008
450796
519092
669787
810402
268883
427701
410298
701600
709801
434602
512747
417736
930708
760206
737125
174837
564403
338586
886670
224172
665557
359110
647321
230375
246371
579406
394857
798171
683304
786613
891792
364501
315547
988761
215485
593854
593696
399400
67197
835540
714542
729874
703139
749276
354966
196139
892678
468324
502181
861828
645765
504038
209578
683453
417340
587934
862418
842357
212939
284561
390574
575475
318076
123234
151110
690211
289718
731968
232772
42837
923594
675791
741079
414690
316101
124096
763339
419907
22139
194233
526525
415559
250334
384339
114322
738392
883759
774216
199340
607029
822391
22686
413223
931023
14290
686233
732533
34195
596360
818833
344172
200266
281546
579221
73691
466634
941426
419839
493985
889714
85524
437361
868680
75344
278833
946639
203602
920536
280937
684433
564572
467892
74056
92859
481757
790748
895744
75477
188171
68601
331189
537384
396122
160128
586221
7730
919255
423113
394539
137217
69152
160515
347951
76910
190085
205093
651775
715484
29262
808928
291930
452534
545174
506554
277334
32655
550995
69316
114712
257567
942806
543898
290907
739551
923001
605003
325835
392128
781840
118324
246187
780774
669769
363786
323716
736054
509159
512979
673814
738662
588883
907290
576281
921030
65680
535107
249077
511508
571839
265678
18317
935800
250644
457919
229185
127591
249856
432705
535610
127053
581960
502532
908998
561276
386031
337756
926579
71650
651954
943504
912661
773353
833472
838881
687583
366868
356106
760831
241110
485373
222391
201083
952174
124423
958574
345051
724832
137552
883796
998269
918997
49189
511556
441144
629060
452093
418754
300632
418491
571352
38428
149977
433821
783913
673490
332448
421982
591343
872410
715639
332563
889043
132682
835788
811559
608309
673948
388393
241819
503205
536451
768735
401852
877546
938860
103782
607332
384856
158389
776117
502148
431652
862557
332228
671497
411323
842452
602845
250399
999806
888352
492992
755612
208494
728914
162846
346541
42349
887658
558817
637980
544572
851840
205234
360971
695330
145652
741107
332337
259098
455264
344100
533407
990472
510809
374264
546055
760802
841706
452725
170101
793345
316051
769024
888609
667756
560458
854779
583390
939219
478063
579983
548975
237469
198079
398629
546867
758306
997174
650884
566048
177798
44402
51239
796436
682962
396475
251079
153676
499670
862520
746747
197973
562667
920768
83302
441796
185580
742791
219328
546996
257864
256627
565403
671090
503966
957913
203160
769637
67554
604018
171432
990629
984382
265326
468547
62341
867346
32130
848753
710688
511520
830233
706688
635101
192752
905027
688397
697976
272384
370955
832062
181258
83724
924648
773139
103597
99937
542988
881190
314008
304204
271415
654394
645835
487502
231237
366303
916366
645442
406044
947523
677376
41269
727756
918853
682942
609082
903401
807315
231131
383875
86054
471843
55465
868851
877845
414848
973288
534660
302526
20194
693514
158598
8912
641687
188631
716977
689275
582601
65887
143310
468510
445405
662583
355095
765958
495661
453816
870329
630284
775862
539576
83989
52305
890310
742805
471767
172362
743862
31805
140039
451168
670720
865638
236326
150829
438381
12857
16862
109979
151610
363659
92080
580172
239744
193012
100018
801964
691910
753297
29039
695864
617741
487470
140707
365217
945162
375586
933095
503071
225503
77314
614421
682306
28005
351507
931789
224759
522987
278327
43223
180294
342500
901568
76849
169037
392944
882926
669927
572243
469890
867451
383722
474064
119157
927634
244939
211490
100143
554692
807499
125838
135239
447220
595373
569904
342740
605675
225978
365529
639469
76335
457002
655326
400145
488432
592852
136879
491268
935876
303484
955669
559061
856607
669499
843869
26693
98671
465872
993421
57683
400381
186405
163121
560509
812102
866189
225730
882806
526175
69944
128016
419105
474646
583007
558142
147070
445924
765432
69486
744235
484939
903341
468943
8486
261620
216684
921602
827187
417792
670580
864116
894390
109663
57179
318877
596964
176331
569047
408411
35674
111636
513522
441035
609520
353871
191293
223315
273329
642180
640347
950912
468301
207113
858014
711791
342382
742381
266659
498121
984866
897669
911136
966391
28992
362246
770729
651033
110334
662213
27485
403635
273695
316791
269346
933745
819319
789982
710667
114464
981610
119884
711513
922543
418255
81409
698928
688422
999460
226758
710142
35185
761682
59637
938365
373522
113651
77588
704784
596639
850806
647255
954379
373468
210969
742878
503929
490043
680555
430228
247467
406988
600473
431106
257579
967888
333457
681407
441519
315210
529190
733860
449366
330267
493196
125715
298589
475360
158965
751024
47350
377660
195978
869175
581944
386953
786116
349839
169247
998244
108555
482472
749291
805222
305158
804988
951500
926370
714318
84895
326756
271220
289543
767748
523698
562602
79144
559615
117676
166215
175858
281153
774724
521334
513857
277181
10567
210283
673517
87756
423690
155726
510852
768868
214116
718779
551782
45833
979154
203284
73444
560455
283917
322628
242997
823250
248549
784990
378706
891581
818110
562931
912859
352076
202215
606065
542950
89136
636899
9586
521827
17093
434076
407543
191975
228077
488219
157337
401215
615326
795564
995096
763605
177753
133998
546421
88519
119727
908154
934237
535508
291755
857801
878340
58151
283076
526516
806053
539427
209381
860702
292789
97610
192475
240445
264260
406538
834866
865842
639033
938884
405880
992725
971521
959194
464861
5941
969760
47708
196587
147606
904639
348862
13822
829918
545303
892657
423052
186834
525088
619664
553445
917362
389031
463732
998198
103543
976508
457814
961746
375795
979086
577658
793013
438659
988591
17345
892361
993998
415933
543540
784777
473631
912068
954618
712606
155860
422782
189237
65790
808015
809697
260831
952743
799227
362463
271533
151906
33187
326504
517015
582622
196686
316929
757847
610619
641200
966853
923603
670735
782989
362659
180776
935753
800159
565635
641737
128372
668952
498981
832263
653637
573824
838255
466003
936477
636641
317416
297957
155512
182597
73828
616588
738355
233848
795159
79915
409373
554
395925
608320
954237
362149
916682
752311
233266
375176
780808
486003
622701
407085
154222
650575
356771
356139
177473
963768
295156
936147
615301
848028
375265
920301
394059
449140
539647
536430
87224
742093
738798
696146
401709
890679
480397
716331
974300
997885
344367
348506
648219
832998
392504
697635
894283
691387
846757
325835
241624
785602
691746
900376
65172
218548
963186
625497
348990
392135
831843
989549
318431
478833
632771
228320
983591
381858
876750
653839
160366
76089
547488
603602
348532
931225
434339
850363
335183
67673
335959
993390
542553
698727
191964
162280
537395
12416
278965
171282
288983
838176
738748
21639
29593
233147
380946
757306
407534
586111
485110
782736
669011
746151
369687
50601
213137
892512
884873
227032
981039
553392
20014
644288
546467
168628
341702
976232
276989
488156
335706
57642
638878
937262
190716
586268
912861
699193
466114
525176
325577
834738
765532
33133
16346
268378
431853
469648
355303
76603
338210
705907
337071
393663
31271
272668
152116
3378
141885
719831
988611
833810
22165
395040
167073
564218
974175
227686
628257
622198
450667
12137
78761
488644
669661
644206
137803
918192
671186
381336
979177
765190
531973
597687
214084
927013
625284
398378
512930
319095
533140
887142
478107
49244
673741
136385
571945
82404
986996
843110
825864
10607
264698
861658
725757
451268
214300
4025
782347
401645
147557
186801
473554
624401
790606
679359
280112
487528
837119
40519
644151
656129
397522
842039
423417
720324
925992
829958
217791
200509
693363
888888
707294
322193
922450
13404
713164
843392
584467
941822
902523
655558
829132
231436
716777
251744
32578
466593
373520
897831
631890
149597
522251
825974
319318
291303
144424
808586
552997
920272
285917
427494
233000
365051
398958
802222
785492
529483
487853
684449
216492
622829
116903
152888
498987
844791
794367
195775
652818
932283
232149
250571
436707
733881
855231
284655
177656
317785
532081
310002
356231
747893
124179
556815
49903
882953
555871
307373
20748
691993
103446
752949
347564
151482
43520
400589
400445
482817
130365
355687
349873
322112
791160
686420
626364
215866
445401
709391
91833
935045
619150
565198
163709
611434
76586
68932
663996
864477
912060
285448
460593
615051
40995
979113
880298
595503
66973
724710
867514
445320
391819
60365
365394
797600
542797
34998
957085
700658
898741
22921
470330
862306
695823
157636
580429
514272
693462
597151
829328
457545
34493
340763
325760
467814
959330
311416
949337
438122
11220
358913
201440
566205
993771
237924
492825
988657
572866
500870
166420
194162
894336
477067
231264
866415
189647
21806
228122
679554
919622
547968
702847
169558
768597
817477
377036
368884
909177
293802
789408
828126
750598
638525
970941
898259
366197
629884
610974
740818
909930
836446
790889
54739
563379
776049
76213
613707
652724
69507
526556
508578
184180
82458
882254
735947
343248
546502
387480
953574
672402
183135
488799
606034
89281
211582
387442
614065
94466
722650
190750
722305
7174
815074
181313
853551
330447
77271
538218
343267
919278
687123
540327
498586
705604
190676
357677
552710
751631
407436
620469
390038
459794
809754
193768
407598
303541
26454
620946
58063
426056
856244
889387
960601
234840
688410
73072
364368
589349
938601
886051
662803
364739
844334
647711
765853
231412
379139
558472
478702
786792
186132
867032
292014
105119
778126
356374
893979
639645
724461
34722
465174
690615
86509
528034
56948
288566
374325
814655
463822
290051
609121
991416
6489
816370
989723
707981
363939
61347
848095
904311
534967
790056
130439
229025
797566
392248
709827
268631
527436
984417
514553
854197
87479
930226
655849
788775
911246
456348
93245
205434
263511
208080
902308
151683
284344
546650
653944
919967
534818
991799
596328
287300
415789
697315
299991
597098
48533
488936
744281
665769
746094
371363
670726
944485
643634
705449
243717
754201
22344
242422
808716
168582
491139
394341
306838
766673
101932
938796
62721
427330
348867
774157
804737
470408
918724
295228
896752
739265
920001
798202
907726
202840
527225
305169
219415
494777
798047
186522
213713
928835
267207
591334
233254
121203
514982
184030
321827
954356
154156
738169
453173
734405
873908
72498
570553
895299
878336
443735
195872
659717
166974
959690
575577
100012
463329
482276
660173
49612
794627
499545
751308
252259
942262
911066
398256
398492
206386
633873
550913
860288
110743
983692
288851
503819
207888
455758
396564
75739
111216
12738
31841
608802
656794
65464
610249
380379
708359
3606
660387
615228
114294
425415
291079
127020
129526
296367
842973
569661
746904
656714
201527
462336
341309
803959
966615
112440
594159
84545
801156
44244
264591
535828
210053
706232
783917
130521
685873
638946
680978
476948
552635
987345
563578
717474
735698
657473
270002
570450
352768
997367
871637
980460
308865
538115
546310
455183
702640
462115
999925
428342
435291
531398
428093
273584
842589
926789
805503
490230
731076
842008
463230
475304
323939
718290
608731
336882
876224
624807
883778
498371
108498
367114
428350
881557
464722
112711
977616
486923
677998
194369
407246
861055
26057
253469
565385
633430
96076
165563
834450
404914
752519
899358
460509
166064
429211
663196
897339
204510
288458
415749
249020
540617
939198
577306
809246
602511
820626
640132
195194
271768
143296
401367
26029
37318
237041
768757
774191
837100
240038
199236
729104
201444
251908
42036
395292
970384
983163
807187
244811
360703
376371
481908
301087
291967
109625
597244
489894
717309
378691
447368
694887
873595
817595
517026
544250
144253
32196
622291
618922
462231
55390
935672
616356
391894
685030
402866
197767
650774
819346
526986
911086
374450
813087
989775
305109
302185
586643
277529
914816
864428
320665
3372
820028
201253
9475
590447
3646
162450
759712
985804
761448
464196
788977
597364
930027
160373
117906
289378
231985
614625
903725
549553
177236
784364
682229
269233
530463
653542
83193
290975
285263
586753
520372
605031
852350
121839
707539
548633
621883
11938
496033
501211
298684
697522
119245
72832
409076
938711
28518
458755
211056
938417
432483
107398
418605
949903
44295
109197
589060
461496
549684
937993
78104
232708
943163
34785
99382
793111
854835
595884
309
513921
882281
34343
19719
653231
757812
171623
361691
931197
738217
685727
401745
707034
70907
232580
767507
880754
71252
537733
922121
857085
50974
270947
479325
755462
723035
574567
393246
48419
217233
405342
759091
183910
784295
359173
922695
383352
376165
474928
506252
600291
363128
570978
257082
38991
751033
750689
339652
949184
428149
348681
403674
179747
712661
540002
917796
704913
666756
678905
471583
612110
779205
146232
640971
836825
60610
425621
95663
221468
37916
86266
456816
416719
825854
617973
313083
665378
384160
962737
909478
153148
836904
985774
665048
654676
266804
454229
117041
888195
16058
694480
107010
348717
292596
884086
551790
666616
64000
698838
136227
896390
181080
448416
631982
656904
615790
744689
550766
453940
250501
83452
371120
771440
96689
47816
226460
717915
897706
910876
979692
346969
647660
102061
916824
232864
642742
562282
33196
942660
996763
512283
98952
112737
682642
627783
252836
732845
391981
393284
645934
721514
436487
324823
250546
789090
334446
341072
341548
256107
959324
879182
798613
548473
458549
285156
199821
935087
811016
690851
157182
220700
210462
614642
366013
870359
880349
696153
131786
244759
122234
648848
493975
619159
276410
820844
568728
178132
451637
699635
434959
27370
111973
696176
141049
960438
821079
174388
885883
311300
234683
582872
113460
732395
53416
344371
608298
664259
715353
899279
372810
726559
679676
711023
712959
381971
935343
911430
64873
277323
192291
205280
68526
364224
867994
650156
792587
861678
574642
132078
83663
813802
273312
812824
297720
586919
560743
760648
258044
181880
72959
169586
730763
862800
299080
498148
452374
245937
127666
688731
802549
891876
565532
632323
901586
347345
495472
483238
941426
752270
891869
67501
576460
217164
933894
462583
323089
604241
365642
339165
45477
298391
589201
41384
721924
32601
773519
278695
149816
530506
444159
556372
176863
494027
662128
409881
157946
252291
904164
400694
230634
138760
291402
115259
850907
299943
458468
995349
23995
326497
494586
936457
84543
392262
985345
439010
588112
797063
256532
93638
563718
182313
76867
973841
799892
505917
925328
44309
874445
47380
341757
907241
325768
873365
35087
458399
651401
163222
534905
830285
459346
324600
907631
419058
167879
682477
9666
353398
73316
628670
223371
885283
33285
797374
502844
381611
314090
287936
180483
285510
750084
348591
204451
493517
687605
416597
349265
133004
511828
163456
933867
342929
37351
562064
500265
592664
854423
486207
587974
738776
276870
737249
397681
427627
680266
124440
890812
530175
41066
381469
71538
137923
325051
981818
232779
369755
264931
625798
221270
490129
195825
142828
130624
55543
933955
625770
144189
247022
204403
243654
246265
956977
933015
461773
755714
29426
789700
339843
104758
584492
836310
328567
408193
26851
262823
444311
575750
105906
822183
619160
778652
619587
889998
37759
928133
290666
238122
413686
423858
550264
14628
296063
879322
287746
154572
983016
861475
41862
329387
989046
368133
47751
39132
288341
326879
493691
888364
143298
25547
134846
406327
256312
31399
973508
370923
380117
172640
565995
252218
704292
877599
742222
436049
688041
273798
336928
589338
111727
142107
281716
259391
210295
546248
136277
237523
24496
679128
935726
491491
921035
771989
50417
948245
173084
115805
139500
334665
281223
319549
204069
151183
945854
810303
84170
759879
211671
484425
80723
537771
980386
59544
918414
555507
716632
791342
425973
573828
190178
265306
221489
667548
443040
361488
768223
544873
264729
487565
310792
381175
599944
718878
237729
883876
584219
5212
387131
933617
34368
511515
402701
700732
919526
855625
293112
467104
322832
834974
65940
177619
615048
159167
849243
657472
352923
870143
240245
892427
956612
643741
745073
525489
567164
331393
305531
980001
220798
319696
715744
744186
521789
531982
520600
608512
73709
393480
512194
964824
822744
571682
946800
937788
106682
7591
631165
572671
568347
717187
890313
745080
751244
904977
965262
4401
960033
330
225685
472263
725351
29293
530523
974533
214602
222065
194869
472665
81084
61137
795546
522048
324505
379956
856969
44660
608315
335124
673634
391436
291674
989922
457294
207886
412317
544780
235688
987316
832512
792019
622085
993368
37432
968299
819917
489540
106037
696376
403696
110443
571257
441149
7651
809019
652908
505335
659703
702699
652526
745752
163468
253469
255732
875700
247376
459822
960067
210185
67528
865416
428761
417819
871254
750313
769466
548033
822442
381872
972294
809877
387262
584470
309655
390562
30659
109597
150019
895446
562015
35469
157660
863188
736305
359961
37232
639339
259488
922200
695453
151706
255503
566951
728761
764433
995864
757584
797084
525632
341835
624740
900592
757527
51179
841028
725007
761813
23322
354005
174555
996727
987586
434503
360885
24464
820500
362617
376087
127783
840029
121442
965440
281535
435536
53375
559349
688512
628640
73988
934835
203289
256744
92899
611249
63167
324720
267751
216933
571899
84920
964686
620711
875557
882086
875934
351393
176067
552669
264907
642134
76393
414650
778469
903348
69816
362755
556696
125010
247875
144020
243445
890858
990726
988009
756780
288938
836940
143602
571983
482212
871015
709528
645491
612403
946174
951109
281338
817778
595320
868973
690132
541667
392937
327275
879708
701736
979804
439053
493769
287754
390641
152270
471938
527874
852737
594254
645469
568786
44772
116548
542170
569987
17300
168414
778536
663714
328312
429384
472007
848789
798678
778266
46448
724382
158541
700737
397960
560488
229925
61113
337901
655490
998175
466922
825415
469555
883902
379022
937055
929071
340936
249451
297077
316594
234062
963041
830117
810154
679552
14086
236172
906108
376994
226647
506712
705933
528140
553073
888728
536812
380566
717922
908524
207181
441368
159025
746373
651913
930255
290579
907576
973951
56952
451512
205704
111597
476905
685815
431554
306159
640892
148587
944709
422823
112404
964223
451859
411430
192411
347334
894108
444509
964581
12115
478702
133101
104010
849675
785295
978035
697142
157941
354671
535518
887408
966334
975832
156581
557854
186309
565728
926817
297513
705688
584506
151966
439642
393493
302191
56270
67185
432671
252708
777902
197854
553972
542042
647442
601670
326820
608572
161396
388181
13116
421230
821313
834239
636655
476233
229321
987774
418434
439617
801444
649581
538700
50363
300160
653340
267184
851427
217614
942458
823730
997321
581860
282178
709157
575370
860121
450718
986862
563818
249483
157453
180902
856150
461998
909569
35071
449662
791718
280430
883760
140833
686040
683765
267995
312232
123155
909539
382144
671013
833336
645685
347828
559402
34254
45776
274280
931923
989946
627938
676669
994062
900855
537356
774866
710111
539706
56209
148689
631736
348644
764650
583740
778515
870633
770112
268675
226282
121226
975399
558832
995183
176501
75595
610362
936447
263521
289449
230963
689284
399181
338111
593192
967755
545318
101503
244734
497747
891117
428048
109882
326023
39467
645534
602706
131055
123407
716663
504891
980593
951774
804559
698580
860017
617457
359637
574805
324886
179539
517048
432648
45726
342523
945359
953075
143785
242320
903013
471516
83582
938080
822625
789181
151962
964516
38131
608330
719490
333787
280265
826650
714496
291456
555085
164772
108807
706289
932131
638956
452314
878949
734448
961925
501021
857198
604362
60021
302773
664514
200360
784733
542570
981929
440219
374661
390113
169881
672567
852933
690507
317467
45920
598202
338744
389895
411764
402326
96892
732465
235901
361475
51641
693075
996243
14328
736557
324647
87450
319044
20249
748836
719288
314557
439192
633327
786797
688525
923476
658426
599300
603294
187108
413617
782194
373305
955812
564584
580231
63703
681998
875820
337475
825315
381528
346385
734655
566819
927772
932228
628989
271637
789848
742456
171635
82731
211959
523372
532035
883970
176554
551709
634995
616253
291653
907640
791533
715361
808111
695870
463787
586384
180810
632989
646775
803706
992788
979234
622591
795326
35774
707537
17293
135545
320362
817081
195784
735995
813052
770432
844806
231096
258619
903444
325645
97281
236247
253612
908383
663024
502649
673715
656137
313324
415482
701520
631014
387930
385855
175
339678
162606
634480
882619
591062
222694
293528
112910
149348
682201
368577
440706
415198
796591
628684
861445
914529
845989
36184
313009
243661
505546
193716
650142
502294
321983
429701
41099
729038
495664
242416
12818
594498
950646
883858
796684
910678
192009
958785
287572
773261
982839
905988
373548
234531
783723
197581
446815
6488
864096
706845
703754
937468
22910
186935
294390
636944
557992
746460
926174
927615
102029
646860
601163
970294
302177
344673
889328
349928
765170
543013
369703
383502
167103
1425
11497
731772
621135
751717
406124
746975
314756
345021
985503
522289
466142
359973
749840
16036
177412
562449
13455
123760
417563
80041
665665
755499
506599
9506
890467
959009
433979
515255
311003
983017
916049
57997
406802
583530
269648
349327
97661
843483
793310
361223
825092
260487
33297
857553
358645
374653
749877
16833
946382
390289
377818
654522
872054
254359
393720
431988
179494
56715
3446
588093
330181
756295
378475
413312
945118
420233
206070
88282
382231
201941
25154
154675
763540
481688
915142
529256
237820
948941
428995
73231
122112
599868
456835
526499
133342
516233
523349
873160
734622
205538
553343
40773
245219
672272
353796
345157
638573
17589
589756
251374
136774
309327
844950
616838
475189
172585
162369
413054
122826
482475
965552
459237
281535
973941
908594
45504
410585
950969
385921
581937
700929
795728
9883
430393
338089
453838
302646
879327
868098
895935
529124
238689
364570
199242
266079
496235
590510
900277
151673
322355
246205
652015
293612
708152
607909
778675
373255
563925
505783
402455
650438
967016
956272
611331
764838
728565
405257
344983
748276
669949
949695
257797
499381
245097
410497
714722
78018
521395
892371
683277
246434
269438
63957
598723
537204
443934
845900
596960
406635
290880
783068
715451
836396
805930
454404
259916
590955
300620
533912
661154
939196
695585
725506
704100
925343
682699
220010
392808
310237
394854
70913
254817
499908
156833
873924
692578
326847
93188
128282
937793
68446
826687
447500
857506
164021
906669
346104
408605
819980
846701
384047
158061
609871
21641
502160
784892
718534
74796
156165
988525
920441
674797
643633
753450
270954
245804
123253
673866
149725
43219
782663
837826
588110
169624
380758
697358
332901
224480
855758
68453
874763
481494
581262
169286
524544
729444
816448
237566
749335
342472
400325
567439
82738
284968
768500
377988
168701
815622
16376
179210
843303
82201
578254
328358
891666
424377
484588
542659
926482
372424
353972
789912
724522
39319
300986
431767
1163
382256
379744
647579
737766
966277
150024
510375
504802
986877
212321
302249
74624
30868
617452
165663
951968
395125
310704
316334
580646
97054
953604
432660
650484
338116
673113
122619
178928
296117
492610
886436
367083
302049
470957
713956
800827
612047
460699
427181
62850
239025
905542
369015
544816
592107
924495
350753
572355
214896
69636
116462
552869
879767
575739
440313
214340
625208
471029
490410
459441
872567
622876
546935
259614
480781
581748
924601
240952
719690
446445
111550
122705
177704
37300
787123
320587
835852
274572
545191
406936
554455
961983
631933
522229
439116
553177
680199
941601
108481
921148
961280
884112
750155
97994
631174
634298
316322
808099
160955
835575
409343
577907
661577
17495
633710
973713
382641
472197
613287
393596
813749
394949
26284
424151
450621
242180
758555
327333
546145
985358
651476
368168
516676
526725
991875
848295
54621
527428
491045
324453
91416
523751
159785
114086
383038
130007
155540
694108
963688
917461
946790
725678
336109
74613
639748
402896
533753
2553
815587
511207
627446
193204
252
868147
763175
104335
746848
1433
509723
451146
902919
155433
908447
737987
523912
919935
607988
41938
996523
395582
298820
996815
324617
732672
182774
953188
895867
164083
744489
221368
105642
154811
981768
302369
730962
724384
850522
164946
48150
524234
504961
269210
698598
829196
542947
6592
666648
223115
817874
605241
374337
96710
848669
466312
162916
436207
270886
852523
43345
625397
364427
639702
379909
951808
805271
982361
653131
653395
436722
522001
652114
607920
52783
382444
180271
987457
626948
705021
641367
291007
774135
57766
403000
44721
722554
204913
683981
232913
963394
415045
215130
214846
551680
630911
601765
211254
998648
187876
201184
471237
523218
888669
346185
468305
525893
413849
232128
578095
47612
257213
572566
353436
335854
213835
181941
571810
323935
697388
49280
673699
950443
254818
581148
779648
814769
255953
423118
150311
903315
349809
483318
597744
573945
142001
491794
648087
733279
863068
566656
293140
271599
450207
145539
228310
606124
361262
489180
21970
95975
953770
395617
415890
514776
788870
826894
142643
76101
812355
348495
860148
822656
715477
648424
903209
289958
167197
845335
476482
493294
620110
498352
596193
976588
861041
947117
215691
358533
175644
140579
253378
325667
891550
30483
941028
20767
569630
395522
501372
941020
605386
871358
616308
511443
170304
565226
686411
5933
452351
215501
517382
24774
30316
754540
764557
145645
835428
869047
619422
643324
748724
229418
522706
157720
618353
627625
394572
900837
791875
718360
468271
348546
680213
587384
310762
702315
999150
785216
748839
512713
614382
813066
423259
497257
618152
956635
341616
752672
28864
171141
395088
829585
930481
551588
626301
984461
83955
718819
884994
84390
268875
394960
243769
517275
297091
839014
577202
729346
544688
369360
491414
653433
717537
576911
316538
126052
782065
234858
175321
341122
782621
195483
663810
150133
683208
58197
481553
873103
667002
288943
79797
290320
851551
206228
55547
475397
148741
514242
576790
208281
739412
608570
76251
723000
920765
373840
973608
585452
605950
502302
481243
195548
741395
730011
328357
801453
493264
648793
916151
323896
955656
926793
927070
455358
262448
265878
232469
408235
297664
692075
441311
845932
314167
356575
374213
232624
620637
626493
762526
921216
735558
183293
814424
803020
32184
476607
47733
799513
789383
505541
533079
377328
578141
696741
52586
900628
255314
320252
638354
460748
859182
229400
916984
183409
500419
777890
545474
200664
833050
793318
537625
429217
516859
995049
905084
197341
789933
92978
909073
75433
218247
835418
524376
437776
842472
3124
111147
874772
794662
876921
182973
806417
808119
248318
612001
372753
193236
744926
473354
489353
681905
153826
633853
242798
427247
972590
899367
151013
519263
726081
505867
478018
62250
748602
922121
661113
177116
439167
528345
353911
803568
754360
215453
323141
527373
787772
240685
679843
759695
577669
564341
368801
855976
205081
894558
710420
648734
91349
725391
970543
549220
978748
384429
130222
648118
103935
908289
412717
416680
963684
314410
400311
388437
363802
435398
703585
73561
178731
498442
363323
494314
291307
588444
601535
362820
162753
613108
548701
878217
857547
955471
514171
583612
683497
42591
75248
969236
449006
705862
94893
335963
599462
147157
281054
143418
287266
167744
76766
45572
310238
902155
506677
540768
584660
699960
66665
828109
651459
791541
488876
882606
536908
967255
832797
439071
342226
950336
174051
723290
551810
70668
945022
681783
517870
686717
831913
905861
757032
372932
518331
584912
647555
12187
406680
332075
530629
62243
507286
521873
709111
817448
409981
206442
99767
527441
788710
204008
684853
120688
950124
510997
428716
79148
78205
587355
121619
31337
773320
106715
67757
549998
907827
591408
281650
28986
898879
573377
773507
838503
871201
722316
214039
131185
595694
592475
93589
672253
202280
37231
309902
855348
740813
906268
24714
850453
903118
824632
70803
744965
376490
633432
81089
678627
768968
806396
141315
662499
884757
327727
530222
375961
948473
897058
290361
17122
454316
698821
694247
954778
831914
706228
421357
993912
892433
687545
117987
34363
708685
827010
348199
284630
101335
446057
386664
312092
880216
268554
980534
431406
392800
378751
886417
633339
509654
813152
717015
297088
45371
213721
557312
666895
70162
670320
268618
901132
566814
15945
807164
853041
560894
521002
936192
621302
810333
91371
156240
432615
388958
227302
668486
254225
938406
504095
987716
812456
763187
743781
573769
591000
756610
539418
273236
427306
283603
972710
654350
560193
871836
253966
969810
230091
341334
611353
796554
522828
851531
7697
623173
830066
347592
704123
619089
661829
584449
68780
606526
362056
619260
935383
847059
862590
170081
285543
367294
157059
586002
449088
283328
355830
978154
682227
263150
966435
469629
363001
877365
62224
80063
897614
820688
37949
571008
952766
31802
664580
902913
941690
39196
199659
515218
40699
49031
488210
71200
450623
887205
331492
765826
957657
196941
822584
620468
661582
794680
162858
889591
734324
468307
727013
897500
425068
507850
924786
688228
166978
979030
267337
235952
63224
168521
795451
342019
621760
164399
314940
284163
163813
742986
40147
477524
166745
375041
453285
368724
247177
194530
258982
447411
875577
624636
515138
139154
729252
972813
35710
443281
365163
947961
479169
134659
186417
767216
120191
617638
870304
820064
939432
600678
78806
962837
349019
626932
958286
784604
83161
877582
643642
714584
972222
524237
978224
272817
471223
854493
162749
480578
202084
620708
889602
79226
911683
497351
607880
698158
766177
584072
739931
448555
661822
223427
827277
309670
685407
700625
534002
224190
236956
621727
743888
589738
473438
970418
294791
60781
801947
108122
696714
506083
937340
527110
165441
39927
649189
825856
244239
494723
903583
346644
99499
318854
656162
861408
791086
196733
354918
160417
954139
213178
850731
625023
294618
810931
7541
330979
296657
173462
281310
209194
889965
619184
967122
246035
70440
877281
471295
103891
548332
32368
92911
88378
377498
845643
317082
651230
536056
957745
661191
336296
703485
212678
136755
561975
812948
537828
678542
591024
889075
347534
449336
5896
893890
35031
865774
663827
438409
523258
381143
821012
932812
300410
715165
815473
928246
425491
796975
96698
609298
977912
115852
511936
291480
629479
968843
670797
319422
362412
93254
747529
707554
870267
734004
387187
285458
657001
297672
757124
468893
190126
21788
332596
789323
108795
317089
602209
853763
800938
802631
610839
661402
179784
324875
546369
516317
834934
444829
302725
338882
832652
848137
784624
483507
21740
832723
239455
105218
542942
141024
717618
977321
880531
587769
641042
509770
380344
523156
184627
215268
760036
718704
206781
84780
695431
573324
181211
570769
91053
914189
251100
526183
284930
137062
647209
572753
160883
91327
930307
203794
554362
31108
490932
513294
434694
84532
566601
469394
22446
932945
990087
719762
557524
77411
35195
224210
589978
673663
437079
894702
24037
32918
924429
812451
10566
561814
577872
546091
961791
957814
237604
747645
254179
850119
423
353995
66351
554364
44888
615406
822657
321584
836738
570248
726700
236655
352745
143375
821255
373970
539775
739290
304310
916188
437277
457714
65767
642824
944909
103037
619117
904464
731234
568604
676584
780339
667750
794442
17261
256480
525371
529174
821711
960480
44518
89634
956166
683050
424160
962265
289895
300577
531821
861448
801214
933658
474755
747086
645106
231328
499914
334001
631272
35809
138031
831454
38663
849612
136901
632710
285838
352528
253356
76811
615175
753058
455889
726526
38812
912603
34865
730532
90588
828695
353081
745955
6182
630687
493987
426966
360670
902118
555441
650969
720825
398355
250973
83469
157083
290705
278053
543727
1763
275635
120013
221235
750831
527394
222807
169820
994300
800410
167831
484368
788772
573863
705045
147383
322132
324576
330739
410090
563552
808213
852374
770160
386187
222977
61179
616179
374419
243456
207312
988248
939207
952124
697275
563265
50832
698903
292988
801431
50216
720999
830017
699829
906297
958554
112279
596456
440290
636303
931884
849269
145211
669891
291903
732933
304274
234168
30058
371267
36273
147301
952793
505765
571093
455727
306648
997163
378675
611209
714843
786445
366517
334015
227760
831546
101837
615085
728933
696993
180565
294431
69648
548638
426954
634037
39570
589095
964999
915194
627293
898273
152696
970985
172454
667428
569829
971915
356566
832478
774267
270832
545807
427436
433334
238392
962981
4197
390729
188048
400611
4060
665773
719839
809479
425534
626215
312575
698610
761721
372931
832487
479497
975300
197035
642014
680247
461529
221452
305264
1256
222318
933763
212926
306015
409189
196632
991787
268147
853
330448
197206
474546
188393
69351
717120
52673
352485
292911
457261
295766
148624
117646
404997
404792
103199
284028
533043
26055
97938
885721
790509
886019
566602
209182
723968
162872
418516
547293
381491
630754
98208
957543
523856
377348
514502
618200
468102
878181
740519
449954
832505
122345
750790
377447
143865
136567
622060
16639
80323
751553
694622
238423
381839
2007
132499
872433
862051
443789
614008
238860
354725
262790
30727
240538
537310
194556
923226
841227
596380
170331
971651
561855
136451
77320
568305
949522
798125
603314
525541
903153
91066
397878
582886
810672
611738
853655
728709
702949
761212
92947
770773
16080
663445
168559
215811
118096
404236
725138
776130
557007
953427
525951
78947
252867
535537
154607
312522
206548
225394
400277
505811
740143
606089
254516
9772
698613
780207
491512
819882
885441
965511
232914
180643
450857
594553
96664
426625
335153
334828
506880
565634
732740
782383
198077
23052
218092
969401
631578
809882
382458
751154
482095
760388
836135
389061
499083
751621
652500
386770
656775
898707
803612
177222
638140
292347
64809
551338
342173
319211
989317
424237
196510
492423
586729
856354
842941
523192
586559
362460
372270
247736
80228
408676
361665
515736
182067
746115
960863
121048
715032
221609
749383
379654
435969
360398
109964
391748
266716
793522
259711
324154
486779
501898
460980
623907
433408
232178
495977
718696
987024
547111
298353
446781
615269
809784
239507
243495
466606
883176
200049
561049
558192
609175
265012
875059
36788
817583
815271
601562
128255
753188
368039
433319
477178
547378
432480
62070
725666
89858
596777
829426
295371
59671
51703
169399
767595
795833
352527
1145
889725
282404
395057
584039
717659
595450
939565
777153
651153
505926
413489
509402
567399
725311
543445
498624
584820
608491
146820
897774
698510
401451
145043
385125
14616
3548
624780
613426
116913
29771
770412
504148
865966
804234
944737
549921
664477
269636
482015
786169
352281
269717
490925
733032
190352
610259
169996
717931
905134
217423
200643
264067
989588
749329
7310
177836
263483
245887
199860
17547
13993
720052
732368
617904
693426
694386
792351
214327
256698
687377
444335
596377
659114
366123
439768
437826
697326
567921
633974
493292
114647
641828
781043
180979
720677
540710
655835
450279
155093
461020
267996
469382
393177
881472
279929
818628
227810
629570
805358
716487
638232
42802
565472
743992
225952
486165
918077
317747
191183
139777
794951
75208
966673
44885
727093
161796
992859
30143
651051
732642
217460
248614
203819
368740
324564
822717
7130
114657
681699
835594
268668
639540
815184
342029
359173
117807
479956
91492
965689
335514
242172
140342
721254
267710
755118
52955
220998
595009
500997
145276
350202
756733
771907
218175
622483
797977
475983
189882
779364
721367
235155
333075
753622
583120
865375
38661
878622
495244
783674
148688
408014
486320
981809
141359
379594
437089
638626
110620
161074
219951
980449
595079
703986
976661
753378
449185
65776
687174
763418
539425
774724
498358
671773
64704
291909
144297
489690
883058
110434
410164
471587
614333
243824
528233
349097
378882
162600
387816
230054
555465
76568
141141
919902
387259
530411
446976
396742
985127
535029
351455
628293
644579
921879
137415
178693
65481
295552
871542
975790
730735
371193
317499
22561
504578
147643
135744
26338
707161
989924
70330
278871
757033
923543
546837
995887
278850
599841
862575
33196
986072
81591
254349
481589
806246
406172
750167
606177
747190
438848
957236
934077
486617
534740
674168
693726
823878
896486
479536
146872
481431
229734
318655
107318
780826
139638
686196
512584
451140
321179
419337
423173
72589
982490
6501
156704
528894
540812
417493
98871
796037
318496
542654
527526
936706
946632
196140
391228
990151
64906
297919
388161
642424
145741
501854
229989
359576
618091
139309
67423
134834
464724
711506
609462
377641
421858
961298
19126
325648
985520
983524
367116
205423
778577
102814
325646
312570
475017
885585
388464
521852
342539
135650
21851
202499
360021
311260
889490
590167
690394
332379
145423
747054
591155
616294
892231
873824
700034
500962
148684
331176
867833
996272
301544
355633
454076
428603
526143
809128
850507
88636
931608
386490
929653
85710
7954
139306
921889
4640
54387
9544
265773
380288
514988
809164
479926
587004
604710
634914
479446
519249
934376
819793
240549
880379
274024
849741
920738
812132
76739
182713
609561
593876
681736
582163
505542
527944
694232
480813
172754
89170
852633
102163
140025
902282
400812
630187
75257
262317
545211
279300
669746
610195
941222
406935
739336
441324
541103
60650
932617
138739
478437
393350
561206
699687
596099
48025
409980
334558
838483
695072
185176
792051
554842
190220
722233
731487
903977
955412
883919
906813
508740
789376
643162
712327
394238
235138
468178
633903
906266
643274
930704
406821
895414
493015
694029
850084
952102
948364
295306
361250
246363
518646
601807
779096
130799
562078
582533
993484
88851
455713
490584
713943
620414
792591
70109
494100
206953
856984
335374
546155
368599
411651
676105
107823
529021
393413
382108
733937
450676
921287
12976
251679
770526
355235
41004
153961
829318
690723
540997
960189
527819
640952
704579
617077
859560
553490
942647
88455
543370
729504
150658
602050
878631
661477
40672
898811
807337
783961
680422
780916
904728
927184
897464
989935
53154
581283
609447
108881
124671
459130
78468
787601
448277
27725
97597
56887
727903
67157
968941
731036
569583
501167
235169
368898
843207
105617
853104
732240
732786
321020
615132
265324
867793
652319
163291
559011
931601
362411
947204
641488
871993
271221
250662
794831
858179
229319
497638
158837
594930
782440
840601
707892
29582
182639
362942
116245
815694
838399
813955
776599
848688
327257
169216
658198
705887
124160
146503
507048
785098
18730
245126
391602
737818
74842
455002
475147
986264
421682
579894
444385
632579
45331
368163
361616
734520
756484
494886
368914
18066
715172
608582
369479
830460
423239
236802
563892
221063
950682
608886
108860
817980
32913
249620
607957
932263
949098
927388
989724
200536
484164
263784
468082
700599
644964
951734
555635
709883
634088
444900
874000
169001
746306
461010
496877
606768
461864
330952
639602
510258
455706
130214
457779
452188
16305
90775
174064
49088
488514
857240
822654
205081
278727
575155
522643
148982
344962
262527
104804
361339
958299
143676
854674
45962
78492
877160
719787
11832
347580
61321
994850
805072
302398
282008
238738
722821
567891
146225
835127
237281
192519
572777
709403
988636
61406
73444
918935
400554
81074
43081
914232
199226
490807
907471
448091
96460
973308
856856
990385
177803
650178
861785
127119
538022
506170
878207
529163
151703
514446
762037
569492
680699
18724
542933
711227
810588
712395
648276
115469
877047
570240
381062
568361
589923
682451
870601
85397
214814
626503
485741
280752
960742
507003
473602
773324
252829
705646
351076
118903
885085
591185
954883
969117
950108
156769
698943
852907
509602
702548
182689
774004
123221
281958
59766
287889
17714
906020
878117
359832
809087
63015
567821
600597
998724
124817
953053
796597
655109
641747
464575
874727
152170
784838
515594
112113
157743
381071
398451
774561
942649
417341
341979
972366
152787
735741
582397
15499
602364
879986
193804
100804
196586
140523
989550
734493
243281
864969
838192
536350
470324
289050
434989
351315
294962
342889
773826
326678
880661
242909
261127
608867
95096
900406
136919
307082
792804
186694
435827
838578
131914
741784
340288
930837
514236
165519
852052
144251
641743
541429
176032
614434
158702
480173
412334
598967
75192
180379
755577
479614
401454
658093
343024
432706
509108
679448
708957
451191
569347
333599
802403
303605
629363
410902
787971
23089
696782
668525
193123
845106
52354
354627
903397
46033
945657
986776
726933
263698
724206
126621
270147
369752
542442
738557
992240
293916
856144
574703
304394
415560
301046
117764
483577
330287
404599
724871
371153
612004
626972
119778
11492
163322
763340
640733
740053
813416
830326
349474
841451
595311
566400
170643
780074
311376
492395
20270
951530
768276
190698
401010
915618
816126
258530
708373
102723
828745
439104
285658
614917
185108
230990
971906
555796
717328
807894
834043
257085
13133
580322
354461
339312
742817
529769
77982
666919
567340
350422
429073
994483
17616
563775
235975
824462
284792
725135
111860
852806
631537
173801
242398
222553
277619
487411
898239
852329
467123
197606
392128
971066
723871
127602
909614
175078
25036
167233
448239
586006
610781
917542
318563
255111
772408
553037
971478
175772
943428
631137
265982
123246
226338
491311
957491
655182
458628
579128
208297
140000
706997
161373
284420
671391
267247
808910
879249
908075
162479
813612
64393
973924
269186
408252
606946
331166
123087
28184
471595
449896
627337
651372
848737
815409
229869
267455
817347
513591
234906
662010
676767
551603
430674
274020
114681
796283
714264
173361
217762
904980
176623
952597
358323
365573
653290
376182
233996
743279
183661
456289
9953
28610
471643
919877
428646
430750
233867
203495
53652
555664
429256
218906
788205
206022
715282
545731
860795
391042
9582
572993
966420
996826
341412
859019
990398
7670
252619
50555
471536
610080
353928
626256
355761
878191
842282
629057
746419
227714
992152
468516
613515
808986
463257
922825
90073
236915
996562
539605
551531
158927
700478
497000
406742
90114
547716
941729
942578
638057
166419
854217
292372
998296
152059
182666
792216
694144
62045
886987
81631
575938
298494
639697
514188
407671
406275
674761
44816
395578
957492
476620
952870
102911
279356
7808
731526
55151
578575
192521
237476
456604
262171
20994
491153
155936
419237
781445
291229
762167
807512
789731
481463
921541
654848
119071
189273
163140
533508
333553
317976
915142
526414
775478
780826
324121
768913
87635
354221
616380
694277
256819
941290
531153
625669
941804
148410
572617
679709
923835
104904
393039
872111
633351
516661
893890
385141
587987
57006
614899
380784
716308
903207
882108
20983
88180
474648
336859
931159
397685
394841
909710
428176
956008
578560
120380
462937
119107
168601
934862
18555
295772
609812
241814
920807
35622
106364
275596
210952
693527
370229
426036
808743
516870
269260
917296
882055
114689
54957
71240
940957
851931
560747
774856
658778
263734
367689
324234
781995
310278
166566
647809
48911
61211
395517
489402
853696
133873
754927
819739
517156
380663
572138
527572
129892
29317
840682
58264
786960
675055
656471
766771
466191
710036
964460
737019
879032
104619
644431
693451
371801
181747
618022
98015
575441
757161
394242
889407
306674
716710
407011
805574
573911
991089
428135
134756
263574
965153
760964
601198
531468
813253
67675
650169
368316
570038
884914
703619
755237
320258
323247
924272
938184
115292
76602
318031
961235
31162
245705
271323
9094
218213
433808
49630
358970
491774
539089
468636
796773
77745
842431
261850
401230
953323
429846
110736
148177
305018
47547
35862
641215
148887
64437
699397
733830
366716
539090
452077
198583
156978
539523
682140
182997
751522
438737
181112
799561
44993
461919
80941
148699
657046
723829
135510
186768
493919
738550
152641
479352
170148
453742
4360
851435
320824
708604
89797
32910
393961
296174
597784
870921
367532
18326
705082
545253
741452
727826
696607
621856
936714
760532
237294
725692
189456
692031
609712
821540
594877
645691
510098
402418
4353
471909
555238
716725
932798
876306
334578
272219
967600
342077
356757
930740
139854
578512
398403
178961
494611
663695
629465
990763
504878
823454
536719
745741
24067
208046
253620
876140
310696
525789
987089
889290
295568
329828
896579
62051
304736
475976
96110
269837
247617
715230
272828
957107
978249
690974
674292
886934
931681
453024
834995
771641
578599
843044
675388
710876
624837
507777
666263
625866
264773
700507
408125
253084
592616
809580
35928
950325
482835
465239
859727
701067
492368
737026
552323
662248
201905
547115
794344
881648
358878
448927
956588
61103
993715
844557
916001
673981
84876
849259
333183
138547
945138
30752
804534
934375
911184
147728
572553
809653
480398
823210
106496
708705
839472
131262
745142
667399
58876
889087
209414
425532
557278
413517
684403
442858
137670
82271
244825
892026
193110
869183
219997
997910
920714
585183
715820
751192
737107
202672
793996
667529
356573
649733
767185
901209
978414
830793
698394
938467
416753
868834
716360
868694
900795
63723
128761
845962
265294
607478
919297
380444
946233
56514
484139
677674
374551
328202
282782
467776
498752
681729
934532
911775
149809
825437
419831
450597
911608
387783
349119
239779
768082
372427
389260
111046
804927
971106
981003
573918
387822
127805
845099
352806
988417
547039
983831
532886
433771
35503
485761
950841
303401
275375
314019
16184
492471
76444
200518
580195
711124
137785
536309
41724
898068
379626
810583
622761
322471
111839
505805
313328
750515
417761
193200
159460
31597
506074
852305
85214
137550
46518
889412
519835
913608
247897
460700
95373
806782
423913
363191
915141
858265
724193
824682
815616
78518
871914
582602
972628
639999
763247
857
608408
979919
365426
406567
181643
517343
686660
194804
994950
610919
467359
810620
723680
585892
495092
788035
431933
731108
410306
237658
504625
435813
366896
148627
748774
41935
874272
63069
882886
942500
227698
984538
895910
94977
341551
335193
309307
114420
726756
834229
304696
496297
52966
621262
373618
539911
721466
710254
326958
319132
629559
137493
660120
17620
733736
445693
897131
907835
432564
305266
166432
195957
318926
926043
432167
105448
713892
51801
13122
879414
315785
700910
779843
422069
670858
752344
731740
741440
811811
40060
783236
676247
682183
640873
439661
963780
983599
966623
569073
377799
202769
589842
292813
141357
693563
66456
924740
432780
178720
689882
82346
567761
881531
429657
915278
818113
276379
794428
377286
731942
660188
77032
329930
796470
877159
919422
107578
59442
37982
401671
208486
988356
286088
599239
112926
513577
65690
177446
755608
565486
164276
439043
913923
127443
368000
464333
670606
164399
225402
730664
240323
973649
574709
469577
560643
632368
768729
430975
757814
138453
670688
970556
449131
129578
890641
111626
622579
459173
990199
658887
819370
354923
44309
192517
320594
818964
571876
363103
721470
194321
550337
365085
786131
214554
282655
519448
183912
668290
53916
799558
573314
227562
688600
166954
326150
19603
613584
228087
52157
23905
99293
345474
701755
145693
368070
579896
671334
383727
831721
93585
852623
399866
172167
209348
486286
680178
733927
364436
773981
147030
784676
349602
228167
224378
192535
795779
590013
983368
741086
25491
319139
690020
104705
263958
716747
66408
299698
14351
166362
881010
147723
353606
314909
994544
592678
442377
358402
187597
20661
777144
96908
926493
290503
815621
659705
745199
98515
334700
560657
64490
119885
201299
211615
446810
172188
956200
67228
722854
671330
828283
463404
277294
831054
683823
98890
862439
144733
479411
306458
429892
765866
719405
305759
559912
408419
993172
301603
425103
80224
175943
939434
471935
548539
235205
787833
561254
658357
125797
514254
949977
89678
859823
642734
155565
155370
172393
414383
512439
629113
772882
782229
219079
685045
60971
671534
545534
149042
691597
346128
244365
42912
739768
719477
950644
952586
137074
264110
511029
87696
56842
475570
206661
856699
89819
551974
404007
46777
820832
974273
577131
828650
222585
131594
40110
921798
553398
450688
132796
371898
342734
461053
510192
834572
903733
659480
81823
59248
668608
957605
14081
147784
629909
745568
551533
636137
811867
187528
531663
170732
352616
870328
242751
419695
85249
654577
534613
504071
888322
727354
514745
479242
739103
287380
298435
363383
448131
859078
324603
468035
109266
213449
416989
934606
764287
796601
394975
55666
650179
998943
758616
694927
322736
160266
797515
237167
338926
692446
256107
779761
222446
239036
199904
256969
737124
307121
887510
598018
230648
171816
85240
104243
313767
678864
657847
779098
368520
500929
549177
363833
744305
432043
408478
388408
999695
959985
297949
768090
978249
208087
203029
384189
110931
544012
750831
612986
702310
468184
811170
810127
343590
767606
930808
505158
119481
854430
30277
751090
300564
778582
797325
956401
672982
266467
436209
267648
256253
888953
59272
772227
337505
926546
460020
63130
687024
627757
645972
144628
947345
503897
100396
155747
336340
128078
481578
12168
670696
630239
495452
359022
912759
105188
608672
322838
39665
168944
113656
941695
753496
320005
715788
333953
153497
839858
58908
647756
578718
710172
635739
636002
135299
946197
473619
207001
305831
989040
931306
830957
219200
588973
733261
662372
518134
648826
11521
58396
516999
218016
99472
961471
659062
534364
565524
378353
10427
762039
204693
524519
776225
13162
275772
736238
499283
732218
311998
165148
921527
956661
536577
223908
696174
457749
83476
114736
40336
603282
259228
375451
309134
353173
687681
826977
569131
9561
374579
797947
654118
571449
163565
986099
63489
589443
854505
55379
563946
50645
649095
883153
307242
841214
371955
345890
82367
618033
856989
489591
592440
967165
83627
949961
804530
983839
444115
866449
765102
909552
12619
217279
28739
831007
170783
708857
210916
962787
763956
571262
706694
85167
616088
597399
884859
686581
247149
220321
904405
394113
909471
598504
434260
374106
94386
374948
726560
133086
336929
940747
794930
750495
163690
1243
539515
765614
508074
739795
100314
9730
363333
369604
84755
606748
464740
452751
842905
777986
270205
425458
764862
153863
183427
976416
673735
242040
915538
717693
323928
143156
900412
329012
505421
442028
316805
192232
896509
449960
32037
157162
28018
559007
599830
663713
796751
62434
751547
871132
79469
185141
950252
225362
703064
661350
949113
468751
329098
499396
693939
128155
859939
805736
380464
617054
964860
135382
264993
373999
315613
810410
920329
568355
969660
108648
285196
372777
136390
242694
759056
517466
929666
843361
600714
436267
634519
433342
762944
905351
153084
576185
973469
566191
364329
261910
628241
607723
468616
575911
468181
396851
702745
990696
994663
881891
659060
749587
794059
537346
27616
462060
810428
184897
299976
305737
126701
773961
113334
453749
679875
882270
997617
147911
666195
508347
262348
646966
203306
516848
525957
889227
65039
989564
399331
115834
666235
129955
967663
130324
425653
681177
200224
372676
817363
733315
744200
405471
859704
627607
214718
769858
404832
548216
981555
539504
158042
88234
671451
410782
237184
545777
500159
461981
800510
900782
488586
906531
805482
821918
426335
375298
999353
717299
435828
395288
149379
232593
401869
342902
742593
70964
847938
331777
460103
460742
594477
955481
844890
313410
813546
902454
657724
228858
815027
190969
575911
518995
4648
672512
41266
44332
979809
221066
144992
455684
404516
331004
933812
712621
195039
511161
843792
160359
818268
894466
986330
292905
281682
731131
315325
779916
902878
963158
234079
498507
547901
615836
707345
334876
271884
678179
938413
463383
665698
437652
47139
855468
135737
50168
190781
881963
244957
852070
730678
506366
88935
490203
350595
361807
911384
994174
556668
111169
265496
590215
957057
681682
244316
934330
905100
780204
725770
643847
740521
116812
764940
373733
506569
138841
814579
881213
836193
749621
360487
757537
400344
652257
888757
507044
524729
149971
866944
329695
626770
136915
593568
724913
30980
160228
277894
702114
502058
692256
587317
459304
630435
135228
716223
314801
656234
320093
848577
700385
295470
113743
641570
829069
51159
761008
480190
186307
268033
719165
380887
668513
354663
748121
60430
188928
466646
157590
994630
236484
298936
365872
736146
793665
547788
737924
325225
925452
89607
58629
215858
11556
781854
699139
279020
279287
144302
334079
331298
546802
584043
102413
703463
642695
387365
325147
498147
632715
454917
834007
9003
171111
395600
930874
587320
530688
569945
922928
749768
207730
670376
604563
276807
403887
255643
774222
464142
605909
732970
494515
93827
912986
948327
377117
543153
219980
306408
608101
693391
624029
44725
439095
484397
486610
485970
959554
161975
732686
837388
110601
796812
212130
152732
975577
363827
726466
100429
915046
848609
303861
323320
741867
439316
714003
323872
294690
310026
550816
747302
627415
747566
481132
517788
827179
657617
832869
511663
850601
28589
803424
66006
488083
383740
381438
749747
831377
913227
490201
29708
246371
368030
507344
223782
141849
815206
691630
845968
335921
206409
260659
710827
956509
731756
776881
177057
787070
433696
623722
620338
839173
26066
759163
404592
598774
154958
961125
541897
191595
842918
943380
524754
401438
35983
528399
29657
122739
605503
540107
327981
611207
572667
997702
163637
975193
776863
966398
860720
348388
889226
991267
304074
455478
660736
851837
279042
216320
762757
505833
120525
966013
762765
947032
439729
683735
855550
797815
738931
176426
376520
721659
903540
618051
283337
91551
966989
113159
767204
108443
990675
724357
53904
141715
274036
467732
741265
356982
922250
550504
28770
706477
9
684723
256242
515520
852779
464335
767153
397815
340277
861910
2011
330852
554706
259366
237955
743316
745609
359763
446350
846999
678602
327889
852309
701945
535760
45109
335955
385563
769544
343230
265187
816679
891519
967056
71427
460881
835469
824837
91555
699695
56137
967386
363257
811109
956550
77478
983487
713282
202070
535500
148637
16436
352953
251313
337087
921756
759593
926062
443999
798851
779884
981780
748713
806546
578311
10204
833512
287834
195647
30624
161810
94108
750651
218841
244797
503559
2794
847532
911961
861967
622937
616202
444938
928176
725737
500062
333332
889036
953667
454065
68620
277225
640948
916413
777290
387935
469126
503404
754969
328860
926911
662838
743994
995032
309367
25513
561846
899848
911604
3926
449098
364228
681699
168606
465515
757342
121344
50610
58597
553485
952274
294926
612542
133670
103815
771818
857439
217417
522693
223675
771932
275077
126756
586767
906911
659666
590536
17602
738261
241869
31379
430971
315305
331977
267445
884171
949595
787709
185338
625890
707052
338042
42753
700673
197684
843638
338597
594830
794506
784462
789977
749105
952602
571737
916768
312183
81514
745782
829868
206796
451174
779489
865886
804547
89286
822145
822769
472916
159642
192480
333841
99723
28848
743361
123728
886262
445726
650839
818339
144160
773670
934897
235297
989103
151690
433379
389263
594825
883269
777229
91425
736390
542914
967788
88807
114883
470212
580725
126791
691932
80337
890099
190849
874110
255256
978000
276265
512078
645268
830761
54981
427282
80809
422314
188706
253348
872063
818238
628605
985816
730370
256341
370362
56131
213220
815543
37961
620230
488536
959699
574281
252239
897003
71027
882093
492442
424685
85466
423578
261790
161123
125977
257449
224132
925664
106144
141036
953906
968700
278562
504739
443898
456607
898612
174638
677322
661541
618038
459845
705563
370663
828823
264516
877670
66486
642640
519328
890008
312908
535398
707865
277291
723523
880077
332107
541473
669121
906138
258675
40167
727174
397516
16077
947805
151608
249650
245008
941537
772936
953903
66376
882143
188057
563668
358624
646940
9175
869617
762121
775897
560105
630094
900680
982260
31031
685677
271390
975482
731252
57388
675150
138960
243057
451459
595688
384879
793758
782735
33380
160614
717629
976096
252097
315066
947852
428924
538220
274745
33386
579364
403431
58628
966312
149677
730373
745798
300479
186500
575267
235514
599101
792983
23348
93301
178833
437474
551777
23063
402752
346807
190038
698982
772669
90103
488995
888335
309973
909499
161677
104990
611163
990733
666261
297529
669597
84101
220287
5067
595339
408523
905407
629810
353187
332179
210767
836718
772150
716606
176883
350161
253748
734310
100644
940488
267874
93096
410335
306104
64157
463326
871709
497990
513675
542196
588104
300627
371286
667260
669835
645085
431782
577822
761314
113761
821402
476968
671849
356227
491336
491038
782270
921867
494285
480531
111510
13980
116340
438837
948584
820649
213563
780061
815925
513390
246705
249769
430780
465089
654948
563702
158867
999872
737247
644178
689913
694265
543083
491454
565890
354489
105771
812953
435949
494932
86571
994691
307863
457121
900313
68000
574533
682578
742704
46641
573886
250501
194236
353738
594808
739484
755388
494236
138405
28645
816907
616850
555392
411436
4275
921835
519779
499562
395671
708975
296446
218868
771257
760974
899500
720956
762653
904082
846773
33821
908781
447501
912630
679156
114638
95163
456385
410604
286
942147
506463
435934
924244
985405
199102
56839
639787
717830
644379
581016
160354
500540
238527
970848
462022
129650
188209
895999
584994
691241
484542
258996
519198
901670
134467
429295
517252
814228
49478
388836
881536
850931
343250
636629
856338
141046
701657
649663
766173
191344
314544
411923
227744
170295
406740
22016
24225
211886
918756
536372
387014
481561
988557
501497
761450
247687
80515
685161
660188
704263
270839
357968
243718
881170
256562
644023
916075
713039
499980
277340
669471
611
280948
865376
522954
822425
350100
123192
321139
374105
246969
661339
409007
652111
660030
860351
222044
140268
965444
429940
124611
97224
480207
389595
85028
15107
22665
898273
922678
527044
810385
849803
694156
59904
865191
227458
802849
259380
647238
386691
847343
802867
390800
386558
552752
204653
776311
64990
84798
79491
858646
760047
156830
444803
864542
726181
311333
682287
326783
135362
73948
142888
885900
755342
174510
721269
630050
378031
643968
77422
281151
12098
985661
288157
64166
9222
607872
230072
479544
419501
245484
121415
163551
104277
737085
896438
916315
585470
107546
934456
193980
345826
986270
677145
15022
204691
508252
618340
516113
129585
263161
2080
663029
931532
944941
554894
450214
926941
749420
333831
646070
327786
472942
400655
49812
706041
741750
565809
363251
925355
224494
25440
948269
708196
773503
330328
962269
180233
256217
510396
835794
505064
607722
137011
981504
201896
946317
408165
972969
408811
951768
317558
7660
148545
741086
4373
271934
970236
705027
943500
980612
483650
39359
995052
566988
673655
734953
68857
253359
117718
225122
916111
60345
630052
93919
843184
656750
898270
505211
447942
30072
48525
969662
188280
656046
66572
515469
188740
272724
410533
658099
118196
364168
166733
702494
445822
682572
340171
92743
467658
909261
429172
486974
644478
392945
937190
955463
107864
438209
99260
721221
852806
655137
506397
165140
766405
991143
215422
463604
828863
394782
923847
919614
635483
529238
105879
705077
895295
846246
792488
235494
750878
169466
36728
68506
798963
897134
137951
200367
222386
307754
577135
285807
264981
304588
661348
668061
608071
954114
108149
329453
656015
407647
923955
771147
161110
432338
597062
926043
341865
503218
459612
347735
287000
971573
354130
425782
28911
231175
981552
177700
624800
995182
500706
752988
383715
408660
539375
826364
380106
546806
359908
317389
463947
743386
275983
745895
180050
500169
556606
45158
842766
77022
152828
788750
32734
823477
246811
678290
979721
839069
828758
719488
595866
896935
929249
150398
445279
387741
983281
464111
296302
297664
240305
725367
638048
912439
378154
412482
626366
941542
304995
516769
617918
522516
275746
600220
50972
268331
912136
383360
883206
553238
970799
941983
716527
642693
682721
333116
559003
10468
125942
981666
189235
492985
289469
938496
890157
549345
172969
605465
922874
711912
522786
320976
715570
698984
110244
526792
269033
672480
958519
835834
266150
184229
296522
613551
197597
52111
129073
102115
233257
674594
642327
70937
455368
595358
553756
220012
122364
304085
802117
129636
784095
248667
21589
821292
383515
638879
68770
949760
792106
48744
737270
792412
901988
699077
236404
260892
456296
729167
184488
716549
371235
459345
522243
688640
53330
444581
714871
335545
543293
466491
828959
895130
271780
384584
903322
403688
998695
608403
919299
753000
777893
734621
812369
19798
573744
687416
190154
450554
677041
524090
712753
561663
985386
731720
541301
831333
271369
646261
683673
563907
979376
373769
177214
137878
325998
958578
541881
461842
170214
566212
22220
751073
336983
68410
865371
855011
43468
797026
428929
774429
762201
21982
953183
526519
985476
54268
421969
550873
950385
718449
35419
121850
745917
694883
642746
449533
249522
811553
507319
533589
129553
336121
871598
331991
357898
897487
626045
452872
158776
405754
206165
39873
991957
364324
753087
849627
961972
760988
295851
220913
164563
413057
503068
196579
494668
954217
174946
598118
733220
754355
361777
713809
186365
873690
331983
949328
563659
32446
726471
975302
481891
870543
525595
382947
138946
837070
914691
736558
928725
793115
683427
220691
17631
648564
537074
25925
629219
848229
994655
951043
996067
662124
857612
512670
63831
725731
953277
326361
612661
626388
800887
718973
407193
142680
319669
140068
463244
716138
146874
431782
357066
889202
857618
311939
37950
42430
150878
649876
125116
684239
403075
553592
996987
683333
173358
523754
145482
692633
915056
43937
882051
368397
32240
210817
751706
99326
655466
234092
767741
191310
494502
973132
991380
286546
43847
230959
234371
834875
396546
419116
449778
421465
921368
443590
560004
416534
45111
326565
407863
286339
416490
881960
965491
161707
599197
181062
635651
571719
713253
343658
770040
421529
635051
806547
237194
903631
874046
790554
732120
234928
741871
979972
996557
363176
802527
169067
829152
499497
951406
725286
151134
83270
497727
634287
580567
858078
329276
261781
839404
693123
762420
399909
720883
414135
997150
280814
259381
624394
735457
360999
551405
830903
312989
962906
160587
935088
895884
163128
595456
14190
824934
438468
545345
728884
219977
977456
337549
783423
381539
580549
972935
26352
5633
825541
985667
177145
980462
55606
996151
850359
476588
566251
963809
128551
395599
386543
26294
85541
224347
638011
945297
282427
13764
866094
545994
357796
75601
494634
286396
63523
88092
275592
859529
676767
591071
736263
902107
242822
688353
503820
971030
817531
509878
379910
638711
133771
576309
431870
484260
600629
845960
7398
644525
348567
801313
607436
786364
951912
191045
408549
650164
162972
199648
534219
583321
285752
677435
214779
997236
590403
30542
915884
91242
835225
77026
182292
398361
765880
821589
229868
844057
290701
736980
920052
896879
911051
322860
168630
88154
64191
58153
293118
852133
581775
730437
876892
698616
118837
339676
414958
379905
271750
958114
14928
63804
788447
773732
813285
309633
221229
39054
151240
742570
144561
330912
463947
722148
246495
707655
511356
534787
384852
777373
210890
581038
751192
286637
150364
734116
798903
589140
561446
12727
832037
901645
4759
545644
749189
868628
51515
882737
950099
444967
702740
507660
320172
415754
319850
449437
861493
895148
902841
788144
891574
126525
808741
610308
819032
995907
572768
595551
28231
785872
86773
769062
649553
350317
401165
371849
567310
724077
231077
499984
649417
570571
242829
712906
460813
777575
478720
271516
177668
146793
876208
291794
525821
507538
866784
342141
262535
568363
172336
53465
18016
509750
93864
367985
147470
534667
78855
422533
896880
284226
911439
904108
937363
184765
959861
681366
491835
924645
530025
538670
130830
876409
137052
124851
772757
493789
855729
457025
784715
8118
834576
443257
276570
369030
466066
669799
459199
938330
995284
85791
949178
327476
598486
444065
137973
455185
258596
774810
363761
443396
873212
27161
170632
710104
219747
884830
349385
513905
926911
581109
503812
162936
646836
220646
387223
235170
188522
430742
222800
928146
802672
521785
893482
192097
493076
266088
356994
384015
807835
623259
673095
440033
40874
392445
350741
564729
682173
241835
573680
78903
978068
24414
866116
251259
59738
91592
725769
336340
336326
772934
682083
716295
617225
610928
503050
852501
852950
282067
708690
885054
889556
399239
281604
400893
348127
405352
621951
98094
966465
975491
371582
138506
32293
340886
445888
319300
543930
74679
800988
152260
728601
44858
964663
292404
782683
866657
298628
339442
641380
123691
672241
645694
998021
996601
138738
232324
191325
279571
155513
971848
589060
178776
135301
511214
656008
239652
803774
932352
432793
981521
560685
814698
912722
314784
569566
403487
208605
242305
343194
890758
529846
914559
154897
418871
612520
656533
999247
165553
652535
434936
372411
631499
331746
385403
931604
357599
871515
998
472359
804294
353414
889338
710464
969464
314502
719272
119403
548792
310152
269284
434296
999300
255411
589753
216813
681154
6140
682406
630843
845252
614449
9672
188025
220247
943651
665534
409571
895146
25479
685339
219772
413491
692068
361555
201620
737948
53912
741238
617706
607058
518355
291467
761266
925155
772632
551880
959936
790493
57017
214308
38989
344041
987198
874580
644848
50107
715371
512315
96482
481705
69812
751230
160253
281894
427196
219067
110176
926133
446334
571710
561536
104689
332
193036
114245
998827
375195
195609
53329
610476
133529
420128
231796
885599
429601
755169
714837
596951
132688
10738
737959
879796
855061
444667
651479
931578
43725
495539
440654
694225
660066
69292
978514
745152
951809
337996
395703
351359
615931
118655
890816
146857
831047
185759
479422
328206
261241
891970
137100
368260
487980
724363
722846
82747
969770
591099
861815
481891
204241
977958
719778
846208
289101
454830
683473
775143
665806
193038
272430
562336
234388
74619
103937
348089
50539
225862
858451
718910
49849
490091
88741
751071
238852
515295
887659
86484
332940
735368
191799
833230
715556
903532
319070
571992
333366
753586
738977
752045
251653
155749
896760
164220
561422
70885
537832
319913
264752
473509
835095
997898
572750
430993
155516
726243
206298
693397
468256
204482
779642
58507
939296
546007
663499
700306
506143
998252
250732
358611
672868
896365
982240
381932
476222
689412
162142
598253
103340
52978
269256
78388
569442
20764
946806
370834
299165
745801
305391
172755
481180
605853
918543
288828
419055
796993
223229
798396
163131
775415
457015
524834
800678
284566
291352
809444
512523
186100
603008
289759
450470
183947
191690
674210
921746
686236
565449
652510
729135
415601
636043
100171
998049
911170
456310
507731
424972
406972
360140
588825
361628
192790
275770
132548
980631
405525
870782
227220
316673
244290
305229
892512
103534
530759
877031
483469
371766
689480
572615
951549
900378
112198
408101
833535
806868
584019
430286
146165
700941
297149
431184
482361
392759
691177
990710
242607
612350
534879
367391
684672
257819
448741
39766
863026
706567
869459
372157
470691
821254
972926
363868
75585
373329
3362
779181
380668
489467
601097
884895
629200
590136
476446
240645
124883
568272
170497
4001
852148
312397
867912
207952
673899
654188
664218
136038
597682
290097
202926
331308
428251
3293
695895
46766
537252
311126
18580
222356
953557
116906
844816
154161
260545
835537
616459
683320
923240
484118
96011
908875
503029
29552
456243
344935
410205
823384
835589
628289
380646
981688
63663
944515
65837
169942
42744
971987
409145
945535
718406
373611
203722
982881
646469
35844
687089
660751
255202
266148
600558
129463
684869
577535
466614
306350
336716
666826
619152
539981
977848
392589
426841
181822
391735
601250
464267
829231
76218
600005
553163
610523
328697
511837
121422
388240
466257
457458
3383
989542
401785
749669
105735
430559
24292
457296
824475
499632
916249
659314
207674
465958
539298
686179
277958
329188
493577
410640
436631
864053
269051
328905
700394
964437
126491
172505
53072
241680
767676
463680
665930
797409
498526
731576
467790
174466
497411
236685
437024
575263
392892
295165
499691
422325
528515
486594
691903
594246
711207
251051
377629
163140
413540
398563
373697
82026
536536
526765
453353
839605
889597
118975
696361
112730
898657
80217
709137
847862
970993
80704
635737
983463
963551
358331
158170
328762
52477
91631
579125
585641
983494
585882
417605
493806
212043
311020
521541
368581
648799
320503
315179
426146
714770
341788
975115
675517
896964
295786
291585
350838
326724
435460
371541
3961
394553
492083
100319
255820
761963
56150
365339
911022
879820
322419
926941
426085
24431
827343
988504
166789
710023
850309
520392
241638
389527
589038
518518
685679
324625
905014
622688
607638
92980
453232
621123
572269
275345
202082
17634
689075
552706
186880
578448
557248
426569
647604
72286
898584
893343
450190
611431
775334
115713
167530
510931
156196
497254
524798
60401
596341
606860
632341
808327
745674
749008
294931
202969
622608
862293
188139
342542
218997
946509
67308
71748
747001
486209
506993
597124
238185
247650
556238
771380
354240
626896
837210
18109
528148
608369
29810
491478
985096
196029
74298
995749
695958
897163
437256
292507
249318
541071
676458
316502
125897
775496
858247
930332
250612
358828
361454
805585
632644
498408
1029
396578
472749
938422
894249
510405
680416
467410
387900
672435
660425
261234
936570
324793
187805
932046
531808
678530
234737
826637
854225
271112
721050
543790
801076
971397
943012
318704
232309
160476
48719
510886
290904
387821
399139
159577
625160
888552
797705
990724
349803
568582
473497
774677
785468
859039
225328
700982
217132
44156
589233
157634
436057
70989
948897
9879
357030
305996
759556
392356
583093
241029
54576
64604
84385
529863
203156
273319
143152
796037
329371
8052
578989
842527
602363
954754
587768
716135
117608
733644
600226
933563
409747
209071
903053
994566
911985
773481
768174
726571
703107
361090
114952
545778
84694
653918
840834
620343
427016
704985
451362
82381
847793
355648
621431
434000
179407
260629
211013
172627
6377
138927
710670
366383
485612
493442
949964
62976
714013
946459
103152
765244
161541
730852
501725
172860
924875
603801
247251
529725
825581
982469
312272
747672
269897
575762
901393
850813
47241
155094
660741
15216
43167
690234
800764
98311
829405
115433
893357
744681
186090
270535
124498
628631
503535
917407
271632
316474
606298
217144
513747
106562
144852
130462
739271
62222
803785
87642
963043
432005
395539
320865
337735
706561
192262
870242
180865
784773
321053
530637
981817
102442
92258
709767
259366
362829
85978
85650
273631
842467
92401
338216
508309
218249
438356
871452
174050
902134
174808
338971
626109
354801
387121
579629
56194
733442
920193
63149
404952
593344
591048
952821
885412
262094
402159
908828
820660
950169
914753
269153
174067
754202
892493
238775
119832
737611
275127
797420
808212
247205
900685
715870
684139
812105
104825
358579
522992
167702
572634
91964
281860
575382
991296
978099
335628
822951
210254
435840
110136
536621
378501
279528
692619
163066
231417
482081
769544
463502
135401
521930
440468
952805
702374
603895
135309
605772
597842
128024
798953
996489
595549
772845
511464
877204
838300
414300
985421
502128
181313
522084
691347
194094
80657
689489
42841
902977
280819
163705
970920
86318
552196
738219
268271
273202
132586
623863
920184
695759
362366
321911
306697
815145
857964
549989
604403
869000
168636
763294
421510
868576
928231
20161
901204
243506
70109
90008
268613
442083
154539
889961
533812
467540
749984
849713
295543
327178
757996
339570
668716
895562
728222
425817
948244
789766
424612
236643
342568
948801
683847
574578
807557
759324
191445
89515
846800
492664
57852
901039
6393
877039
158427
46813
978668
303698
523565
443320
46567
172264
997176
729999
744911
184512
838005
346640
212940
663281
105449
482089
515085
738571
772176
961208
637781
116546
631059
709568
757096
230344
227021
414477
661519
32862
392111
135907
69753
319777
202142
341986
794004
899586
895931
741813
282822
972183
190361
599072
26724
241713
947698
327655
683855
319836
957031
326494
863850
672964
340466
530808
112683
385424
499057
149089
26813
22139
149916
218834
233432
107471
665647
785445
509877
112498
302419
724228
564768
385659
125202
73378
755708
812730
712035
579631
216502
235761
606392
894682
503303
45258
60816
201819
278154
752047
999483
709378
99535
289271
506411
62024
849334
858078
300652
313697
260708
195713
890793
516062
304830
910228
651493
43546
740313
765804
788618
572473
994760
425449
803192
744081
657012
965825
895464
229206
905745
143647
973167
912882
776466
668953
194927
437986
709806
573260
75128
745614
317963
773032
115807
919895
949943
426843
338754
293411
713216
639664
571319
415728
107511
594599
561345
419986
661024
152995
881518
469427
70085
690918
295634
799284
692341
493326
34331
165238
203553
414688
218670
786294
669327
412859
285960
696531
599596
507214
965349
241223
793243
796151
332903
84213
472400
524890
200674
208891
15720
67065
289715
502934
369408
499562
564367
706901
944067
744751
947853
727792
70098
409559
614646
631690
42352
576945
648081
421562
117703
597213
946403
947248
864339
192893
22328
905772
782132
53455
635897
308389
495369
288145
602635
626365
678250
131225
884458
882348
767358
828552
575378
652066
824616
458414
986923
932956
300182
830747
118420
499315
731448
701874
978597
566930
116706
587942
431707
330976
62267
462085
776532
78121
948709
357349
498994
695829
409521
953216
907719
963065
133388
555723
891585
606622
392126
185721
559406
695308
528292
70658
615979
284685
942124
668364
951127
310310
831149
49846
191544
831871
333516
310330
487825
63105
905461
74788
520865
251759
977436
178016
983842
774300
598584
321684
877496
804696
999223
173846
849717
492879
656911
688037
845134
651991
82655
601130
634821
924822
216522
228525
116063
493719
892872
883993
639645
77893
243546
55888
386782
233302
973277
633021
862182
259879
15581
190240
979801
458802
368529
613598
695418
248557
712677
300691
911685
613559
885061
945739
281729
674742
643536
782904
393705
366810
525544
272254
554679
454268
396343
807133
463894
456300
208342
846726
607646
988772
758960
72026
429741
45410
977681
149589
57226
384370
589161
131042
583601
870665
36296
23146
224570
315793
905543
184694
544514
931540
436386
669481
415496
912031
888161
972329
367031
497098
859167
234319
309192
193728
531504
222919
143819
708594
825031
40445
735975
51361
530093
608143
25901
642057
481257
665263
225196
371880
413374
805945
856427
533625
769604
105465
241953
797100
984954
953068
903211
60036
528673
391351
530150
487516
901266
146470
636145
867709
536688
284149
749149
783009
235097
670995
878378
598046
531415
192143
603499
220703
89943
47348
309509
240712
426735
345443
413909
833146
778285
366393
282322
754622
182109
439442
582617
784869
615015
976272
121583
239841
2468
862342
917649
621824
79637
817295
897867
651586
399215
423949
653056
228075
185614
70035
823917
535518
180193
990327
386509
738042
238026
327345
837506
827205
858336
768984
372029
281636
307378
14307
773566
118162
878512
877307
624020
836563
927404
295209
383044
285195
151886
792865
179643
937738
669832
779138
407526
605579
156314
242671
292227
525748
530605
233512
121445
808012
3442
386961
917298
833698
304861
381609
221498
824150
698481
333318
853403
440133
632279
615489
254483
70287
861637
948208
510427
573606
381191
507820
604726
839394
700612
865763
593830
522260
920246
927263
628018
64737
878581
113225
586959
596788
329679
354066
532297
464225
86336
328079
230174
404725
766232
822647
661476
593476
166518
997345
438015
786879
141992
273666
855818
264345
109169
335898
654235
843260
607000
27287
472777
230181
278234
904919
403956
639897
806392
226847
761551
219145
738809
862618
749824
893758
143886
256131
99096
420510
861499
834596
837175
771008
681318
813916
605906
518398
366872
911549
224082
325951
667657
156672
913035
708733
436997
539354
303212
854586
270742
81159
23705
843693
520317
293294
988237
654856
815238
40128
897475
609581
621164
717272
481446
368750
990458
215410
447162
537631
916831
833191
761845
323547
330978
252469
503062
278935
384329
949133
136223
359277
356766
3604
888973
781681
752636
699275
277581
128568
367913
984905
616434
608062
416140
500779
503044
382219
698169
898673
467251
243963
190969
285769
520574
122410
356118
759119
290734
595549
328108
609066
439002
218470
886614
651169
734057
765459
667882
357888
471260
801347
1829
348790
340551
758139
813192
33730
388171
551165
563819
969527
204740
981245
915858
281752
923171
441399
146070
62977
724159
873342
75238
568572
598548
385101
178653
112770
145705
946768
4119
530219
940858
282928
829253
350215
77475
270697
599376
601810
232898
929964
264016
856694
874171
460381
114325
826500
601490
423105
401255
252307
190800
983416
451918
303887
940490
323724
781610
989693
132111
133927
849430
760534
937441
935813
276964
511795
333420
2521
126310
375059
344940
111569
673141
416188
272155
790027
6825
438711
338544
431925
453174
556790
566356
581691
683825
856297
61784
308355
469752
821672
266362
565934
947970
300529
359898
295126
100123
361137
41491
622693
265406
230811
178878
920334
649800
574913
846967
920016
312559
46404
577792
342611
730306
22807
398488
272252
66325
862007
229185
36609
883066
436147
824481
117567
86532
416841
223948
838852
769166
623071
485898
736757
759967
349104
211092
944398
952699
709262
783608
421799
197452
426465
558449
918685
113097
576405
361435
706379
659622
417035
330128
223692
656759
723560
244779
607824
721207
501343
359589
624021
790482
208285
136690
793939
361978
948163
463932
891104
423845
321436
433094
406006
444803
808403
988804
595117
193157
547914
768664
926642
551789
536025
413628
514939
633529
42018
853532
69417
466638
7420
864802
913245
93798
408387
653084
468561
333180
845387
386715
609246
571020
609502
479917
296534
381779
833909
308323
165830
618315
53149
505580
191603
323309
267737
204961
282311
774468
670514
799715
217824
213788
676658
261649
91132
239143
147202
884570
508821
774131
921896
74573
859568
832666
968754
36851
650479
253200
675815
918992
625023
864332
622819
781435
147120
457547
543739
321414
386068
881546
442537
657074
523601
295509
128396
463196
359488
881501
63449
903456
979669
659302
118528
732556
258524
39297
891293
604601
482710
688993
135637
20377
384230
843859
115868
928285
200216
237936
52029
845796
438227
665513
806636
580696
585969
843126
606345
285610
200584
790856
343894
314521
845242
787457
87856
451054
857931
116945
483690
381520
837148
233493
318006
100531
338843
110287
751605
780072
784996
881398
229644
927130
972872
853947
84490
830224
68503
68835
595504
790124
722741
783283
960887
131290
404946
662009
25291
452507
602896
900014
289696
695409
432947
950988
488469
104922
64512
40607
485982
973580
426320
80192
712544
386196
645666
649971
185215
880057
206139
254577
251006
29058
178950
521287
657213
471112
994431
306893
652108
873900
606682
749322
409928
858117
312580
161809
911074
692412
969002
975102
496776
611914
290200
171364
770122
995781
132456
528324
765589
840059
818949
149361
124904
666096
976862
912618
985513
532018
936720
288660
496035
127421
246074
295944
582009
354884
419934
709955
205948
178621
423676
106104
663890
386939
70913
458654
333418
628385
17794
707532
749496
889278
640691
288953
62672
528608
964738
366041
22621
1421
589961
579432
776368
815796
787897
36439
34285
3491
906416
727819
918452
683860
561390
405852
482083
661605
44867
953387
561954
247863
409379
245926
772807
186232
403883
723987
683581
353189
101408
988694
132952
714649
139710
367377
45525
149186
541329
592025
793968
294903
610411
905509
574955
441404
680624
292650
339645
588552
361954
136974
314270
561549
712109
56111
161640
606889
13025
530164
596197
520766
942382
684165
609408
44456
782922
459731
672791
444039
497437
459782
718393
979891
824104
139278
224731
690430
336130
401996
223725
511727
452173
762394
885065
157375
345207
763585
374467
70330
860368
483309
515374
742071
535449
192551
860802
770916
490527
166812
681558
799239
85644
468936
178631
684639
404376
917407
494839
408421
965734
232957
970652
867164
851197
161616
315599
631476
964029
923254
689341
674397
392940
195681
701675
152284
16522
252305
146154
391407
829686
159159
645574
797814
364195
357035
500667
936087
905143
842491
631578
908819
398149
294493
120326
573732
293747
321449
978341
256948
437363
607087
471839
817996
498598
93597
884104
275769
603928
205134
693677
798350
389413
933373
29087
79942
930973
379213
949128
914509
949154
344638
943688
712662
815242
100666
684596
444387
844510
503301
600546
757664
134369
288824
391218
264188
971295
302967
351138
555697
867828
876005
93211
830942
334184
57945
350953
878955
51602
95109
119094
415348
193165
765405
837816
81511
63402
40399
298701
329996
10175
729926
695628
521756
620303
417002
644982
813074
374383
766710
208268
786043
720320
459727
811118
19449
138601
172137
486829
741301
248715
753174
168107
972299
734326
190186
538097
122926
216185
138789
310000
184788
966654
528468
848680
975212
879947
589432
460012
522688
623807
673356
376768
73930
77712
815354
401069
646880
593981
171191
287144
630716
847951
596208
151100
64853
367129
266932
124904
390942
404832
244888
39661
243161
272549
572949
400735
470859
478165
667292
543696
956408
274991
660556
523041
582096
509005
847560
316178
632073
830201
165561
545641
314749
332270
733361
947339
738383
845113
987009
982588
626975
692234
899546
378223
54580
280860
566222
663318
919848
980817
287244
626715
154876
881615
350510
329103
792236
406954
84700
906276
600339
756867
135631
981411
435532
774764
965977
448516
195144
531068
34016
900516
427203
551647
577696
255397
297518
435620
541768
516316
953402
96719
311771
743763
309427
109354
482768
404918
515316
804623
1365
467570
615875
842016
997358
341881
292008
957637
630810
209468
4621
38264
604327
872427
447068
752203
530293
231984
543905
984742
176953
502280
769968
951066
555470
505029
270194
471875
937382
449138
12773
334875
725937
533702
381235
452555
522545
36746
291510
260435
321252
213123
15166
867436
729845
598870
710799
763683
654358
956826
877951
644039
901268
982610
556444
311764
684824
186267
10998
403310
846343
470799
816414
895362
20248
559940
542825
292181
906656
742635
181388
505832
352645
162132
331054
576820
355940
911395
41886
842623
279017
586810
294856
377083
865872
86978
352116
469649
447217
752080
380738
360274
120673
235447
990357
931380
825826
821556
540920
638276
476364
136783
649255
144908
326431
103219
50282
616297
404317
115562
983978
842628
182346
992965
527705
366348
8521
453670
122031
711667
587192
937153
297414
894094
905685
57591
406170
169071
208033
754597
545592
688893
794974
133218
19419
502065
505520
780815
773427
218780
103588
871288
902799
52971
264517
782195
170603
615819
589256
315199
175031
720933
679702
782366
490102
933899
109956
367775
912491
686017
673206
602616
545993
525206
374340
890417
134860
3167
707519
282111
813656
538277
125818
178293
494568
907867
484846
647595
349912
477883
789342
814702
99529
450886
205019
558653
1602
2751
372985
365700
291178
138790
866994
689689
745810
479027
84472
301757
740956
467832
675400
209630
281724
925087
15460
53972
115162
865417
249941
511359
816623
618947
465313
302605
918396
966698
789149
281851
287108
588878
845362
993417
116724
881095
36117
536330
608538
990375
341743
701370
329426
208700
687208
405596
850104
334493
322175
344014
325014
760457
533851
584263
653184
38092
202905
877449
912680
296796
654417
997075
625162
954191
904196
940531
907265
811128
135550
220613
145075
532633
761949
224302
956880
259675
666514
610952
411317
40833
683473
969459
228811
918674
997967
380767
431085
515422
931686
466119
430798
882200
928140
688602
335685
278111
760543
446841
951002
428966
645981
959336
677565
175311
102886
89576
474220
880619
886756
896686
240910
871739
788363
510977
675710
659745
222986
563363
282791
69447
427561
595835
125129
13614
913372
324987
739358
932293
364964
304045
299665
939827
689579
250134
424221
314562
229336
628408
430151
761627
871297
501388
68606
882116
368358
40240
962340
922195
14831
196307
890641
884239
374834
400863
189518
832757
14979
671666
70522
175941
171843
918048
25409
245517
335850
244140
44893
814179
692216
105873
818907
222036
887464
503678
549128
830477
946510
147484
5645
547668
134018
711241
293166
860596
789025
935566
885390
784640
618135
652829
383236
433620
665846
112110
180899
709737
457874
992738
507544
736761
104871
16711
33872
496260
750106
614647
534706
689674
332239
719726
437229
558108
957704
223360
384914
942201
103479
696667
463602
236840
648049
322322
12113
921928
332340
887486
393514
405146
463715
38307
301684
48497
666922
283918
944710
629122
913999
584195
664394
633828
506884
717283
825815
19032
835938
105085
829573
359483
157846
154860
25432
75320
983194
640965
959655
815337
564379
752627
993064
817040
770547
665857
517380
735346
389331
271779
592863
993009
515802
183165
993803
214494
490460
288922
835921
975333
813624
988289
71406
794894
87006
629058
659810
520063
259108
970621
657527
695623
144626
944731
397068
316551
102470
333775
282093
854725
88298
149855
970579
945928
395058
507474
901189
926414
971172
336793
909563
715959
454960
482875
778898
626804
153699
504372
94832
967116
876902
692106
31120
251319
972328
909677
672134
294030
419613
371605
141375
102123
723231
899967
563112
286112
711127
258917
417922
920263
66260
805527
314972
141079
315021
769325
8679
913034
9581
78511
330758
825215
727624
547420
624044
669198
239017
492854
602763
697803
647378
34097
522570
762707
521354
33343
369748
455300
123394
150965
385484
823575
345334
313661
591973
454093
856261
428751
375375
772502
709735
481144
811831
788959
211751
73508
901651
191594
70445
551534
901720
947089
163633
74757
337169
43084
605235
156550
905684
641153
255701
398993
763574
825553
710436
71933
159708
196414
479464
300026
481505
626730
304612
685173
779922
124203
925934
943805
716573
341044
972955
713169
50468
524208
37222
222758
893859
846229
897801
818238
107120
396072
357446
588608
835395
257825
128540
689852
267428
309027
680996
844079
981900
217385
797139
14803
777318
268508
342663
191052
661343
508286
113088
203703
992268
763190
480584
241370
638808
706968
876172
578471
964
986250
975983
999901
359159
869526
339591
759984
145063
386456
858185
753277
870840
956676
19989
23377
55725
537915
918342
217998
122868
557876
620928
466447
619651
575769
869731
550962
572654
960107
434011
552186
974381
846232
228815
319820
262718
438101
84769
470413
975317
278728
706360
379790
12097
598513
704314
580188
404136
636435
967550
351818
277387
315831
710287
611618
627434
132861
12049
253031
885217
42127
139612
72610
663589
243383
775549
19529
630928
245410
97113
654976
975180
61107
236818
436737
627865
913109
797178
791285
939236
305437
604011
924806
259054
329646
836639
72515
163220
994056
22282
870023
908149
465933
575389
666377
69641
671228
579729
194482
145014
200048
31386
469581
116524
911574
775108
9993
755661
782506
604318
57526
209328
478222
738967
637873
408045
686759
510754
58479
897641
418604
457857
583837
626366
66045
961752
135094
451390
663649
560728
521638
584415
161828
240711
535239
736922
912693
726637
15587
213556
642634
13338
73650
998942
6449
581588
150654
181032
422907
283565
802344
617792
281785
137615
625673
37280
411157
798480
234332
715846
514247
309601
797465
58491
832493
486271
846520
276186
338558
397779
793456
273969
212178
175267
738425
386990
948385
964895
13743
266228
440364
335966
647771
329242
701776
480289
176087
843506
972184
402122
615265
806148
164340
115012
20522
894908
783264
185304
79704
39201
141051
158354
574830
190749
603506
508504
686887
449938
393514
715875
773899
50951
974359
497706
271095
332471
703029
630706
928469
43699
686287
34934
681110
427252
223772
811340
535130
671094
562523
16706
700130
178472
996822
226731
33643
423059
65232
586716
77950
216460
742979
382514
136353
583943
622452
383435
324669
143169
457320
491661
215663
323994
866107
864189
586150
775625
944564
190275
574596
152635
123908
347677
170870
412174
989074
932019
725565
301621
49278
867585
703781
505309
412173
885624
307208
701954
154060
708389
839904
518798
63841
840304
289835
254425
306383
907352
160905
636776
508185
438709
11702
982190
300975
862014
933630
772021
310529
273902
360459
973741
473165
742988
561693
605217
808709
921800
190321
162181
871747
139016
757550
563713
722651
56713
86804
663987
21640
240741
594013
119026
863134
409496
584442
465950
213235
170485
90519
41535
699597
414055
721770
759527
172531
874200
28190
97548
408283
524675
582719
263403
706003
374634
809945
933442
610538
352075
110880
365346
682582
209396
984177
960019
905585
456487
871669
570392
302170
453168
750788
252919
851104
810413
678326
28471
250562
690244
953834
594273
450819
144280
129805
165905
109778
659226
647519
312139
437710
265738
94483
59156
740365
766483
799325
882672
725416
819845
202261
466034
689776
533956
10722
242276
305112
172854
398821
823001
835247
798344
390394
777360
11269
463359
352346
864508
498924
926232
949005
328344
941035
224694
180874
464263
185146
179326
163381
884003
788922
337990
6022
576172
127177
594720
537960
514988
247562
156525
92356
991001
359878
172603
274207
751508
511104
791363
979234
145163
124304
933164
372727
487759
931985
628883
876873
642186
394271
504955
698953
142022
87857
751754
712541
581786
972858
118680
537488
700322
498490
702763
187318
548486
633788
90548
590437
352644
651933
50924
26083
477596
548724
906448
594935
2252
207530
266638
208333
799859
276218
9860
711722
10173
606266
610819
845763
789200
295658
776506
912068
779578
743706
361006
395012
882725
95262
12835
256983
312189
956769
337188
310363
165571
329901
336226
189589
585884
806851
520279
275644
319427
330258
749328
414348
714791
433728
280696
411341
323228
503744
287520
814513
128851
819285
752782
798313
46276
101124
150580
799679
105304
120251
825339
124723
44008
947863
664627
819398
44474
552411
786444
874971
912714
989365
486843
610642
804542
612899
706411
754427
795636
232139
766775
167125
205368
759581
499559
344905
960415
135070
343533
314878
970488
358637
583162
965228
461611
697960
657758
530856
815839
968874
394208
903140
32954
512001
708807
905680
956167
404305
624987
230420
188414
232678
248242
662316
909751
501070
13562
658951
548747
686076
158677
22322
282764
54039
306981
532678
219282
191035
792352
632534
332209
552186
345485
585760
453007
302455
902296
639844
688173
829493
61749
998072
39261
838445
566389
557499
887061
193429
323251
681446
247772
937654
748191
211866
602091
255995
565027
149008
149301
736722
175961
406561
281788
62695
206839
874950
971445
557672
18611
331094
626056
343983
517599
290251
323251
455480
887589
337042
670163
547946
998355
773518
168656
674461
87867
294457
139397
528741
269291
840126
416787
68206
862604
78297
283592
556170
915244
639115
462908
211413
647070
745220
264407
646264
156013
923290
869457
168954
109506
751375
774022
83643
580984
565292
861138
551895
717819
388385
281664
844571
574428
4370
13073
520179
475218
217153
86013
743499
428945
43067
109611
831555
955480
838093
523068
832866
913218
152568
22366
630407
637653
14367
306954
847963
431829
722975
873088
531154
980022
730592
246492
94324
948254
528656
688727
291276
951414
972620
562367
857118
960757
733276
892456
933748
128591
346843
310790
900880
243063
325238
572099
732797
802800
736417
759412
18349
726749
361060
375265
19432
139637
997093
210583
122196
741678
542811
147534
790557
222946
201263
424553
485053
72112
607429
212692
160204
149768
778556
951322
299336
191526
211023
861770
558289
114798
410314
869673
920286
599434
880063
849706
483351
867349
359264
596374
325518
917695
267563
585448
544548
712565
804979
416080
310756
914068
190094
824163
475484
166713
69034
576388
701279
896828
518358
793065
496375
962553
300445
231301
904674
367460
90486
507192
869824
232669
376705
394045
880624
537539
728762
191339
104170
256688
831537
124842
682177
713382
32301
361552
133702
220266
635628
507324
662601
68249
746652
923407
720246
294467
659520
886465
766239
497620
575086
850151
260791
247064
912377
175270
18214
849412
366562
212924
728871
746196
427156
344584
24834
748194
65980
907647
648638
981639
964865
359809
551864
367526
506758
981388
318325
861528
256690
45092
20985
573450
272955
181244
449110
994013
197949
138923
87348
559348
717728
665199
894621
937065
936773
847259
617999
245755
52774
572624
740863
953574
110095
735717
669748
688337
779366
754901
725865
322506
951884
729252
738147
232854
693210
428103
261743
889929
924769
18971
179544
414319
904897
266822
312662
198589
130163
838576
826683
696499
2495
112632
832089
494463
262312
466906
884722
142527
691479
799763
666183
366674
365319
761938
59403
192062
830073
315073
170903
95171
372259
143479
600355
883184
482254
109112
198660
95731
140616
940378
123246
645904
863008
100916
31559
971717
977015
147100
198528
766346
110322
34851
576972
624542
79986
546704
602453
208004
850627
643146
47898
617053
799869
798352
394477
875874
159490
510105
176096
490295
918765
621596
110605
729208
866783
356171
544245
504642
39056
585104
464476
988379
817450
587712
726203
224186
488782
587990
860050
819500
120364
857404
909941
800251
846442
888210
708277
334766
817888
507571
543816
779591
675163
264450
560598
371581
355428
831156
568861
770086
257465
971200
440279
995975
280775
240744
122887
900450
321862
94515
851988
709800
381081
220099
748004
300311
175198
946322
424419
263151
114856
673178
138621
178128
617437
93390
607482
339317
213372
624196
474423
247945
863307
300169
174201
708730
19210
102796
651995
446905
53498
941735
979941
396972
609620
434201
470396
738205
429992
779012
573071
769607
90624
997868
930019
71451
625642
982254
183978
950190
562581
852139
133256
454126
17552
870903
630517
220832
648483
791656
583697
185238
183483
815362
603430
614529
56510
98031
609238
895320
554017
577957
655255
656248
895476
283510
850358
871636
980655
545201
976242
421120
772320
534282
956420
703313
867284
695048
727583
357577
75384
385258
49049
562238
837600
924408
489656
745431
814607
390415
312918
337032
397650
523637
700187
869992
915327
8679
87761
710486
861479
294512
793013
208397
315539
12138
355216
896591
46461
912249
15740
61417
477006
521815
95539
152574
194002
758688
846768
665392
571028
297131
633633
116960
187479
831221
828662
674253
867980
6819
523328
627872
912558
810296
844829
590768
731324
424714
734076
583918
105393
619712
270836
640035
66847
967046
8681
178647
158309
623093
880488
187993
239874
209956
970154
669258
597291
915955
237258
159044
497131
962466
219095
319372
983974
391314
847265
153680
26238
615836
947776
596421
721065
442270
82381
476091
670638
622976
646927
583497
218788
374263
758447
884115
87064
667661
489445
205406
9923
319903
968738
787878
751564
104525
158852
750232
341674
358842
160562
551691
766618
280558
58896
986457
840407
905841
942197
928450
676628
184775
212965
841690
360090
535397
477240
707859
604625
217504
668663
711985
554215
914268
351314
267481
890918
233360
81392
104414
466256
266806
775565
535792
60872
832717
705335
278800
819712
621145
660831
479591
12936
288579
180137
510359
342113
167962
233690
639578
962653
115662
651594
730981
296971
177712
929698
998160
740594
823673
284607
343840
378881
426205
199429
259191
971074
767115
517297
380727
896057
755186
346500
18401
860842
135621
53886
364974
982091
108908
912035
601128
363203
50832
774722
859763
752258
761308
901255
216256
307255
483792
465520
451813
865000
724865
778580
401509
393467
32935
845726
273736
46954
466196
782047
974493
206766
881159
286121
181406
493215
723276
449734
936826
520570
8792
544776
720946
331528
459333
175227
680236
768481
605589
399976
984666
505841
288815
644697
786143
909638
234640
707553
435608
45459
975381
838561
766137
989356
315821
472485
619369
969591
49692
547329
266395
459616
718391
331405
570094
657555
469673
229820
690876
104934
398459
27237
26156
292380
441027
395771
902130
552077
856615
292750
408997
984060
22221
291745
636307
440975
741195
103276
294243
260626
476664
48332
991857
559509
576343
751065
351075
195710
627489
367911
180022
16616
199252
839522
924925
779964
239200
63254
310789
364867
543777
955287
899693
392027
781449
526209
43783
355243
693030
596131
504061
978157
475553
997503
691559
774715
196232
404311
981489
494432
645307
356731
365656
985575
600202
707761
216471
448931
633842
12115
28217
520483
341182
983929
747517
523061
807978
182426
252919
22093
539410
354704
528493
918228
421456
996555
228433
945368
703228
729420
252361
558143
911026
590686
528501
538992
870479
707050
290743
418873
807079
669204
113663
121612
766831
265695
386946
836003
469990
903749
166807
539008
18627
31635
666198
926974
587718
702064
622428
414028
255002
598379
239277
429775
830297
465339
761253
886810
336790
161084
637806
103669
828150
2728
888830
314000
5806
147413
813463
219985
350392
11238
718379
227195
371401
332711
606249
31567
646783
607904
404993
568800
512785
97035
726314
595010
476305
998654
13980
944469
12904
2670
661311
795379
847238
353605
785274
63651
310400
295983
471128
321736
234160
523244
989150
661084
260506
749056
416262
245903
681129
321770
876018
308382
51475
362737
301019
999657
568986
777944
618313
974991
70027
693111
664079
406271
528064
389744
827628
488581
222189
416870
195027
828327
793338
465002
703869
295614
791674
774861
781934
854421
104000
420429
278583
667809
260085
58804
934588
529465
487467
44981
111057
29190
289578
612925
871902
303335
847067
742537
900340
896083
388529
139391
641341
724523
278174
514520
180825
112119
21901
651593
223441
609467
604374
515642
904211
926472
133420
521080
918012
990516
345385
509229
426828
115852
364978
470471
408608
182328
259193
597134
698605
693132
758183
468435
823113
97703
341289
468641
764627
81454
637675
682126
957917
790369
424785
962381
992310
148802
740394
532420
776278
567537
25704
922477
497398
627277
528337
145509
40600
436351
312131
654763
955645
700285
426111
863074
186702
180507
513339
951543
33765
59139
515989
983763
594268
857767
357694
660273
762576
734996
135714
72692
878184
41479
955445
101765
1234
87359
842722
547381
506105
215444
461406
860206
238679
445749
447325
695511
950428
652873
210787
319853
179041
243167
241896
342456
551834
796659
930300
586277
573882
253538
243482
817847
440452
54759
390400
699184
46569
439101
510642
731291
126006
927462
842244
750034
548963
441965
844607
150975
956045
806351
943189
460705
100429
75312
944818
719056
795748
291852
777658
48888
90128
902751
179514
483101
975164
280961
213370
716387
169053
885903
362351
307
913357
687852
476193
767012
920584
209927
334339
489624
226528
89285
495203
746750
615477
847456
391499
108186
346030
816461
218059
771570
275007
346913
673118
690290
369873
48
79757
931798
138155
550383
372379
620339
924503
664660
379030
561369
60642
856764
417994
609702
668818
907760
593596
582332
278803
171122
688089
913563
630625
681628
172173
699239
162145
985482
547183
75196
659439
428593
961911
239095
421931
630427
764939
806812
116520
966311
889609
454596
633108
786219
629030
917052
142442
683326
39583
242732
701449
607854
117056
969953
126970
987554
187500
642360
97746
886988
625393
200349
422005
246078
266096
952888
440749
135235
844140
191106
927080
420549
487476
589584
566753
603817
257200
291976
513600
920614
748120
915100
492137
392068
302073
434292
582034
702497
946656
662996
887984
382297
769243
414244
276209
348039
241559
235385
838538
458138
181317
686434
605611
741967
438930
778874
467986
374732
454543
764636
899951
6516
87094
477050
782902
793905
835013
630045
942878
474063
452600
644642
500065
906946
961295
566382
458451
799786
503548
980743
332254
705568
31627
573326
433054
37485
655091
374478
689946
565443
6508
797207
801053
438105
492416
960059
520745
271794
961744
744567
284461
419031
761652
485988
574776
802502
700799
296215
417817
96812
279207
520256
546126
528795
374941
797168
222911
968320
839236
55300
475832
591690
847316
681279
474032
985802
556798
942591
995281
712451
951505
521789
271690
161524
868656
384176
390403
585122
71248
725201
575781
635400
977052
714123
974314
429152
126465
727628
771237
143741
802833
162586
368745
162832
658595
890865
488159
76034
227893
801509
761265
233571
262752
468430
340448
915957
190018
585937
719272
210117
458724
284090
443373
920447
604563
427144
157263
586986
898154
459932
465109
378438
366527
223279
126690
686192
167954
718242
920361
274885
456617
789011
722184
854536
80516
920676
643465
161212
921520
303923
299963
860354
579141
198540
940220
3468
719323
870828
62325
326449
378737
414497
85772
446334
861318
848275
621663
337892
956382
892280
19756
616939
423087
527287
104364
325614
350488
243711
161886
624059
328794
446894
819262
910516
160699
491639
473665
511795
921584
416723
998780
789263
250641
424839
935569
269342
261388
862031
413528
596828
877924
591510
786176
610822
857488
718840
800257
313068
235061
33844
558795
810593
385251
128905
459711
721820
153956
82315
315767
375308
857647
63026
897559
522214
610153
653136
498267
171433
712840
371627
608853
930240
983675
442389
190088
802544
449045
927185
918241
974346
914737
898322
495347
317405
134809
962573
814958
812396
585165
837176
773166
15172
462524
954239
203884
778091
23989
767968
559138
81524
161046
232568
187137
962262
436306
500677
442077
397858
274387
839941
131922
87340
944953
416942
131640
375701
350772
349851
304868
307692
866338
210075
410062
172910
124043
640406
10261
919395
721950
508852
714501
297974
417784
159160
126308
830144
371634
971493
589883
349155
703943
290950
78239
601493
556308
775329
276124
455403
617266
630073
648140
716549
910604
960593
410378
165037
537591
997383
268215
392157
286557
723200
46033
572414
286069
486669
63828
698076
963916
395754
624263
126110
173148
488893
116766
521916
370122
201902
307647
935620
279255
227475
468196
409227
912874
154929
568050
535797
521232
307637
806549
489273
4024
224617
197385
53775
496186
779227
705309
641086
485028
340739
163716
47494
929983
865575
328665
169795
788216
930743
891414
478595
346449
340387
845312
741760
710774
876840
904281
370713
251310
407344
931278
433158
65306
922323
793672
692564
435665
247646
177890
184999
79403
230367
389547
263564
389324
230183
229957
658507
215515
115933
399514
387358
410114
625054
442365
290860
868760
65274
611255
81824
20433
125966
519099
835843
762452
657864
56414
64522
422608
391069
451210
278585
954021
578040
475684
522806
749901
481124
302902
314512
779307
137799
322662
742377
430024
879857
479482
944151
926363
58619
53453
739909
196867
726504
705743
947110
577578
252914
251531
742179
289201
54626
367309
631246
450347
350848
818028
768910
13815
863305
898020
364821
413027
525586
230497
117404
508413
416907
659670
360800
44752
183123
715778
894479
760761
148087
166182
635739
167881
890143
203784
911969
796629
793240
272003
176141
795936
817432
540524
276565
767172
922398
553673
709087
335769
785268
910715
85032
715296
582765
484055
821142
637429
861591
615843
28631
358116
939160
423772
43338
318257
614519
999519
693388
580065
107345
92055
48011
519107
784912
49962
384671
288652
107112
445961
762668
534271
849163
976182
587386
982222
161236
98069
15222
538133
700803
817110
550140
237713
650797
750563
813185
878619
434228
662488
124515
327703
939984
923133
545262
883520
615294
715826
933412
363668
931584
791897
572095
316109
297611
252953
997114
515013
680817
997136
408437
804322
559837
729793
415834
452013
888306
311950
482499
855901
823529
567733
840177
813255
824333
487754
722189
753958
854878
867741
387229
391390
114663
13569
842455
254926
498168
914915
127376
687542
115312
737219
159242
325288
750974
701273
710857
646282
203818
178373
846924
968691
281295
354025
792986
329287
488806
369161
731549
91719
381388
624964
347140
238624
841360
803313
35302
394156
974737
458558
648180
646422
432483
761871
628055
231115
122741
966295
514052
622322
985096
5638
235269
415622
722278
436818
434971
809165
652458
305140
204887
331226
470465
70494
980093
283546
195287
716962
636445
634757
575598
81394
565052
114694
615123
376926
502238
743758
16930
832919
900097
14624
826979
329010
174167
424262
413273
911133
770549
501407
980063
269701
951138
390047
899360
436434
158374
669996
914476
41087
878445
389452
376950
646555
394522
283322
459909
591751
656176
357279
260835
758721
22948
60597
141229
917962
440116
171612
282002
158547
764517
840643
106690
869283
917466
92973
895328
908719
908757
273298
739610
618622
107000
68593
438138
380661
131405
450725
987700
599827
333038
525272
585331
461493
779393
959641
920617
185022
755548
157994
674504
713419
465982
74551
605400
482891
94163
484053
883923
310025
543777
930444
40135
282543
919903
288442
489302
234300
868590
145788
856888
364011
815752
680887
61403
742163
247066
813419
875548
197544
898991
35632
458069
974686
440041
14332
175140
960679
968411
828815
213138
912075
190936
387186
660729
197202
242844
606464
938772
741251
10907
130861
5753
797622
504877
208593
488062
491677
163364
856483
494520
193424
411661
241884
890330
62771
9253
146614
976270
146525
624393
203427
151843
286200
46760
814984
538106
915764
234890
406281
301165
128209
245132
223810
650172
736206
553529
677426
77974
967208
526527
14488
791190
750759
81194
505794
889739
902693
578307
576167
950625
446668
148141
665851
993565
833524
644273
282498
567494
107527
515280
433018
23654
214520
939640
429541
643995
991049
91626
574122
20952
693600
50783
677929
609396
820701
614016
944129
499667
658818
306766
476095
531743
317831
516302
360274
19415
334480
282469
324465
53185
694625
900155
587709
725223
201995
996116
969626
302171
427725
878486
566086
603054
702601
453125
613677
222573
311052
738392
797707
904141
110153
235308
568996
175390
273317
696222
615762
976974
217993
749955
772200
284581
227536
419955
890393
384318
861555
852095
362393
771371
385820
588976
701504
274959
90373
937989
80919
653315
136324
970477
562475
580117
149002
821193
277617
813106
646912
337329
15623
964021
180236
21941
929931
768711
663578
965558
305551
338908
45303
648111
586049
562223
222866
761508
960176
866178
686961
603045
974124
815905
848899
312285
483027
228587
669563
430668
812108
677737
578179
187247
61487
680352
470446
394094
130573
795576
714847
36835
680629
667983
992909
649822
628810
940936
800138
713368
268288
796302
340024
904591
917025
675052
755193
290153
655269
869774
254027
747578
698578
424438
886764
710529
230797
867689
706124
975653
393694
952352
118767
325328
763461
421694
167136
109536
252896
247544
782942
882422
742133
360850
254183
620553
940965
665966
215285
781830
993623
182800
737900
304813
392508
448336
130349
364841
320510
982906
193738
834941
621840
479687
356855
879269
295007
347653
757133
785829
230599
223675
586889
772322
194596
456453
714799
107499
625122
273262
798154
402275
68497
749293
210105
72982
154460
659547
190561
716014
103014
653922
562082
760670
593432
178168
843490
587103
417738
941145
532385
610784
991305
611336
531845
736440
573576
333204
995918
700476
994130
916234
424030
10895
634947
870113
480802
218618
720716
455923
938387
852348
309659
823912
818875
891928
654849
940417
280185
447157
797300
656364
427133
390478
120397
350717
993417
431595
425646
743076
541553
501441
807962
814060
960877
745219
872888
20478
525053
630238
545696
436571
280887
456629
462803
818373
946839
547608
726941
885622
11877
712806
116506
552840
923812
754538
848720
38349
486164
27083
616978
83349
289646
437565
792831
235450
603318
984262
694826
542290
374910
662416
430438
278820
207682
321797
948053
335462
946557
698736
817752
473706
935556
517684
665328
592003
234652
768812
760211
90369
325276
776874
440482
563235
274350
669096
423622
327552
679318
409387
110610
231166
105207
979300
683770
497003
779581
996077
551467
489786
181641
219751
430757
507452
758176
39595
685733
904770
109865
818551
969148
725821
223364
609827
220389
579834
459857
996729
327243
277997
983986
779685
76489
581405
306439
975881
382722
827804
493459
998526
16406
588325
82362
204544
257809
503687
554002
711111
767772
774361
686496
509
567025
505027
397233
235234
870695
874912
459773
152905
299253
666456
629335
266062
692115
356542
398470
940560
28143
240448
94131
95002
845599
69284
56547
504615
592020
641712
183709
327293
228926
690260
273334
61033
38291
857335
177235
816568
650500
985497
498717
936505
797329
356197
61242
399275
888899
745965
996399
134082
15739
314015
967641
118541
235862
454886
692543
552004
292483
211160
521813
26631
510419
719356
361105
20005
717547
973403
599637
221607
508277
663900
982840
434752
940010
59673
955436
472184
881324
516761
255155
854684
349976
732349
231054
79302
986177
209162
152662
311888
366512
116407
199044
456899
223454
984310
247088
514613
639671
741882
76049
682938
572530
849912
819287
215723
766524
753827
151171
881356
914732
171509
770091
346802
5302
970102
737374
780788
737422
282591
496816
563942
45982
404326
579906
489965
765747
355166
270874
279331
667068
674763
353926
778542
573855
873957
384566
155330
303761
822856
855915
254801
753839
427336
345449
901444
434632
454504
691704
197063
811079
159868
684341
472984
540932
762673
954386
997206
774144
787409
115591
877012
558139
747833
409557
895435
794936
76293
44663
929932
410723
396406
318276
921615
141186
75732
378804
715243
672800
735689
361678
996911
580007
768856
592812
382574
587111
557249
529532
366551
116988
196018
218456
248502
800067
222010
502365
548815
706077
906161
569909
912727
38690
54763
796214
79899
64324
245119
943174
255059
215377
94889
512406
388463
63588
587725
894933
578162
979941
543430
146292
338672
295786
706456
15874
826484
786966
346274
311464
85535
588838
296330
39218
137368
715460
467359
529404
155935
724980
462845
789565
221003
89242
738731
578092
27568
649944
554746
516719
169488
182409
991
795598
869200
997459
671528
969271
98942
777530
664073
418108
611647
337300
473357
68545
419258
416286
887070
156048
245148
254334
398310
891887
329115
968526
771201
948559
916466
193355
849782
900895
797704
141505
986790
507660
697145
643664
751054
462467
982803
951838
6990
333213
634049
527378
738972
75450
917827
852225
883845
413363
841961
700532
945792
682246
537379
676263
6920
506938
11054
277519
544639
625095
435272
961792
451245
833950
400405
108768
917726
23187
359170
498971
856227
775830
902865
313902
499502
701238
446938
931922
761021
458984
707972
244159
328535
917758
102548
472264
264852
407839
131028
353361
294732
423017
261821
673658
637712
433720
954496
324224
685744
743638
926650
202971
784133
201933
727878
696436
414062
866707
324794
241211
846278
191125
905394
670306
451882
620803
9063
447252
792531
95860
285069
91785
9887
777342
804989
451769
517414
857967
685211
574734
914690
618738
541174
934195
503194
164616
290662
543024
305194
58138
796542
358925
449029
148098
163526
187836
94528
934795
472920
610683
464955
892159
653458
443520
471067
597643
143475
32094
507803
469502
906790
564057
159441
16777
689755
789489
593859
295423
748586
452487
150600
535630
941606
992198
620967
99184
847071
555280
246607
530594
739413
68909
781031
633938
397435
286854
383953
103768
657796
178642
93407
823604
735624
104124
42886
466927
190590
195273
664144
162320
98323
205711
971843
492783
868397
237788
626302
96733
819058
801401
887580
539821
259475
156853
849412
471430
194793
68362
413342
580430
558260
340305
713891
103528
30141
183644
290509
345703
608519
806408
357369
173755
775025
109664
651652
515939
234401
558697
145929
90241
629047
284484
450467
262764
168957
186221
326374
315638
303047
37108
108132
651550
546909
988488
763649
634047
575467
361076
826292
667910
127568
571516
435612
846758
609415
621875
676002
634076
695787
221664
728966
415627
651430
344416
94228
11425
695306
313281
724783
486062
993480
599849
693363
934569
686831
239113
514813
152429
867923
869446
996835
941848
779045
487954
612500
115216
78954
485388
726739
109443
708562
883186
775568
708150
124555
241137
653733
886691
295724
637902
760272
953264
240374
980480
683979
3281
294993
120214
8994
546922
633358
955853
113269
994234
659292
567408
925610
173801
969246
163050
235923
763858
809254
591938
353553
548774
900457
465765
787490
725135
73921
858055
407137
302958
337318
220917
785181
670199
410286
914733
684589
348157
602435
272448
975639
226114
937785
254491
427699
134933
723578
596778
829460
280826
898886
614944
68134
83032
302079
115456
320230
536142
434446
511531
169264
271510
496206
827131
663214
187047
497364
360661
665793
555512
66441
867211
875988
418551
939070
398601
617908
579538
881391
316695
131446
709173
797449
248696
119148
823196
408010
272353
323818
992702
585592
316462
301514
878827
637314
397356
367387
246055
860791
226163
633884
850192
215298
308753
336129
338563
847421
196993
386480
961325
535799
244744
648942
247443
347809
943898
293978
900899
475255
248911
214881
864726
284210
249823
62078
84464
303970
820362
320704
771558
961834
294667
589729
90139
787383
206439
45377
771057
106536
964748
814537
259002
623550
818259
190982
227932
404795
679601
538673
83613
843610
585296
60412
269190
596722
925846
717036
289751
977892
398441
807160
840679
276227
438275
709579
238412
763278
547544
729736
839992
820144
433178
903730
132888
98429
383087
104763
954476
796400
72021
252372
408445
58541
648029
401229
78517
819877
344952
126565
940579
671842
30635
3615
751742
109737
841375
350850
277061
83602
214714
845902
914821
864071
764002
755571
113380
242479
212197
523247
621355
184188
419417
281278
504174
516005
951543
735014
420235
94654
881682
296696
660745
926622
121619
429123
744507
938870
520209
991401
225097
526660
289549
288044
557332
790777
601703
159310
968177
252047
854720
784880
205839
433646
773992
201538
8291
651126
129808
732762
199700
125071
597199
276980
194685
221276
365273
379855
242780
763445
337416
713708
942452
662524
997377
6285
685722
142143
572308
223297
708448
271956
771652
146426
739013
410315
81892
75180
310293
750022
343431
787721
369254
574267
344314
89704
787093
890084
747605
965636
4600
202363
296381
704640
623664
841939
120265
539844
71198
323323
828398
478559
452684
512269
855688
400637
823553
929843
893371
743883
48274
241301
186130
585557
296143
688689
136230
140156
485470
358426
798977
905549
951182
567173
889575
216997
457337
122784
636491
518227
230696
547686
403009
334414
871183
630416
29197
68684
532759
145139
872799
546274
122010
61815
982547
880909
12391
142146
886120
673920
353672
391203
132690
399788
157358
764890
701179
499462
870720
725656
641066
505191
928725
592905
842479
760715
9031
607309
669430
615615
304634
789220
454500
949087
94030
376716
282099
577117
632686
86273
218382
358804
647537
412049
923033
835238
4940
513392
785771
731067
641319
19007
46632
464493
790167
901318
224521
224314
265820
31522
93515
433409
534380
704432
498224
454463
347174
459978
168753
669805
837954
254389
876379
751890
540580
153113
244225
395751
96110
656008
868545
828369
96052
791531
13180
721686
469398
359096
731271
122304
457537
216834
51410
864834
690029
857332
642333
951561
681530
75988
211202
536809
795699
648683
479168
710658
536353
643863
545830
770012
286806
359471
250134
179432
4766
204583
396610
11978
485103
350322
742804
91744
66627
321489
923990
628210
263958
894478
366721
839606
48362
252674
653137
134083
708923
193072
928792
970987
336829
549475
257368
182502
726087
840746
706801
395191
937124
899223
205318
260677
705293
393222
66868
504948
480368
892616
119390
868758
653146
574355
601467
221775
48832
403357
319618
975634
395034
607773
248060
781098
38670
449865
318822
532007
792625
428954
360109
702921
323370
851471
941754
507364
41630
480867
767288
340286
483094
177096
944463
939248
393471
316080
708043
800692
69935
715347
928773
790918
344543
936769
524005
623371
138481
897951
945558
167697
672971
626713
53947
772276
155206
271641
399834
740754
216771
778477
304625
831188
997492
312883
658649
681607
922218
304253
435798
739041
710282
462974
459690
597544
328224
415840
519173
161983
427311
178029
980541
77568
496166
618073
811113
848639
666820
20836
479627
66239
474150
457467
341890
737721
106981
157707
761470
271651
918095
232006
217955
399051
925674
224998
232304
352599
530079
728543
343622
611009
114508
81181
52838
637746
365346
477077
47343
934566
104206
289304
142297
726167
1915
730861
153252
221501
577279
903224
819523
491183
193430
678884
80872
145855
729514
257804
8162
586107
734162
319027
131117
499693
228285
374005
120070
640554
247338
487145
798176
4609
132544
649681
994166
422121
327098
341698
921969
94146
190033
220369
187897
223772
565336
935370
50600
432513
801003
42065
439615
138816
699197
79032
174632
588869
642357
186621
594071
498558
755662
370062
297401
803877
933166
320489
961302
458265
868124
721286
572034
433351
420288
793216
57992
661685
947228
410529
951782
503982
18688
967204
356887
661612
880037
904996
80852
178758
196566
483236
978678
908662
847289
322612
912064
967665
142154
97077
211316
902672
605417
445212
501738
73744
298503
879522
883847
251940
901389
22250
291684
135807
155753
659115
149092
977812
484425
111462
132918
461948
473340
180636
461934
745037
884111
118059
296210
239841
560653
196406
743500
552520
595915
873184
954068
511090
602278
58243
901863
563389
245056
797521
560753
132156
543306
72711
989453
187807
204506
746087
140993
591681
611672
540595
223692
249480
639155
332236
972490
965885
946506
240625
231103
901646
170896
580532
560739
123296
586777
467312
662250
948549
741491
418566
600957
863387
111753
256428
790158
570922
79517
843852
19992
920689
769658
485823
548357
639688
698592
2980
382747
253223
11092
278712
331015
93493
608135
279695
225703
321122
687805
968767
794401
668603
454267
426005
875722
988055
854817
153232
878058
476051
661037
647062
304789
55580
481251
716999
710511
99867
210563
140282
738844
159689
548089
928890
96017
683236
557286
655428
66776
555494
14307
292806
889628
620890
489916
410150
543290
145416
279938
689597
542745
129582
168868
190668
745646
817700
823349
660117
855876
630991
106652
418203
557754
396280
808751
690263
128216
740006
99522
510213
816942
969270
796736
955700
448693
412429
109711
820623
516123
543268
394803
511756
518547
54964
439895
573975
568514
900578
727130
780134
774860
786317
648982
159929
198940
358449
397123
233205
71224
315915
451674
579539
970340
364784
641731
560698
154612
438501
268577
286615
64573
95403
182414
891839
487842
11373
344856
1652
203962
826798
146598
996811
656071
727103
558102
15273
842641
226690
183253
971823
847986
808605
577911
566800
266223
236860
273553
14370
390380
20861
460127
611981
82505
21831
842000
993631
121541
183384
483460
710708
382968
155059
512287
540093
887483
80611
989089
766779
20271
584921
393239
86166
817611
848587
326603
547019
649036
921593
992260
916624
646771
920508
111191
77785
842932
120957
966658
987706
712509
487601
419068
238214
948401
769665
968572
264285
935117
727216
411819
837286
789708
784264
654180
274048
179706
401618
535515
413251
747691
491273
895913
167373
862599
452470
154658
510783
488033
531709
478269
819901
898737
517335
1937
230784
738714
663129
618642
797314
921572
319371
456917
645306
657672
146938
972748
341926
743904
909224
67384
911309
167533
575325
821451
702352
334795
854016
705918
958554
699824
489886
993701
561576
469873
415641
737833
71982
48752
422803
462591
790628
186681
804886
840572
892378
839909
51466
236364
527155
318285
107424
702478
200742
738266
900217
657632
496791
996695
758545
868684
64384
417059
416826
326977
674240
596850
133406
817637
325818
475343
64547
737693
651340
19160
970892
925841
827046
773835
974624
394190
845605
384012
855196
102886
577177
816154
518252
768630
406254
630250
818095
101456
182067
262341
56224
458914
947894
265972
3778
433974
976830
225957
728854
349600
328499
652297
697820
892361
817875
385031
245362
691908
770896
134793
804370
540818
249354
921705
41926
27935
204122
267557
200646
132493
65240
533122
726008
679643
379975
57779
884387
70284
252171
869630
453232
456233
639018
462952
877465
944581
524621
320209
373524
897024
867015
974255
310246
241694
79423
514039
445042
534356
785094
866168
30780
303908
585882
798043
594464
971008
928542
840337
286465
909141
278836
708355
440484
903956
356915
164850
736346
712362
641752
731878
758921
439181
820042
79738
922982
622444
430937
51880
984698
382402
215661
393670
714365
998923
534009
299802
816901
820454
476770
53171
783939
529766
930169
536692
732294
628750
776095
810006
67175
761924
204957
761008
974304
432294
693187
727472
561449
491316
366976
66951
44389
890182
369136
890164
498913
322879
211459
913903
173136
757984
508417
400801
585904
331505
239918
975143
587390
712627
900340
378810
473173
641984
857391
571526
927272
524540
92394
644702
95811
537626
476044
654791
588103
907569
425883
993265
326451
709287
640994
927821
2081
858411
968074
295037
232079
932908
917099
70809
109014
329922
238087
639945
234873
526915
996153
542412
4600
794889
639638
194703
869687
982076
672274
437458
362734
949844
958310
383116
893521
601787
433955
450311
573329
675935
967520
183624
982561
400628
449823
68381
847350
598102
301980
962682
371813
45906
164822
659630
209184
775098
656873
213108
510782
273074
231132
201581
402910
297412
373183
110082
987361
370348
853566
368929
387966
807268
913917
800959
342635
796724
667902
567036
966650
325881
390279
410964
679885
317743
295924
581928
266312
937980
574157
284497
979265
458852
453134
655117
937637
844695
914364
253334
253762
280290
401819
885166
643303
80258
518046
605448
95958
860456
993699
921743
752654
12687
437694
369666
618169
257265
87572
568033
495302
632862
930833
999775
896601
512763
337381
551467
531368
414313
697384
147677
340009
303324
64879
246985
505442
801220
601636
545816
5841
296193
95575
489093
207290
218865
348052
185127
541051
859943
293843
944811
276184
80014
869350
764883
145050
453311
495460
388972
952825
689411
625013
266253
717206
20581
431237
214003
19932
184925
646131
34049
631924
321315
110427
474519
462160
735829
915329
325661
205085
194540
461099
230619
461103
891177
810762
204720
824576
879241
759270
447099
365454
934401
72036
408092
349483
177683
679791
549030
702747
587707
965001
635489
453641
411497
632436
48601
539191
626720
150618
933031
461202
957559
544835
596885
950750
19887
366539
106038
980100
833991
542300
829745
242469
946016
191664
563774
141695
863817
452933
824887
21926
589421
445045
783638
988405
125710
670107
639203
759786
953451
119005
161957
473101
744043
286223
320786
894098
817104
181292
697211
458733
926175
588048
711936
514041
410311
830244
10892
231453
792917
377391
408465
792085
670634
528071
105066
402117
890969
29442
435658
753386
919692
972183
707018
620287
121462
856542
579197
516876
909935
231681
799971
14442
417980
653398
955065
493109
268576
782098
375108
694683
749714
987953
232904
510313
515374
427175
728789
286739
643968
476861
155370
872872
629660
42439
572711
977901
557845
993308
826048
597821
183896
331544
751566
223049
760926
276490
722646
50105
505968
475111
395539
57324
394677
718474
733809
371929
497897
199364
338434
544854
625470
973760
837012
695131
61508
491747
972137
776915
96652
737477
511738
891736
560210
204669
138210
858878
915594
301026
471467
940999
143120
281065
711613
926849
663405
963791
962866
145491
441516
974500
267796
85723
59994
218568
733122
444169
617278
993598
972611
488563
712165
550409
933162
694425
991579
968294
428431
783352
150295
224154
195850
302991
318375
97628
508896
644453
122420
180740
301718
257405
307794
888114
4085
326756
354169
566647
116152
397566
429711
74031
196536
362864
822115
408068
80525
895701
865661
324450
580527
379241
458641
782897
549742
758957
376109
798286
127612
953771
765880
795558
927912
407608
950068
821509
670712
508675
410347
277714
478360
302917
656966
223842
823073
144993
374567
184490
916782
63178
324272
888451
530860
931008
961362
586770
938199
840490
695745
183571
324560
901674
219035
506362
80143
67165
708655
141312
503451
308976
572288
43557
472392
309293
482946
59930
571274
236027
914262
265670
29366
994369
801637
235546
390516
239186
744925
686789
948527
859358
306287
387055
89554
875618
232298
340142
222093
197016
741850
329639
61858
609356
50933
367143
693609
672894
556720
236936
417767
700993
575368
347438
735248
455868
103471
557745
553286
686225
824417
238713
362429
835946
763018
721843
845421
234098
820930
974975
650357
664797
717345
452427
787675
157527
733710
533221
451680
164776
159121
429492
309730
408712
207246
719940
361444
192383
489331
821872
959047
326132
959463
443989
769589
772341
980141
625393
998016
308025
885257
386203
79503
305787
426044
594770
534120
332624
124082
725698
808631
579787
148683
145706
383329
310268
68912
221447
524593
390313
597042
515984
735177
506763
339461
754524
590532
189172
734148
946473
762035
342845
301642
300249
67703
685179
37619
805517
768061
378472
385439
746847
133942
883736
184489
766804
766151
34196
598902
827369
501403
774481
623008
669290
137499
760023
319042
979426
374063
431113
314498
67223
864417
460890
581421
46433
729322
294250
236706
586880
264074
309623
225336
685395
687980
821987
349041
420439
405084
900138
709122
79839
971799
840114
161875
828573
62676
321994
194846
298715
734961
305095
194627
811394
584352
831654
590317
329722
294423
592590
68726
138933
399200
468779
186785
998793
184473
158839
522589
947563
673121
824255
75415
972215
578321
179578
246201
213518
673298
16867
810216
724702
807014
644095
369861
178065
567270
791145
793695
299195
60810
134995
605624
422563
836522
90969
372357
263243
455408
371333
698728
851865
67884
792549
385636
442754
295711
724575
16994
568650
195972
340842
395883
725875
197428
683499
602398
619095
448653
617956
39481
682982
275040
384545
19476
869076
358135
162308
259110
883886
688187
342282
307407
125031
375159
600028
725334
375987
480918
815500
556454
430785
841347
668563
206888
308258
989186
209452
900105
388049
286553
606808
892939
656947
753956
578207
930757
988056
691135
691090
674478
931520
3464
117933
474612
61372
200268
310995
324081
136589
978816
525869
85502
518981
722487
575047
172945
745228
7401
971330
501419
878259
161215
118367
965467
338514
203696
255823
192035
176817
32166
544725
329819
553264
24111
227245
498887
711897
505611
732915
53243
20980
240062
395758
832107
890141
462545
520319
434610
347628
698777
253676
714882
243354
761963
99768
830483
817227
232250
86657
66380
292295
380265
45675
855098
781387
78028
39283
575954
308301
701083
573297
481407
409561
255175
282271
326309
275189
71652
797791
292583
973979
44378
348041
726325
39145
897996
36565
633513
759214
656703
552370
472142
783593
156036
697497
7725
907507
343976
885825
751489
788328
960432
475189
431085
308126
365391
507027
445958
502072
427775
610276
625880
186097
734148
655620
784958
456601
649605
620205
437724
239605
950104
434395
711020
210201
426658
875306
446582
487961
817981
224981
440541
41208
516274
675739
291552
214644
838915
989583
522286
533700
552536
288977
880676
657678
920518
275220
824194
820275
65370
308236
443509
988248
343331
605145
213514
844411
908954
72815
890069
348299
465298
737487
134560
655059
13365
194243
438467
356203
39955
263443
609556
613370
608409
344568
898940
309054
190049
207378
371394
409027
859546
195502
474296
962570
59723
154501
110784
913305
813455
428473
743698
377866
875882
231320
118861
635756
760417
685528
655105
467571
232293
55706
973905
918511
570355
980330
906878
431043
859093
613661
333125
450299
535957
321879
431368
77318
709078
456068
588042
818385
784854
17031
11752
582108
687793
880772
319065
217549
224222
183256
801242
772277
89221
255086
228460
191984
203734
377989
419825
392502
322337
874101
720469
618444
699370
405961
325471
534388
436981
953966
207908
113214
670835
207715
396223
962529
132826
957325
127265
177165
322321
145108
747325
421085
25504
49718
257774
654904
162486
77496
956478
58029
705282
485187
233232
957787
207460
426796
858031
356481
190226
997957
997060
531969
282303
375241
84332
385861
690942
194959
609643
512223
999823
438855
802086
270795
428836
160540
676612
311239
817850
508683
513727
58333
272871
153744
210105
947658
295281
542855
848069
63449
380432
693088
286664
61802
805888
738874
31920
749963
593958
651079
873632
732205
410084
87965
269318
726781
491709
136688
717477
339506
516606
942746
7639
502875
78324
967427
721329
88922
399951
477557
784776
62402
649490
630210
581516
78707
901376
175367
21322
258830
155034
748744
624376
163962
65828
846632
644971
131904
984122
35244
878808
395045
590917
979442
893977
110342
116268
101718
454694
751167
428676
312162
336447
717282
201
200010
891029
460072
777707
265290
652858
451528
128966
769097
378205
762010
924327
515772
616930
928372
603411
263784
913127
240311
559834
613807
597623
621297
345716
46540
371441
607778
685607
374436
320435
747443
559108
808106
279196
552154
166125
1705
454402
636366
217446
748882
898495
248983
303613
464646
597402
965727
263442
298115
258019
223153
350636
210854
915875
558801
391498
949788
821267
608690
197298
303323
48169
638570
781678
624842
541875
596925
503726
159426
272206
634567
72317
430164
482860
18592
867227
539765
120022
989267
929171
349739
274729
965560
532186
96205
66508
732450
425047
114330
125898
273571
47973
570841
966558
592780
730095
775212
719058
615312
90549
593615
929351
912353
469468
452161
852284
225266
12601
161788
298206
399994
996048
712753
427838
42543
888494
129053
327998
106113
525329
585250
854219
242864
605821
166259
725193
592771
228833
761310
155890
332155
230306
578205
493049
98124
800965
935191
353994
336896
564816
997506
804813
978588
238776
778824
882976
20067
953083
543475
38970
86836
59111
895138
90959
789637
776769
972341
189337
608383
725696
522173
441276
518974
836255
386448
808556
468690
959663
635413
251038
932948
229239
595884
31508
857116
410416
862780
459063
518833
964514
347469
830786
639574
166791
445877
798490
81440
178299
377809
77765
994073
837083
48511
975960
696667
88118
841189
813925
648726
859213
569748
118755
707555
283253
429343
733661
91361
807731
962372
353974
432301
159929
665389
648345
531310
701969
54673
503608
952747
144941
792538
844487
149098
645266
981649
869165
736902
932970
472322
805698
611370
958658
106736
954258
560412
619345
73661
728174
544855
699409
552696
621136
874439
19355
725058
355907
249552
100078
888427
300259
573243
68564
606380
920032
168981
451330
857774
189364
930966
584779
774991
196451
940753
804441
302300
305919
861120
314900
488893
869951
163917
559203
668801
887302
684120
412888
286924
343928
27493
506203
199847
61491
399777
154200
167563
219521
194030
816678
391391
733799
961787
193307
764244
276747
319748
944262
951605
85803
645647
547455
455450
522007
468300
725708
410744
261435
232992
934773
386632
410583
527896
285719
528027
336869
761737
348722
358798
198928
716798
928054
578092
174875
961846
882833
385285
404929
901217
269276
820643
198509
637664
504342
654515
669259
84650
898221
950225
652447
106936
483662
563233
33476
330071
915427
429852
902370
610183
378717
908852
29034
457567
733370
987730
791681
592812
542466
160554
402875
190009
851133
716111
192516
50397
439558
480342
24486
148219
164010
433219
940832
749918
578083
458813
805593
163451
486500
251925
834827
367539
538951
69561
4537
584338
899699
607534
148566
62151
450555
402311
476674
414001
47236
333819
53070
557740
762552
345957
300451
416409
409628
797524
564113
162109
373386
619115
775038
505594
884465
305071
59717
727535
635404
551188
317660
477362
583275
667669
483907
802291
333678
972669
94815
629350
559440
874440
112792
1091
156120
530236
982176
214647
316705
94192
584436
531971
272232
746827
865510
412272
283340
670108
366885
489719
608388
437086
869987
290256
816214
382593
263860
349795
829555
646187
701196
116018
989829
92636
935448
660013
533137
546298
749929
430200
570180
152443
594996
411027
101500
789732
2245
889622
48186
702577
966631
59912
126268
670410
44389
240985
309644
315251
588180
195873
948461
775756
699888
648602
276353
611835
939058
667973
36041
236772
979054
444644
58640
633254
753850
636594
45297
791852
931562
287104
108666
770336
50479
440184
889266
670173
95793
455719
797932
948611
747035
179302
598878
675005
377963
576535
915581
172731
871082
66006
426247
799145
231725
157451
272571
186506
220323
978435
541252
717261
868539
250487
773612
590949
795511
534112
448288
844474
322445
729321
757356
831721
793299
211506
695354
640219
32107
40240
589685
68940
347046
713527
196192
24420
694395
579765
268526
840405
912842
379942
298079
44840
555181
713848
827762
929687
402118
717172
828658
578447
723697
230029
920866
15375
325834
694672
105028
231026
430349
858163
785814
466364
450435
530636
261988
753937
27603
779431
313024
642651
713381
938432
147613
982299
340879
946886
20231
824180
721755
705625
880683
663326
568528
103750
25872
271484
217625
5688
438469
137410
587581
439229
496276
146536
915866
901664
938637
805699
107152
71611
138391
248913
358055
819072
421235
803046
586067
945451
773160
997548
135767
976271
802640
410138
610028
250328
980885
758410
651168
299273
716092
806401
195209
533955
768862
793928
79266
275880
656531
508027
55572
564024
115225
943109
107866
266597
52484
936689
321139
804859
994353
730894
348225
786871
760776
605425
132317
244080
454491
189495
185116
866342
192097
725140
99690
213204
432044
615093
75534
447546
909812
158655
447900
531857
838566
281519
979465
96244
677779
466958
901511
590109
135367
46906
829994
402093
271217
257662
472598
30650
646583
125662
903544
139034
910994
182874
92102
803378
364555
439492
793176
147086
703157
100297
26352
297940
449889
798016
829253
364460
737685
159897
411850
404116
735161
555312
551211
29584
912629
627642
587127
395101
400734
9725
862921
673890
49868
712388
900511
628840
696347
341930
940606
529605
250505
387158
694922
700622
809464
583580
702103
81799
210333
643094
275589
687239
566742
370702
446751
875786
735117
843015
378677
175166
859481
904267
431920
440872
40041
723750
17364
814097
646743
505112
540553
399102
542745
915452
790009
230853
375720
256970
995447
361620
945531
859466
12961
938789
895743
220067
680550
863871
502090
258203
582748
970642
841858
597408
951038
7086
560334
34129
181291
147484
639754
187573
76219
767619
635139
222766
808612
969142
353331
636112
71184
692518
692226
217816
339329
892707
249096
667815
689182
864406
969587
956482
745323
125641
491350
96587
600511
803408
142279
866126
813214
583762
604295
366000
965831
652630
979484
305664
354587
238385
988546
488145
956834
216154
639832
483704
333464
956607
753340
839784
271237
941631
629844
806329
24581
354751
628583
812046
951609
922916
235143
947036
778180
683198
293423
211366
707850
39729
699973
147200
184737
965547
597128
462097
859169
854986
382533
465044
710277
660818
674430
24140
257514
249865
918644
436269
563512
630631
355293
171521
164358
764552
473458
364405
730114
817436
623640
97969
727053
679757
791761
293328
441005
795383
520166
402170
986423
665350
968052
934306
414817
20626
685180
11116
267590
770280
152697
646393
768401
292980
436180
494397
177052
41935
758848
192445
915171
424496
933274
834045
596334
479667
479641
586363
141866
873754
792790
308819
945324
700700
889461
861668
751784
202615
4568
356478
407751
979811
410714
983219
894369
223230
65650
66445
531223
270921
136134
397732
662294
441006
792256
618806
641959
899503
794585
330348
607496
849985
189839
93479
382663
41874
956869
504045
288175
59662
62862
392490
384830
896779
366307
241483
470309
705976
560303
302365
992424
44920
756234
556691
35890
834854
712713
409468
824232
617294
895631
900024
424006
789695
313625
193876
839325
733384
777616
501893
536042
745967
117882
494516
651761
127958
65667
569910
100366
492134
331140
517922
371175
878903
461974
894837
339143
453537
33788
455732
157415
515187
115112
519589
431184
950388
212129
649401
293545
277457
471567
531537
235562
627224
245929
639772
833145
585254
548087
177736
856760
33593
514526
337843
909265
427522
254742
61804
616670
814968
503232
344077
918691
913633
418480
154410
854824
56935
563904
482316
708543
189129
886893
937400
996907
10303
731140
412620
314522
926748
299012
384418
309104
93109
97908
302895
53598
498010
580843
185151
810589
466562
36134
836344
566634
872618
371761
49260
892486
160903
145387
275290
563432
594866
970921
360995
345033
844041
741777
716672
882452
100456
186210
624558
992528
113012
809387
255035
137564
177870
310885
173062
624970
616396
884918
563605
194835
176028
731206
990173
270648
421837
805417
97069
683442
120569
522909
583894
649866
979070
876446
571951
386426
949042
769250
444133
158905
435841
701186
500007
750658
697426
442998
367616
793622
863886
557103
29281
936275
439764
112466
510992
130821
607032
842428
276072
842362
427480
471225
484538
963963
686910
679389
773544
982854
737828
532395
341583
201613
999451
444393
848666
980487
260023
370414
195105
957017
314021
797022
452345
442106
850800
541871
778363
607439
851246
665766
271957
76699
593461
933588
283249
597000
109023
931150
684198
631899
142997
431015
667698
566928
647964
829504
810249
326126
139554
956461
783480
465955
999277
956237
851043
880757
751812
767662
662166
467438
421781
586945
730500
838030
724178
544056
631498
738190
796279
790659
448764
513095
121252
536248
559068
197834
265043
244739
384433
904944
17414
840330
382790
10122
808801
869388
542722
25234
9800
458280
469844
67432
291451
968824
477551
972320
404693
610871
931980
392205
41177
511993
683588
762300
851027
223193
959239
441722
177636
737269
531305
395392
43589
31996
499184
507394
125458
737411
837897
976817
113870
37046
513288
539921
521096
449939
971651
242449
654981
637763
287840
163622
240799
283865
128248
781758
756515
460412
690757
993671
609877
386461
40840
463261
762829
300258
641888
236293
963889
922282
587202
748827
303952
333402
381520
700156
175840
965784
722914
74048
707722
264504
200650
200578
158489
869784
77005
179190
911976
308076
233070
543861
344163
621094
280504
808184
413625
407323
714049
534245
870596
965463
182598
297362
686413
248094
352562
710599
980528
771137
298919
414779
7192
212979
515640
778923
150731
670493
44494
876228
698269
844327
732260
205195
460699
832340
676886
175173
538239
863704
629801
770321
596704
569861
665823
642222
199630
104079
268706
39885
439963
330647
446128
821406
774412
465786
367394
223394
162505
834549
251466
228627
214733
815494
731660
452979
470340
463495
708631
272719
416220
900174
889736
88785
983521
144406
669843
635885
863813
850116
507933
95451
934621
733752
831587
742512
991779
581523
623094
486728
779207
321088
542868
351462
259120
674434
354755
65287
894006
584935
55948
278732
591480
466606
372484
558980
386692
885660
884572
579075
853823
227159
598842
79459
272919
626989
475456
545048
408293
671798
353618
459397
102785
825126
543114
920180
301831
40004
660808
744087
319204
35160
431163
445097
52360
461603
992539
696219
507610
352403
24237
820902
541231
342864
870354
342518
772552
222760
700907
683869
139464
76587
657737
363055
766299
266891
572419
229335
892749
60983
276990
190383
242144
446244
869570
503741
625398
269504
1447
650244
353131
335793
857856
367246
27319
782625
3247
551967
281259
953175
914000
359301
901478
827841
518762
738338
553237
890189
332008
956792
243736
7676
815222
88297
106294
674339
487354
390200
634397
819125
103680
11979
519607
806978
577521
135242
742496
290249
234836
969079
293327
51598
569521
349040
983127
84528
217493
853605
985904
703016
714343
800338
826082
527280
89641
357720
300420
2273
57736
277927
371547
514554
981290
664362
105273
228937
562373
138900
6070
201615
712683
354076
197192
148378
129584
156817
337018
43751
771045
856726
106613
219758
229839
821903
8464
438309
968415
632438
592146
75702
719900
583581
651383
289995
144364
95210
594940
908233
131415
603628
401236
241707
568963
419648
558881
356900
119073
700580
34436
607433
798235
19782
725923
197827
81818
478128
127415
445486
892584
516675
769129
714811
996161
682009
253987
372813
487803
877582
236459
62932
622800
584510
115414
949686
127243
549081
71887
455106
693586
133917
494073
810189
617731
373795
879301
701246
740329
197547
461723
41863
984356
305467
456256
281414
112450
873476
992655
864674
22820
533894
549884
18998
309095
228324
503552
639013
558713
101408
240096
700622
556859
11962
756061
682537
266510
844540
383426
469218
268242
829081
820560
781528
724982
671419
871197
445149
170050
271904
73579
860864
119383
648591
161018
798017
533083
551967
970913
171866
357235
979438
958509
182738
38200
911242
926873
208138
181152
373749
912475
440083
56227
921376
948220
888199
200798
823221
302714
376675
490942
4493
380721
681583
667528
410954
974808
757058
606427
794852
721486
439723
88005
748103
627813
839938
453850
928477
885783
582455
388211
778479
679454
494565
228153
41663
259372
155221
376122
128224
304063
171765
253879
10212
49668
858707
836747
560149
64301
383150
887366
409779
125465
463351
65261
73883
563005
274665
502442
851627
491235
743675
574504
563406
287056
480704
662949
258973
502402
471255
334743
597855
826501
712638
727721
166640
393610
813111
847618
345811
920259
503258
536866
607904
214952
488095
915793
571957
189479
111523
48423
432155
327487
280467
726967
86026
923275
191649
637286
602445
951839
196686
92370
181064
60753
552830
604192
904703
966117
788693
502721
905090
51515
582980
221218
409929
244793
729642
337857
261364
43603
78054
904893
344615
515564
299236
670931
675539
67172
551363
54115
138263
586468
908505
887296
593339
528482
457684
877820
937195
810992
97301
75853
789593
201957
364665
657711
695390
443501
930726
290700
517713
418634
22638
445200
28848
910553
330561
103458
781659
279731
288261
537565
334468
698287
784461
630637
116189
941643
846813
795609
265792
557077
51223
214682
117342
450874
952555
693382
451324
837963
256438
959737
521271
605453
682347
526919
318798
17691
725271
72099
252252
156105
112337
54759
549708
400863
151118
336878
940485
637354
449
535665
755696
595971
279473
471977
846087
277737
60150
952826
953001
86409
101394
938891
787883
311238
517342
512661
430395
108842
280156
70931
841370
429545
199751
741698
721241
269365
445792
562348
998496
278650
611399
388613
104189
906447
419521
855840
66299
516018
285655
238105
343317
193184
853177
954088
837988
202716
11557
808169
532279
368970
223543
985660
320093
368156
21651
351516
749746
637464
950590
961517
219267
976210
341773
707206
206434
754607
930049
563402
9355
755776
583862
859780
870764
486095
186307
619862
589995
537317
50648
562471
814585
890048
274429
355617
988754
208184
922010
456280
732516
208085
496843
498400
766589
903509
130609
617434
310199
855433
26896
166191
645025
900874
805538
601787
946286
31759
686507
633119
732091
951397
895456
79167
936378
582456
491298
915479
109787
9695
466417
630913
556074
474902
631545
346989
989285
627537
917564
52702
396364
753063
113453
4479
214791
306936
173799
503959
356013
377022
876490
307476
437968
830835
567277
934833
179167
873713
492848
522431
873628
884165
773464
920862
81190
409238
862073
283446
273828
98265
665716
479092
146383
946297
674645
560908
35701
667562
600645
112883
645940
143519
244496
464473
936977
951265
45972
360784
891710
877484
381897
120288
713915
617017
651549
600613
168246
859875
318999
3316
529674
189931
846511
219687
954861
949967
20586
153693
352558
36962
668144
534462
527729
528558
943023
844047
16969
948860
437739
538545
668804
929995
217583
725159
725872
264559
81228
928421
451038
667443
676235
414096
266757
680242
73846
401313
957022
114183
913823
718979
926370
824088
978503
728806
184698
229114
157776
956635
34214
25254
891823
332685
752763
260092
633263
48126
927677
405730
575077
623115
129730
882553
176864
989690
132184
808090
307658
468680
379497
723705
796839
843624
191254
465307
725365
785055
491228
482652
999660
386496
776583
526091
968953
675855
342351
726882
123050
356736
505896
571320
124239
909871
492452
976313
269941
227248
491047
192831
949637
676686
289034
414684
993435
24222
229329
346862
208108
806745
544789
797427
842045
494685
749504
472578
723537
579508
282633
219396
22516
526044
161748
11046
349473
475560
971684
336051
919778
674870
200644
638354
725623
380836
579017
7272
49842
252273
371705
633348
486074
72373
667574
107642
294905
647035
933819
755768
451879
321550
248529
489673
316428
945712
751886
945544
640286
307503
742178
809988
292342
593944
326848
975485
396719
477614
188593
774707
691045
768137
329349
497433
326236
795630
269365
261040
452828
122253
771976
425164
835609
943631
804508
500745
621194
635259
280427
624163
734855
132573
39361
390297
798153
706939
780228
971991
670001
168017
97925
410442
997342
95093
756409
242376
734807
376759
64007
540643
398705
230567
86173
227562
361037
777830
570486
962642
878873
323613
282938
687992
623415
258080
164652
927953
353964
672903
947238
802677
747641
49354
545806
598506
251697
527612
379705
292997
156693
262430
353467
580025
150632
706486
795307
33172
80759
567402
189405
170459
691167
140362
902517
623120
964592
310870
836023
440880
211471
359999
285711
648336
870753
470120
889333
963459
640653
352383
313641
740285
224056
257292
852283
508753
205255
552570
661805
329109
967954
471780
705292
279278
257670
6000
282506
215648
92894
700064
686238
770963
518436
280203
206471
408043
227668
37365
9024
237063
978420
779220
828019
605986
394170
205770
946090
257442
677120
816802
751463
209084
679956
334158
756849
664359
170939
561112
562398
460870
849377
899741
19542
219710
123443
741420
245640
159064
294726
615734
182704
870624
624331
457902
294019
724295
158100
820394
905827
136026
695035
705827
246058
919841
360953
576371
740786
186122
790910
126942
176436
259735
936577
103513
785272
513394
856815
69704
143858
223404
143367
439910
305369
473915
64646
565399
91067
705615
143207
47228
712430
80621
30230
60859
83244
423150
944184
41847
83656
746082
537462
223000
642573
939213
958594
486404
899803
446326
440683
780539
942165
713154
432266
607309
669919
935147
259608
422259
636645
808532
538189
380093
606831
838346
682651
259474
173455
289267
301263
677870
736242
212713
163824
229154
344240
305262
666479
678929
937651
889388
75300
674568
516561
827815
81905
543561
379132
68923
175386
100466
649439
554392
757833
327801
247343
220568
712887
466257
446819
666497
283580
384992
523402
802543
379650
738523
229996
734915
756845
985190
797524
295230
800313
644726
382143
855479
169528
579525
840412
789502
329264
414452
748067
590491
817451
55666
768153
985768
389806
800019
938017
868809
660163
694294
575746
186050
697909
31028
44727
864657
390515
396331
881218
263865
161079
561673
414401
420898
405248
651666
356042
483793
562351
697233
996199
853424
255849
195557
704957
329433
757995
436816
584499
962059
97475
365333
572374
381100
953465
653473
342060
419200
639688
951224
959398
894469
797991
513409
688308
644775
971149
58030
170583
695731
772749
707201
406836
359199
360432
219683
520673
915079
33751
426705
312529
653706
166215
33328
138691
414067
337340
817259
802265
387576
201111
603161
531416
209856
748656
416526
240971
927638
924204
566452
866498
901932
251178
902020
989639
944148
669171
895392
286100
3281
681038
934015
666248
137459
606194
39926
711696
55388
268315
348916
978986
620804
857896
402311
745742
25554
26305
476483
590385
442131
706484
756850
854100
279613
946158
217531
915854
255939
406045
303740
896502
599165
748
471525
351475
336894
113881
374314
883068
370924
927982
972407
256008
232997
367310
818062
983878
708211
566064
5570
497056
993177
500435
756440
696188
682450
954543
405325
366622
555203
172658
253271
185013
35483
20359
836022
555411
896485
929118
162470
713077
787056
992965
741153
909528
178375
491858
421829
486549
422758
628357
759965
110935
837661
607684
94775
464074
562969
642741
761749
565210
786191
310396
147993
607762
525505
366014
857559
194621
318518
675071
425117
306347
804359
889025
89319
199332
859494
600144
311157
571549
1450
197742
234159
439887
89500
675539
92385
318527
692836
113830
213976
615241
934743
224122
516445
681475
460098
839467
434283
123355
692588
437609
452263
444922
128600
632536
880173
334408
428395
418569
74004
11991
529366
122426
647347
569862
275582
215896
800341
144577
669776
324413
650341
163535
420825
59622
961916
283858
274189
164358
577706
799396
309055
62657
744805
747443
47791
382796
45893
675321
810861
52689
434268
920704
341180
767376
607527
140143
701900
218784
201201
643996
185431
921563
958151
445832
589664
485633
390116
237800
801442
383011
525159
286017
241663
350571
206735
20597
396859
41060
859896
680687
61447
681795
218526
330230
893152
885463
121734
266112
629626
395785
213511
731376
605867
743568
383104
861166
101677
29059
582475
183758
683043
640572
680273
338200
637035
43561
500225
586467
519473
393073
635640
364095
690260
264364
654877
5997
586946
182360
155839
474235
210616
275736
260224
874389
919662
142999
759395
875341
552867
404826
252057
275840
110891
304292
898760
330071
892666
506564
110695
353882
797217
647206
446645
425179
323967
671644
739105
604427
614330
244454
780030
812774
74328
798982
318587
988981
319317
175050
329753
847839
502480
871981
283014
642164
444384
506385
367777
957260
735296
972692
603501
641698
653630
359560
210584
817165
325502
89255
21165
290595
108374
985555
265054
814334
65463
939583
602633
594795
998131
407672
100815
979691
821231
309425
118816
757415
669914
558207
643158
228507
902717
17483
113945
383764
315444
547685
90779
183190
407383
414555
911594
615190
781523
714923
722900
52742
533028
664181
883486
56667
449442
28185
149685
152412
837586
653644
279638
52821
53633
20896
126038
117959
609059
949721
607082
907278
260183
86466
727180
304013
773640
947293
920503
97687
584938
94596
779424
86003
753100
976477
257809
743109
310226
214484
478482
45947
19038
965242
297398
425489
473883
598375
108069
279196
126276
758361
463237
196802
730965
786912
833749
230603
546314
97912
474749
478823
384280
813217
192949
384865
146562
28873
791897
553310
465007
680472
790321
740695
704083
401925
193896
97019
510307
584327
444017
329548
423873
946888
542571
502712
982082
472266
812901
309209
903713
338786
29639
512755
140336
306665
84763
892305
263231
439018
441892
292022
642053
155394
500831
672351
903184
25786
939856
449996
163521
550122
852913
339784
481722
749818
453329
675661
784940
971399
93140
508767
882494
537812
670864
245839
875262
385484
994478
26860
518004
689275
93262
311623
166524
540367
323618
254992
103553
621036
815342
447582
296868
481861
975887
942608
702592
706161
173430
261899
476043
503922
466884
466673
492512
795053
535691
833355
31173
283443
686301
821152
487192
179501
790966
762771
815350
248784
230535
297931
48422
852468
703234
420075
977763
990566
446658
151943
259613
463349
156672
732451
287445
5367
327919
151855
423875
20356
655407
992878
273163
760625
50976
373559
373278
156285
855630
90383
498352
531907
964784
975892
503622
674611
275899
365138
193314
500851
694525
998904
536381
518766
603999
964202
755127
16361
725904
720963
43363
627162
802572
685330
532703
570567
391708
44176
537519
149564
612452
922252
149506
232925
417415
992938
335586
679589
350409
444354
91335
920049
159843
794986
161832
428965
373225
68593
894492
868305
206027
765040
416192
790735
311609
744859
787384
275754
50126
858846
196543
2232
210641
237276
992963
46559
570775
110596
138958
532379
272199
37256
167822
181381
124604
232740
797182
655339
495753
468820
631210
458412
331251
768433
553695
456721
257569
348489
308036
962452
652238
8293
150350
305393
617222
609393
852235
782810
120423
816413
897462
46073
79445
709132
348909
720254
610509
214079
559415
112775
96391
749686
798913
249500
973154
1673
181228
223572
895131
31068
556810
249186
935934
335019
176086
271400
792022
919937
59781
232533
883197
467535
674160
957428
370255
879200
190467
309258
816533
326490
603241
593329
360416
917863
443836
9999
826543
393120
338927
849776
89632
410470
911283
720055
387344
691925
348387
205458
204399
449594
897423
566187
217505
715463
636673
822390
880765
759933
34913
28311
828792
670638
410599
497315
657975
573862
372404
372966
695516
714026
254295
673889
21930
579487
947788
861606
16367
101900
824100
301023
169137
495130
392220
958605
822493
71963
205932
337077
865708
925891
497759
897948
366153
865246
662438
308390
341390
846836
347288
505339
733527
619779
309832
238825
200772
706674
807646
327697
805371
343880
497586
636817
526656
239832
696077
224438
509274
369163
417040
778064
994895
224682
147640
787319
592728
695605
885863
679080
687215
474756
880924
745888
336335
13519
271993
305607
851273
679138
394114
987296
709683
2514
147748
509972
755838
923837
548983
863540
268611
23136
494504
529558
696944
4287
11886
789575
637467
308875
541591
765591
220286
944794
752981
976086
303461
894112
276861
204143
471218
194600
676150
625781
928846
544054
141357
9534
396468
391727
66989
906691
758551
898359
447733
203907
706929
381963
322194
560366
844318
852785
534828
531994
943608
968200
78814
799052
514277
953092
766456
731492
600153
877625
23194
831004
972339
253838
298263
229536
249278
864384
485660
84677
542158
408564
766288
820658
393274
813240
439960
138782
534960
487710
394387
479832
914548
323721
851252
917182
454974
653118
194
980188
900935
66766
124336
394350
244512
835138
152361
422686
179815
261878
802878
997808
579502
873125
956096
546474
231453
561709
485635
6862
977429
980995
826444
806295
728616
36729
188975
176330
769406
821032
347565
86865
530537
941786
609161
999892
609364
886433
726524
738904
661702
487282
68370
82429
457347
730446
664022
396865
295993
570229
313056
293390
124567
242156
418615
324297
986831
813828
285319
426491
531437
311708
743237
432970
13497
32287
900440
890605
386550
551762
869116
104826
38947
288407
145663
983553
322529
593058
345462
291405
847795
426346
11201
258475
641112
31804
131312
842030
823216
292478
778574
838411
499921
478557
212687
182894
634496
801869
156258
377111
190023
707729
626690
837230
991229
962986
891061
85814
593107
8386
538537
548425
998385
264241
547397
469102
420116
72658
909556
501589
234184
124855
97526
838588
634090
759487
95849
74073
373148
836351
423577
324958
547538
352860
991660
179803
220981
835304
375756
404706
132240
48835
607614
966250
727673
255887
482077
936178
245831
301238
620888
831427
539158
664220
171185
861284
405682
976118
435197
871484
982618
403665
849286
814504
734371
711651
888777
61603
735485
929761
903402
465961
54553
134450
456066
425378
746899
603141
583296
572946
175166
574794
340492
255839
317774
632703
261347
907415
343135
388667
514853
630580
854869
243987
742033
48281
835250
585731
883604
47549
416150
723585
346026
670353
57623
369325
930492
411290
65823
917761
741136
13133
378108
563303
948781
923362
419602
913988
816609
584656
282655
381230
299089
98903
595520
173784
997983
679674
517572
16634
936309
883486
786250
587935
795865
45146
435960
239767
386542
594201
191922
35601
963942
779988
959394
919922
747068
961221
296252
733659
245179
856826
988611
610708
66542
458544
843565
713135
355458
224180
418870
109784
831978
761851
90603
958187
354170
577479
952025
482542
699066
534404
754939
478464
757506
442200
60570
947036
203207
479763
491263
81102
368150
765517
410912
391561
781448
710694
14679
579569
660492
713180
110
61994
63058
33873
408286
378542
840949
693166
144995
223682
554621
433401
678505
980811
229533
214874
512330
847944
911408
825461
512229
891353
157323
915142
627814
507320
592200
681934
26954
618891
90594
308948
156781
279787
136289
341570
259466
218457
454105
757384
371716
964573
890650
867772
612110
217940
876145
51915
527039
757094
89870
390214
463287
824613
822033
779236
194103
625410
91214
255339
329435
104035
388898
252648
306257
509760
135240
979463
250840
63687
682283
200072
385928
627280
632550
304364
536304
858505
549053
139417
248549
963158
521543
912375
23594
887529
431744
173069
572623
329496
181995
804097
256558
807808
219531
705176
70558
448051
347857
311589
978966
962958
353880
139262
460537
43754
653087
9130
648498
775027
949895
56705
857564
538644
793951
367292
951628
146908
230765
740596
617054
55006
887197
318394
624138
562191
977421
402416
100352
259148
439330
926001
977363
930971
379568
416094
739557
393744
30402
307385
694837
855757
934627
567915
382706
89522
21299
853321
27909
534886
892024
415592
722516
337865
106686
99426
54590
956703
804826
741244
809861
131777
120521
511269
301520
555575
780026
167888
525412
427221
956585
645746
481063
284010
676958
331609
509783
122028
942966
413241
398659
583857
229796
116525
326634
614784
852776
397793
497939
678182
354252
314837
544260
568499
133229
612803
5359
690508
280584
756939
605006
136351
711681
965243
826611
843646
926664
562319
412112
890359
740517
382433
74673
34286
57530
727032
124798
943345
448569
161854
211281
643874
286925
813426
647880
905067
358522
276528
557372
128733
412404
247850
168969
577722
74020
918729
236231
582536
57700
919622
618612
770037
795718
598390
339741
21798
387111
333076
816191
57459
222613
322242
119160
62333
501118
167816
646190
410686
599655
514885
713873
217141
56751
732578
428202
590365
238570
691761
759122
732766
872731
726921
281336
936234
95218
237220
253428
270155
104008
94201
322422
592586
538199
395185
973681
496199
399370
169821
220040
649060
166801
619019
173039
264784
192597
465417
762267
894301
61027
773499
997403
226944
522686
878855
544272
67313
357564
413928
690256
80118
471456
924215
329061
40702
265138
151240
925652
915040
290989
582158
436393
795188
350341
16406
86178
419095
185934
984466
189502
579819
693650
849683
406585
963560
781968
685041
708951
327630
192049
308607
562917
71277
742909
427772
633043
915390
600017
478062
739611
910995
56780
817142
731422
984188
272655
947696
571872
706483
242305
871218
838818
748078
480559
703395
642941
715560
794082
721044
895316
379419
732062
423562
148768
294071
854533
148260
618578
458443
609450
899950
921341
651265
248831
56180
239587
811200
513194
935402
750863
829423
447241
727542
633892
150120
452525
349000
610387
565287
822263
76860
180476
106270
695379
934254
787426
702691
447111
275087
323233
327360
13544
384429
797105
75071
327938
739177
357309
176834
336006
805120
498739
845873
702500
638434
771863
769855
392571
171835
663102
575939
720684
676799
296917
661561
96621
117289
894666
344382
677116
325037
648111
572527
58902
765237
817873
570590
566054
754828
847885
98967
974562
878139
957101
536617
856090
37498
10947
643213
885728
517347
75062
220369
851194
764426
280174
933569
610068
322683
38068
493916
771182
128175
111706
929800
410688
318796
817446
194784
695349
478429
6042
43282
403032
252837
41927
67657
673500
127371
968949
112157
655261
872420
224372
930435
355233
474522
976651
630417
224052
695902
561529
391313
400454
370210
768316
675569
867390
376714
340837
581010
660397
515193
549048
524461
278444
829359
271941
704057
538632
960683
154003
790977
810810
145792
69004
738484
94574
665648
342226
646044
118091
480745
475700
62463
399676
951485
721810
851925
953005
486808
753559
158581
179448
824473
935522
430672
392133
390114
474189
665382
421576
758676
280547
62840
895045
767557
332239
733941
578597
589210
240033
338419
797376
164802
774199
102653
296312
1183
681554
206460
703874
411337
562511
243644
600598
308979
574455
390452
81864
308262
670266
724621
469775
491727
438457
19327
860000
226668
23226
709658
251315
300930
121403
920142
35341
712664
275677
289927
988477
516410
270229
667239
663706
193366
118299
246187
601848
507124
984482
924895
291837
344010
848076
402130
997572
190620
588554
593209
309401
740151
673531
440642
844849
750250
171350
302605
452516
706985
319188
258344
283359
780650
860822
830642
421654
797724
339076
215472
603511
694250
219401
538540
229893
986037
520289
361577
409273
771252
294982
370078
53951
396857
520774
110992
816610
239661
851378
164484
235440
159200
599641
9016
855882
793781
408726
467931
932137
804168
902979
612551
208134
831338
258965
503765
180442
94041
196054
616764
907862
677765
931138
626504
51897
801337
593603
731499
564232
432632
390548
819104
631698
691787
947368
120366
170255
539873
120411
728556
33390
553288
363833
949029
337628
101491
430820
722322
503310
824451
757824
702653
392113
385585
330613
385480
826879
586568
849797
397098
232766
883183
314672
109930
825117
639157
79408
134115
325847
540160
448350
715581
187071
165511
179914
704033
424862
139980
754522
620554
840233
505553
979236
298075
73984
111548
216682
735854
756630
381805
540599
86530
327680
772790
205589
232894
280477
736452
429289
564899
177151
194529
964226
76405
107588
593249
985578
25211
841894
65464
423152
702219
739817
538874
671515
326295
213287
539228
339070
591649
513123
565286
637844
642554
542895
940289
472987
388777
443152
301151
498265
38434
434351
147073
541330
106249
887986
335444
632829
609991
722621
46333
597483
727665
643018
397433
578350
963505
26866
568385
999599
771363
33609
861182
395148
888847
105115
518462
96928
396742
793527
560515
425926
402070
801139
240715
272786
323920
256463
232770
251231
269437
616146
93607
815000
426463
452261
235284
379249
448366
973580
792199
116754
448312
486633
954612
408488
147837
98126
850265
268200
248258
28441
933934
876955
227148
607850
746962
815019
62117
521554
629814
599510
218674
700855
670173
908012
635829
91751
923696
330948
626677
709026
408249
958351
193567
980808
657451
638103
116366
193598
828517
119209
247334
946044
524159
433928
595947
194816
362490
933893
663874
104524
250217
729571
34624
625263
959268
87734
320046
338749
713462
149930
507534
604499
668999
477113
110936
4275
518848
975711
392219
349584
451850
258204
966209
222443
136289
158816
754700
999138
330343
295109
290358
405513
270777
871356
348781
641888
357117
368694
270747
898329
667493
749724
47722
227900
332294
643739
280205
922399
751418
496461
146498
733613
940688
971104
170518
690414
370027
102438
199700
244559
286698
595097
761025
275556
476405
957542
162575
405352
46634
457230
229916
701602
945603
524250
845317
382146
440174
76637
481995
596446
899367
867580
591345
685763
880767
381495
491839
127726
200097
816339
725927
941749
526393
388273
668440
728642
157231
410763
647602
502267
382257
836477
331998
83424
671476
530335
592239
214620
649108
339806
965334
644429
701197
27228
640899
593825
613553
283442
398714
669485
839192
141581
380938
735812
700244
645640
293143
971242
147756
911236
129763
283303
634559
27316
327955
655369
275049
602887
592059
27428
25669
122677
246225
584702
340547
911828
708374
906501
545001
151485
855989
384574
334506
43202
296441
469272
33197
753084
951718
789973
501492
498989
502524
95869
923437
381364
289918
932102
332106
229612
656348
319754
785176
746827
699311
733581
788719
912203
575108
388119
862824
514599
550107
467392
229340
927753
541701
769331
712945
831442
653575
133098
243017
791847
41078
432979
252481
23338
984043
60088
184466
677908
464372
372012
638346
868116
879474
734273
760259
21680
908954
686888
604384
192352
865319
422582
263843
624735
430565
872718
843773
456098
325563
808491
871223
782966
363115
414538
363395
500980
309033
700485
546943
31148
129068
890812
36602
769816
897413
249416
928939
981180
76170
179390
549698
914087
539682
324473
372431
763147
568905
456377
458119
736468
489635
155783
755337
269506
525960
99857
323658
865144
581456
296293
640754
694476
662312
820222
618307
901419
664603
106297
310093
893015
446134
197252
668706
736902
754369
728849
434146
8503
365333
220624
715883
491909
222173
420035
9492
918574
471166
359741
173373
936984
378283
459429
291234
964353
777262
737355
331408
829335
640676
104876
673913
586142
456454
142700
81078
297621
700365
623566
75167
726226
99213
39183
195997
530944
280376
565314
846452
78828
674922
500688
387213
713842
978628
53227
243602
760268
609814
576427
847214
833228
802023
218062
90307
833274
697274
94561
257864
403830
355733
199484
488992
876021
790750
704920
166201
25361
108555
9523
153441
291249
218223
143283
59501
630305
926357
663797
319083
941951
176975
952040
637834
658897
786996
5675
753234
358998
718707
513142
50530
499180
782160
603341
501879
960552
649086
885193
956425
108908
810673
265980
825372
833110
181467
824307
476417
275370
949326
730588
582685
672038
102586
473524
731820
201455
42926
888644
742298
677851
879773
168993
425250
704803
413613
741434
304211
886881
876939
222839
547785
988755
579260
153393
661708
600689
300231
657177
432786
418953
741606
475038
985487
890910
34305
645274
42648
497001
428082
128349
659622
7337
386365
124968
999639
956185
195359
764087
7925
967117
190129
35708
886843
680221
145149
44293
478975
782057
419276
380950
665725
95765
54595
568047
658750
280120
354751
659574
926040
658175
848888
705008
399506
992466
992892
386698
51943
465315
788633
804612
433836
578370
433305
37257
170133
843079
514880
51498
84718
170820
616577
102080
241590
77927
724858
25684
607362
55027
746405
442439
749742
252852
196709
126537
674
658706
365761
226112
919070
18949
577899
418420
727502
310433
879571
318604
906059
445270
529025
668914
540942
616479
850939
937262
807486
517717
698859
472570
604464
213414
617215
755382
362911
140775
840918
491133
617780
421322
223528
658301
239843
917622
861603
946596
625708
167799
398704
261817
187100
811636
610216
518280
184310
453035
470167
710626
677511
601925
565415
970715
922100
583975
39721
465974
279795
542817
57086
808540
194604
612675
123983
647048
732662
971439
369376
618396
925045
380285
23377
691326
652924
659460
970545
13847
175838
467329
442432
742904
701890
499041
633138
779621
566027
450884
326756
983322
728200
292891
653255
92122
162800
430012
964091
541709
555673
349094
525462
242281
848237
672059
640414
377125
74479
631369
506589
779072
780597
761003
699980
375309
970769
567898
24916
449658
261219
870806
549157
878759
619490
343741
274356
91737
826802
167582
164347
367002
849
564250
952392
656787
391557
331371
957490
667499
277931
937740
63448
652014
772520
158565
835820
579669
492087
541896
73850
870700
654134
350303
182144
422946
849382
598659
274023
524425
847707
719017
426924
40389
596488
563516
789563
121672
40439
315209
821166
661627
138648
157414
358418
308842
472781
703007
895427
650805
22440
91039
559203
577269
642523
147254
316582
252271
290487
459211
490469
109346
187100
993647
468119
165369
765026
781313
845396
829839
385161
994464
617302
428653
20
874095
550353
957540
975237
172894
312265
479436
594776
60010
762284
620724
608933
581406
418500
204126
152575
797903
463701
37268
294784
806228
695920
26645
441913
656829
849880
78769
193322
251225
417720
721914
557505
280405
126014
511174
587910
915249
290921
49634
229537
811080
141910
65272
349882
126794
928983
119319
31005
994103
852157
180186
397361
896762
561602
990933
512812
383785
925741
631049
770130
779092
984824
392645
794430
161814
295888
433763
962884
771888
983566
780763
123093
230539
901045
174965
664202
920561
921994
43999
915739
734739
891373
46421
885276
837900
117646
905415
143515
297419
117779
73935
91029
480685
353285
298463
683959
417136
354692
664986
720301
209826
820283
356951
666215
782563
465105
643762
295517
326275
124403
664302
493652
765313
719599
592486
548243
239497
721482
245
335220
802849
66796
822634
771098
697605
219724
76581
616285
585222
804293
821021
139110
389668
598495
198000
689375
587627
746531
826307
147666
48870
825116
596951
94148
643174
519583
602367
443413
650034
221766
631375
301931
130404
164435
234937
425726
618994
35510
17693
888916
634745
163487
665387
886018
239174
863578
598133
451677
534090
497726
260691
301913
462974
996875
909625
670772
426603
951809
629844
414797
35350
883017
77800
448235
81308
866829
778241
130926
350257
636855
227611
678704
747325
656171
169960
447028
246492
683916
430931
239463
331438
595849
585392
554235
337840
318339
392952
778864
862887
80872
884532
171439
827712
471150
864831
891737
569729
575160
646233
842067
557173
517570
785588
785456
551001
325797
111077
815143
809580
401686
760585
558831
820301
175881
190429
920433
271617
701459
295751
858855
508081
207863
133877
67684
385382
337209
182158
516685
264762
802370
706388
397726
854812
269958
22905
372545
565897
703608
36059
336218
85249
979166
705084
174979
735608
753096
813981
589164
474241
233095
859808
753614
166838
447540
249716
682398
134502
662257
797538
110643
228675
839983
155511
681475
623111
780587
77082
447766
44900
195061
106717
326213
240
901470
696990
938019
562235
481866
209875
298795
233005
730311
810969
765993
501820
815467
698529
31083
452755
9733
237718
357155
970403
152496
565648
804982
130982
532844
406090
825348
329337
176913
214087
627223
933440
580172
880920
340378
199147
517081
352148
589028
762316
889488
208506
55638
591565
823374
699794
980157
653972
731775
706409
737347
706700
217974
964806
523073
346499
705941
878591
602281
21807
385131
288203
940119
48655
513987
651204
969876
100790
563876
845707
793384
646592
742023
28815
660824
714778
14460
862035
77429
661121
581484
30524
911782
857920
601142
732464
235996
378451
320218
328630
623160
479820
597055
867102
955703
252059
529085
100963
355015
864637
524993
26289
786234
910997
540364
305745
326052
508223
338621
132295
756812
902255
66448
749836
274755
924156
153037
683229
944676
184693
90094
308267
758184
486849
630426
607258
632805
926460
763433
383951
400488
703072
400743
961009
288706
152374
597750
862710
929806
420706
923984
732422
702961
293538
906186
333984
963519
27133
795105
971405
407833
813453
483225
93918
931257
999509
670008
605025
820694
853729
116114
66660
193901
389451
344108
669651
188240
106433
906465
488903
216890
442678
557184
216040
85453
300270
154962
967119
247415
288648
982894
213426
797064
536209
673555
670958
916262
725093
956209
754247
453573
36832
327689
393760
315315
773958
35729
904853
279638
602200
355046
52306
36898
396646
882605
74227
847857
748538
251501
63505
802559
185731
796212
416958
335013
462648
697068
406482
289858
463397
70276
713239
504798
369269
438327
547751
138153
303369
490553
353627
949376
613799
731393
490495
738873
723037
757551
560539
744634
803574
19901
443408
924691
491034
830138
669972
274579
221244
552744
385929
615006
624841
131945
28876
253963
436971
23250
598850
863952
967376
24905
877017
318696
280742
78246
507210
781406
56414
924983
240754
562816
774856
139566
123314
558161
257690
770342
944043
718416
823856
741719
781828
279174
864558
73737
749606
148963
120586
955507
516561
613514
444244
727900
311151
899065
834041
852755
464139
218402
60297
58060
274965
925129
228621
981669
887479
567344
647438
888402
560376
231816
506649
111038
650113
499817
754876
811184
554385
654654
938286
637320
976835
17458
995343
317493
669391
939496
932621
134273
404480
726366
859593
759311
909175
732833
904141
989285
830847
409208
406599
682194
158907
193655
333956
399710
767289
491561
232885
214827
478272
906811
565400
716198
603859
283758
935726
134956
661493
287867
786299
622986
581878
826409
833581
503168
263663
102494
209877
249315
926320
345144
693481
636136
671526
246643
467295
233928
376697
286202
555691
592529
120566
492630
454713
841636
455368
697933
538337
666822
634686
154650
957319
55227
652169
509999
883726
71641
556304
364018
626928
26112
69837
176809
133263
110367
579671
800985
395713
346126
798811
78846
543178
265480
882291
682808
972332
745636
147635
119865
394828
778567
664981
370559
305489
679383
267032
671508
813739
793593
980379
697183
773804
38868
523677
519481
442511
166181
539648
969965
462840
255834
502888
420107
203453
196702
903742
134589
754535
600930
680978
493180
949925
374660
284394
85419
81159
735960
826139
5856
998417
457662
578433
632572
58809
430711
780468
126209
73749
778250
540014
323944
277532
134755
915027
550266
451331
19171
898464
324064
299081
750643
387362
912712
947120
591728
201314
217611
578501
220000
388510
603872
774167
406762
129296
177264
437215
787397
698933
200243
407016
321641
58531
61429
705112
701372
503198
275278
11308
232867
612656
303358
919881
874131
111026
518019
590671
157884
728669
774481
70773
208453
22615
412476
464196
568076
791187
584443
160719
69032
836638
836805
656577
479431
332173
989261
515826
717443
965575
992569
216437
453475
499535
140781
624487
727310
138014
777761
43522
852836
13459
301449
324693
510684
73947
857506
803770
864737
997320
25683
61303
670917
432726
601687
25732
83337
133991
930137
322922
445372
393698
674258
939783
882798
395837
130121
496278
855844
245583
724306
125
839593
899335
494836
81714
33484
964249
670516
130844
374532
604879
402416
999411
441262
138464
492910
423943
661934
780424
726776
32190
776843
689783
671606
80373
803480
236520
122149
160076
836818
907337
387279
180456
528777
40434
433779
587626
475717
346181
285427
405706
169951
119062
104894
748235
451399
601554
125261
364217
244988
171575
133616
593452
109121
778598
882462
312397
674026
25860
923760
214344
644012
682398
843951
989097
555299
13376
462630
306153
528477
62020
320225
316349
657973
405914
897175
920863
782354
80560
462000
777134
953920
395534
985424
811263
493101
513402
864640
39282
4770
946206
66655
82734
22389
597684
773163
877668
79779
79769
17050
553893
147418
824290
306295
986325
464701
724328
65403
278334
498982
699571
248061
705767
274371
699966
821903
854261
986924
87380
463864
108419
321771
640617
931449
953882
500448
465839
730354
960563
413740
938086
202548
902910
654885
909851
664843
898319
460184
819890
269949
694979
831814
24408
275318
132253
659024
134232
383986
23540
472481
116701
211402
919747
649480
663804
225826
312073
485714
793360
328459
488369
963606
142127
982222
884502
753492
338662
983918
698859
113550
290594
992325
500071
103556
816253
415452
156777
238947
977252
953846
70215
635790
534009
597128
916026
997439
945694
612426
232109
646160
143985
44774
724403
859051
41973
970090
485239
960312
796356
221105
560255
225915
188013
366047
487044
310210
921275
305614
617213
605217
721491
805608
336264
936769
188483
67860
255642
277978
533178
255014
280220
357440
541965
424334
707792
389171
734396
952148
164685
437129
750431
551593
672688
748634
12005
725085
58872
582965
646250
860832
383704
624181
146104
874759
44396
302766
159398
132023
957514
819521
727566
382518
527705
651085
941541
737311
619111
326710
725645
505163
282652
894927
588982
879794
143477
749357
404483
762740
33240
897685
216628
736333
74868
339585
387779
120782
843036
421884
377934
87343
831640
115770
656498
950173
509529
675887
236891
851609
922157
642899
54200
418540
688913
25158
621240
955837
441041
70932
240321
610163
430696
102203
872773
284147
836766
185817
941382
553717
307793
887076
387104
635622
18726
664188
942950
908932
329390
749425
404164
865956
907805
416392
526598
865357
566175
645862
176233
135607
498660
38712
918209
244034
558718
378350
255116
837568
31180
741245
336302
955376
572591
559175
42613
747742
609793
275283
523414
679578
783436
706151
28888
848416
780848
536404
520877
649005
370529
203049
965383
736759
160119
838412
541325
593738
320981
115674
527486
312857
552276
475515
89448
677163
661135
320327
634482
840291
769468
371790
90658
42836
297258
793995
650111
644223
136730
801957
677598
348890
59026
17630
334931
73752
846711
111800
774292
805148
644761
301435
870459
997899
709270
758389
519375
601155
979718
983620
694856
316309
601367
165615
408870
737273
902413
278083
295709
961037
9219
988070
196740
926405
109517
944762
318994
615655
825879
692119
651530
94246
168980
763050
788822
202063
504220
840326
512715
961532
362112
212377
864617
78031
318327
483890
94139
791550
302729
770640
715354
696819
657582
820696
188017
174988
111784
651938
660866
605679
676377
153431
366150
414427
842802
852530
978206
971802
205645
665430
577069
921941
5346
132049
713055
975061
414282
33506
193269
527259
752222
291008
810649
813909
111166
217543
40995
11530
334078
414609
625991
64108
793420
290092
546063
643748
580749
294703
799859
245793
528843
155495
611155
135172
516217
525857
880459
681507
235516
452733
263993
123603
127961
647756
819467
557122
411777
381275
347894
330047
981349
183153
926804
146299
971988
338772
142299
41631
891252
436627
328709
601574
12656
941655
391298
625828
509196
624076
108220
374415
537678
133317
819464
446938
377651
598676
352645
724034
338810
826087
923095
255928
48758
241220
445076
565300
264599
566015
893807
217948
96052
587475
411443
345879
406816
639315
888395
291045
215493
592292
644896
768310
134406
980159
953976
911068
593015
503539
626257
488349
433773
437700
342283
27750
212676
165954
603988
59189
954562
696355
359791
413235
883157
63769
148776
690575
936126
644436
350486
719963
379727
599834
462842
161539
718244
61392
719654
817141
479589
215809
523153
542529
30010
485217
304296
921053
346017
552440
558727
580017
558300
319505
709900
958695
717028
612374
235210
4980
770187
556082
19603
363865
716162
32112
102061
431550
729648
773567
527118
503789
437254
639459
690667
639742
36370
671019
223470
387596
616440
370005
847216
4584
381108
154222
258761
950811
518736
842417
622315
275108
420103
401192
876711
939922
523439
250444
35823
532533
223054
22079
450647
619735
697726
930074
219752
884744
976258
501969
318558
649642
532480
569798
18966
66974
884891
158723
788835
963818
195458
255968
933237
384449
315840
508944
692186
979133
818977
689994
740915
629599
917583
524400
864275
700675
994612
664016
182611
902841
304762
541835
636226
421503
733047
807162
534605
799784
73928
169836
841596
236792
960875
958639
405517
444109
224812
519661
19313
310160
237299
481071
699919
743357
911590
482345
93513
314784
553259
96001
695531
928262
276381
871658
569897
791365
715249
694071
837720
515510
452500
897397
747857
791702
301783
816011
213046
309550
187313
423458
358873
706802
35879
371062
282992
493975
652223
646513
647919
437758
73553
793040
287415
116278
569558
718057
318552
145210
417988
937840
712811
314038
9266
795433
276393
521417
142372
91087
127609
582587
959041
912178
376560
157234
527089
321307
733822
439159
47447
275053
241022
943780
832148
377500
861991
658062
372951
223916
374861
219706
756897
175849
295070
434812
117094
532858
257535
10748
387345
832924
52204
512754
478680
157210
740008
67293
513745
63199
71895
257643
440150
499292
708905
860240
58096
902966
59847
832328
370601
328563
194964
306558
934781
987459
581344
681281
287325
304952
704777
329080
374929
434644
132115
621807
237232
897980
642747
198307
51876
84403
272689
405752
208311
245455
201135
576033
682763
699215
825817
310736
715867
685451
645728
343147
916452
634968
58392
633061
167483
278159
414407
635723
372452
380955
418052
336455
206455
289288
149503
345645
509193
786745
928053
245179
391969
681988
43353
900621
706168
350429
291105
29512
245095
24606
324258
139503
723816
110044
818820
748085
588056
294851
322479
652510
310478
42455
124308
295740
933301
234146
638140
276880
26974
190717
662367
617916
447153
662673
972558
148465
819069
741146
171315
250045
720111
282922
485566
828809
187045
901166
698740
824757
547388
147762
30373
999268
646588
672156
634987
510669
144085
954842
348988
817381
585899
691743
138783
838398
852724
385466
27486
684439
102837
190580
116107
988001
528107
588982
620114
814238
403741
407340
288667
758589
809318
387385
68286
590005
280292
778135
39115
116474
13890
356786
353380
544937
194823
333998
268366
309167
820947
281664
162980
227792
780234
848905
675051
923690
326445
700170
546556
29999
444436
786233
128395
531940
907186
758110
569618
437338
880240
41281
823827
681745
79776
444128
207270
874044
145261
738138
830780
359562
862447
724082
527972
495209
104178
199444
135616
419886
813549
222562
929191
4976
199475
246796
11137
209521
330953
4336
30499
783926
827975
76985
491512
449059
641861
417883
411485
181408
345507
966869
222200
603734
770533
813513
695548
496141
360729
722812
321116
969780
1242
348405
63552
504264
623256
514537
514607
991995
434803
233099
827503
675308
503898
138229
384493
927074
161256
590382
820688
859412
576248
895242
92460
557110
648899
682007
425071
698721
811387
460481
918915
434838
600466
186188
731613
383914
56590
990757
560256
269861
755340
762441
496762
59347
593550
467469
898949
58410
198099
475800
98246
27552
690644
613295
822849
586509
850491
797844
641645
583286
833214
926000
700664
783105
87377
132656
762044
265473
179359
26230
236609
386134
394651
509536
314567
945947
321652
522267
169259
781028
293871
268024
19662
153158
472911
810837
768591
247425
862248
871335
820429
169850
416458
851587
730427
772848
287891
611221
55562
850221
675972
330710
648796
166034
801630
157040
616106
270359
156891
446227
853163
876023
627253
89535
807610
915242
774107
925495
297864
727237
74553
900284
176504
769987
92862
528301
243412
600750
459532
628225
906811
126893
872019
193054
718600
523369
24112
115228
341389
964980
682349
507127
129029
380086
801088
157540
914574
416534
354104
302426
705843
87927
148204
967006
690817
264978
21455
690470
150771
91322
709882
913169
711850
590752
641163
656872
477364
781785
674908
605915
773801
70907
966482
429582
888641
262030
794534
486717
694758
404325
574156
826533
120608
247047
165557
201301
820280
958087
803313
949517
614459
993465
438840
568381
26032
113144
327177
880168
420640
145115
485816
155594
929325
193397
108709
653419
518867
107199
367922
778282
990099
58251
861864
110446
438786
434487
999696
379171
514063
989709
167117
966864
555875
189681
226205
946666
636313
692262
937441
408843
786199
739631
273163
900141
296858
180141
69288
195984
285868
408721
92624
169211
499449
360397
708347
645692
751181
812818
59529
301935
339956
281730
288172
779743
104300
381026
362471
818476
299320
993381
634499
979669
883303
662687
454842
375213
746665
65489
146010
738041
894967
977968
152594
67984
192101
6167
106463
831777
309679
102259
552411
81623
987995
910336
793368
79560
380436
114017
575846
569574
623308
756814
822728
399572
736452
420589
569291
632626
669183
505425
745918
18628
133144
113583
200455
581600
688584
793663
850426
763103
409262
740057
979891
771273
216071
44443
416699
895102
378523
889283
930296
531924
285378
248594
470791
592179
187234
557886
521266
222957
857405
603130
304039
797294
810792
806107
911312
59697
72957
197163
756425
668224
255343
859832
175327
521217
601122
707526
705603
21072
394761
608421
39173
961910
908705
661015
730747
922276
271667
566010
496864
843379
27792
124162
339283
123513
522535
120179
517224
488850
208185
330263
776748
719186
298862
902622
580410
619375
271522
213210
425168
930877
207514
527857
633008
719946
425584
890506
16117
989832
28165
506064
471134
808063
183226
566867
585042
486454
408192
537713
654420
484275
952396
421028
528736
723721
787379
249676
753041
616382
921792
712960
214018
892091
827327
331877
905521
860599
392763
945292
313816
648680
952036
771433
627633
405707
380676
952136
791828
670862
304474
310157
176407
404261
543970
617756
566212
234135
825747
753915
457027
224691
814587
591789
311322
697007
575368
859748
208472
733901
385446
798825
857540
912932
215988
597772
810240
846280
282871
231872
34489
814733
109934
221686
745880
934630
262071
329973
654146
171838
699199
148168
345118
187272
474919
447540
403767
522149
947349
913786
319949
381015
183323
217482
365593
743821
669516
134654
697363
892284
924058
409400
881755
613842
288320
186184
455163
145529
747269
798840
916538
429702
337165
986743
444441
524298
899479
845653
358484
979964
480513
281150
904505
800882
802244
22006
243431
679754
324795
745201
352959
477364
912739
162105
998934
616721
774005
897529
484326
931320
10173
746103
697488
263713
389361
870327
632987
888823
606694
367242
480832
182981
944388
874660
23146
885098
712133
100906
409840
966985
713791
533081
675220
993731
10238
445008
285338
533283
189091
266083
166986
898948
728477
443712
239551
814614
474738
79734
246989
788247
580234
490243
720574
5407
331075
226263
603021
193730
824855
751765
94224
477202
710671
159718
323145
256803
122650
504077
545654
19638
226262
424126
821362
678062
42895
517755
98652
598100
520996
326618
588942
183075
729887
809742
259260
905635
841761
510741
953143
305041
499039
511205
760532
878986
524848
691407
69467
858616
326111
328379
87486
711979
988880
653049
229026
571617
635901
528225
284345
550978
653246
849671
210401
915995
785270
112860
110811
568772
895151
918409
840422
134740
678808
412859
67414
89080
208569
113476
859362
904111
121974
446180
155932
688740
544003
138914
274177
21947
222075
890484
575814
574546
372577
19987
140560
992340
534854
492192
387012
475876
734517
620914
102755
7904
620613
569138
436493
629484
406062
296953
232287
726853
30426
377432
847690
717773
326410
143825
681091
913698
947588
879458
564990
150626
397147
938454
268273
557780
934044
701650
682077
840294
665282
83570
426158
169284
845049
290391
713672
477204
283183
346054
599579
505846
430194
185917
6590
682154
807624
55734
122830
361449
509955
179033
336226
729934
342089
883654
477365
78786
997024
785038
408380
895723
182329
973971
613606
579386
236287
327392
105549
321973
50174
378970
22881
612668
431165
490230
426726
653635
185545
39313
784019
105881
129270
976540
915318
995386
587576
746659
27616
256397
962973
953382
307941
213703
449975
731432
284268
115258
728422
648905
485680
759515
132373
859641
104204
734306
725376
923486
237081
520923
137793
677429
499428
369550
802766
10389
278783
756693
276431
869861
833882
173924
147833
28640
616728
164502
955014
895290
841303
295510
61815
233704
319911
14589
142374
297055
949241
715639
985942
959090
234993
312741
669699
240685
841632
888069
233680
852505
187680
328160
11211
68805
411962
991990
899438
680704
902980
926581
127743
341874
204352
647686
408047
674497
780625
872906
611852
993059
513850
108666
591932
631117
96199
336440
477664
811659
992064
754148
88446
892519
519247
343703
295649
184530
539913
21801
573819
255506
577473
367171
852209
946067
389747
491373
516354
556440
10928
880129
789551
885070
259487
527916
816555
113703
265638
270516
10788
456888
154831
751170
985683
711682
319801
642708
108824
880246
118758
802647
310343
982115
37645
889159
511489
195656
213741
57616
519311
414511
140764
617505
429857
643104
597917
267513
61999
859881
398749
329246
302524
919115
240360
471601
604535
10390
588542
162041
630700
102319
158882
44025
285709
714018
209678
192316
540504
838620
461066
264469
330294
32327
786015
820676
93973
466146
974897
599506
116544
336227
773071
46040
368230
370177
865263
518286
74170
11686
374722
574290
335443
893043
993158
217840
985549
926770
189804
97608
629947
825437
535519
840325
154373
257760
167779
957844
989252
416599
452730
141256
125801
591715
214790
996615
268348
899292
510917
278603
335548
576987
455012
115367
166499
461845
326729
523070
70316
315278
889711
484187
198752
919939
756900
500138
349552
830991
474397
317390
291261
971405
696441
93463
844547
585587
286270
789888
242217
814041
681440
198281
195153
401646
639840
624196
94428
315883
620137
658296
513407
378781
113905
350866
649104
108068
446557
39252
217115
835274
353384
489544
492102
562873
91554
372221
957610
136742
665562
449572
102535
228957
822863
837683
322555
986789
596800
889097
277143
528274
733406
628132
723009
948123
552044
538682
240925
638589
253704
629230
382863
708121
145012
640285
337656
670706
684355
725895
830846
809100
332582
403055
233590
745834
832643
100203
890704
876189
410021
290044
26904
403460
694962
803611
784034
636987
18024
308628
595031
225399
588369
957715
378708
87776
749768
4335
428179
672935
676776
614475
517117
737614
248464
731634
606501
863259
736909
922109
973906
775025
380109
232293
64472
463496
987972
641715
623807
539365
946451
158897
103827
589273
342034
886529
133936
418517
835510
668933
880343
615934
501312
377043
186606
565271
127119
210212
588164
546107
506376
798830
694789
758948
305207
357954
402368
112085
21361
799943
610143
265039
423143
53043
919765
445193
641786
739471
398694
808494
263589
982203
905285
189407
16265
293795
326912
609491
943506
811344
654033
234075
532719
409914
203534
408401
833375
772937
204199
240932
248253
968759
191851
510464
158149
282067
953313
284284
602032
18300
637837
692431
954326
775949
230575
32427
5917
585935
598884
781673
507845
376240
477650
432742
61880
361625
454435
315651
287559
491142
274564
166100
222381
440688
332528
941826
353133
27402
308776
164743
978753
777703
932732
132057
574510
271281
981055
454839
991198
943163
355940
183501
445187
923085
959062
718525
608626
671145
212929
723543
689381
31246
205746
98900
339358
334841
227560
73967
244980
987590
4655
580412
880709
487344
295990
785512
86374
976960
86987
955130
556018
793065
992921
377174
145022
65959
99621
98377
438304
1152
563331
1902
294380
936422
302522
927017
424476
667554
314145
726677
915332
513208
41954
237842
234570
914385
808553
277691
833958
739672
111555
245435
973764
870149
693355
651240
272593
642695
456038
97367
297138
419469
150022
524909
291178
294036
580092
880975
825970
837670
363529
493621
347901
340031
468001
801543
644556
196891
751617
71516
326799
45710
586353
38683
389361
488889
716400
255313
164675
690375
256925
653892
426060
542020
889415
352843
573326
850457
965397
709703
103277
271526
460175
501689
419078
156271
600206
328776
811965
997141
841448
223844
670195
698303
641537
238418
949030
938135
383687
310133
832784
346689
921504
593860
491539
588112
729103
579076
377020
573255
158879
312187
586504
434410
196471
593434
457599
671270
872880
253129
86018
701475
30428
923277
606478
757928
331061
84232
417938
469126
405710
435264
86620
336503
3566
491320
898424
439634
217798
6170
426079
236555
971926
213782
826763
349259
107930
174456
508519
67801
730079
196613
698393
854187
760842
797040
457455
442096
175923
877815
464872
232665
647887
584209
608592
142925
70522
833401
64952
130581
965258
31860
151805
273444
294462
900935
767635
129457
409677
330670
181465
316415
467232
801647
568950
421525
452767
611567
918946
404383
284699
551457
661332
62440
112294
374029
392285
855106
740993
691068
224817
981830
589771
787920
153437
451510
102701
676281
523233
775914
675011
269683
113367
60017
917777
405847
225772
144673
119975
277241
202699
946846
169572
847083
90674
592464
797840
401257
495538
264330
388519
571458
950628
533160
371008
780781
166972
928021
274043
328937
238966
206297
498741
402800
291505
437541
516061
39870
669294
861697
777299
995593
710158
923209
205590
860665
115899
992601
542450
907809
198911
688368
84933
166756
527094
156350
326794
48779
756149
411831
314191
808824
978718
490296
758523
366322
57693
109235
508873
51753
562621
399179
695303
99925
497797
103548
483444
395348
367938
502843
271461
186683
946201
684636
317596
418692
63421
91922
167284
637034
857277
356945
586634
52321
778781
947982
808782
571197
823237
477720
550614
859138
177120
936741
148232
220322
573984
810145
366514
831080
558048
54402
498478
711944
602198
62967
32111
594673
32836
669237
721595
367059
193127
880788
652199
800512
546576
925960
981795
314889
835406
21527
413134
811462
616413
222977
117289
467156
386386
817321
733888
216135
622672
311909
484471
439080
176529
271825
803146
461321
273166
9596
820479
212188
611609
832554
372731
413482
40605
636406
232419
232288
889071
649879
817975
999974
574853
595288
466322
628359
647143
111519
466248
403381
644305
860725
307404
834272
838498
522399
701918
903455
329975
142937
830666
658190
487343
248883
174639
645562
77712
87399
699606
943610
865121
786332
807442
200961
655651
637277
141375
759146
94044
209446
345029
93330
854911
351780
961737
135754
241361
565712
762096
424115
573869
462424
31807
542864
542916
982053
805941
792636
276123
629472
897362
363705
236260
27069
76473
116527
159939
730867
837003
369204
417306
334437
796946
888979
531233
484509
480559
899577
806913
886639
423488
80181
802033
945363
100662
76954
636311
963507
702587
452615
899098
760861
224324
706145
604220
518495
433256
619455
382772
949919
106713
927352
134233
654326
836989
657719
749754
246938
382341
828624
828487
632603
80766
826249
624774
657853
868176
299320
838865
189481
372783
76965
745234
585995
427468
284051
630510
530762
58656
764857
375663
78571
260553
590026
370334
550284
54283
609977
724182
695642
116697
918109
14402
785682
946290
219638
192876
825897
828062
122079
964471
622199
534121
882754
526118
101122
367417
849693
425595
798621
482075
503775
152094
308897
364737
405438
816109
968659
182398
201697
729853
579604
651587
83240
57297
217893
22428
763317
352528
302599
692170
985767
330418
500817
667733
516539
665458
36314
806555
956527
99485
174233
577129
538341
62497
395675
175947
415585
325501
643300
707389
662089
973878
154288
342521
499587
521145
790478
259055
443286
675490
165804
366586
313217
481596
212379
567813
125817
686243
377581
60051
540936
554901
72751
431164
603823
133765
993025
208036
964125
883890
829174
871776
266341
33330
22407
689402
833542
554187
55720
939816
205628
908006
544453
579562
178378
138955
833789
459815
777160
725165
755770
951737
816128
363829
219701
784672
728893
683341
355281
78292
666845
557977
122021
183509
705587
683549
972108
610085
43600
973049
93828
935383
123636
9372
430564
80029
290780
769135
806920
685643
473787
800946
484537
266815
717038
849323
361969
442419
353207
261908
756927
10607
780042
871364
14398
535344
143790
975383
213098
714682
351600
80417
291448
588191
668520
17124
828136
557782
192087
350202
562980
643296
367816
541574
505778
261350
620758
162350
893600
404711
192292
986837
87006
435699
627212
748787
394131
56973
162902
378866
117087
580323
558910
751197
300470
528384
997427
515296
405901
763907
212286
313288
628849
90610
244255
347150
494086
158996
482576
965945
453558
577512
796086
446600
216613
912052
904308
900362
791341
415697
333122
874728
180602
64025
279535
885720
332636
310583
556933
565122
46368
269688
914360
984800
98674
71780
279273
446955
109287
620988
256673
615612
837674
738759
615176
724416
227323
793143
871759
234287
800712
370506
753650
382033
847633
955840
619650
409312
501437
221869
373935
632345
223764
427267
557412
250080
889493
715136
593982
191925
919607
633354
356917
430531
695138
319167
648666
945983
670434
324407
645042
347507
221654
870639
143591
129043
978629
108068
45295
282708
467736
591636
425080
384300
360019
608555
781984
159750
745351
261451
905225
565162
395487
217149
564180
422805
892307
572648
993849
973651
969295
79886
717844
460414
143227
396271
23186
824242
825219
900298
840942
907014
746361
375139
279923
304655
639818
449137
316248
343986
450648
718851
382435
213571
913640
658684
234157
926988
577611
279913
360981
676891
663071
143561
564563
121384
923978
115644
101612
138528
220641
216165
766348
562831
368787
766986
165783
126857
503321
870015
652142
842717
44826
727388
291622
425966
809423
1557
520245
734765
35379
878987
281951
335286
639141
717988
199359
62047
827392
709495
676576
68308
471379
587186
915624
597553
391801
302156
235073
79122
661403
949335
573295
535577
335248
579758
343664
615021
398210
891048
291138
60255
710242
893288
651359
239676
440778
77950
397855
657266
365051
976976
283468
57242
85696
426122
268204
529785
321201
252119
547684
982873
773789
640963
395702
844351
944757
415778
827350
353956
984802
553158
876203
435278
616726
714948
598479
265818
129526
449591
722399
895133
600207
756108
506932
168070
693287
886865
444048
589017
523860
679287
398352
294256
717371
441544
876611
806813
840845
330676
786026
165061
13787
378305
911881
69218
274875
717857
887974
147746
196968
285126
439646
881081
749399
540498
640279
321338
415922
547667
678624
218277
548950
25173
275736
603733
646330
714126
204247
879782
693988
771884
3110
926678
548773
985954
401068
744936
303104
867924
515708
673732
645312
170937
965313
181702
833065
110259
717150
942975
478967
672752
392144
789910
32529
331157
359097
460422
848377
39779
384024
889008
461585
853004
271834
784812
274133
58302
61871
174249
613804
334170
448069
263062
605961
838460
546887
194835
798845
532124
751012
571381
771454
425012
499239
240688
353881
960295
933437
413399
54269
727310
152621
184046
419599
822811
613958
215892
8200
675307
719323
506496
558727
146557
484703
24949
423495
930749
519487
125690
161785
704952
108711
652685
289637
341720
709505
185383
588288
178328
480123
585328
571521
546921
559258
875935
307042
640003
97456
819275
896783
32413
599911
670993
697748
233708
463997
252839
756481
720577
584497
793433
53801
371735
890097
790077
305536
443745
137890
857646
88041
24903
720441
83495
703969
776352
700162
624090
915753
559020
348943
613979
561133
930191
619496
655537
979482
647476
312346
759471
956332
866621
148734
261912
764002
616749
632886
583975
816896
134849
28685
520317
78131
69550
69695
184959
592960
912963
602936
119243
906105
578916
467603
323481
68049
555313
209529
234973
8073
444379
776715
867334
815600
376217
997941
353031
412194
446118
19298
100492
234730
387347
587769
6900
961943
503397
103578
847941
121573
552073
701759
607725
667207
30563
250506
859515
813145
385003
128778
974853
925742
120465
201032
944672
81352
634291
339522
52340
187841
971700
526941
13873
686847
730700
490922
889530
660607
175811
364920
343357
27922
561229
974065
679809
819414
871876
73418
761071
449176
363331
635019
821720
190594
966077
577989
226986
533649
74095
208265
426620
141210
881397
758963
150291
322586
885799
244040
992214
737879
54002
736069
495256
276401
328885
872569
393680
688250
451635
345764
739704
427490
591300
726710
961202
211584
332764
468761
541504
653558
813329
539499
373028
608328
465299
546213
684975
199227
860745
410205
415681
531986
531951
780063
975123
653904
42469
426591
448229
974400
635982
107795
8427
206805
596787
341312
56200
228572
857559
625442
807086
39550
32255
177436
48804
293347
753614
683346
369545
875865
575026
798492
270328
182081
172969
565406
296077
30022
246713
310537
448307
805984
746676
456666
554129
149941
609178
438553
470079
198033
324733
393191
143508
487833
354565
349558
665199
936969
733778
562530
469182
842893
644997
760729
210541
661166
860067
496889
865937
2173
320328
613468
547712
355957
606662
117762
472430
444626
911143
735554
739717
961678
672511
374105
520093
542723
84847
851245
107821
333999
299009
142257
211522
281882
952531
899123
409812
159393
876606
329221
818080
464640
812571
847114
215707
937714
447322
425810
317952
931954
970411
161459
876745
156852
249923
949251
313520
509680
528909
185908
278606
487990
824530
783211
819232
826921
724341
863970
689310
569571
547302
866946
347112
510030
836939
607060
858833
758720
49509
425435
398619
73581
26627
350166
839478
623944
177093
192332
673867
148385
357376
293080
816066
32111
509687
743423
324402
258715
323870
124238
326927
699130
788579
842928
711116
19875
319214
233600
490208
945233
76153
385254
827501
938593
265955
274212
889226
218067
596797
214108
567820
85228
162718
896433
69535
979836
552617
954509
467989
852028
119683
846888
835588
661086
417240
826214
260458
208342
788272
387913
913065
640836
305963
874772
775950
660470
652520
839022
989728
473949
203992
717304
960679
979981
315272
153488
411954
926921
358826
522364
268450
643218
693223
877869
589145
409654
305692
418692
132212
527182
317375
19102
381231
496666
380653
291087
357259
927955
48722
87735
464033
459320
836208
947469
180366
901036
145657
701349
471851
589361
370603
280731
561281
366957
947075
90134
760887
786109
687058
323870
415937
667782
287360
357595
540264
464330
885444
555003
876743
801853
445515
211156
246220
398765
225344
130081
33988
75760
842665
604674
264838
189091
358999
59799
809216
897098
120024
534314
461234
134628
122341
53426
441849
119860
47139
471337
517623
668465
795710
641280
676297
144423
509169
633489
828759
404866
227788
464744
830797
801431
276363
332499
362486
146999
128430
873454
101754
212130
932112
294030
189978
706590
333296
683551
529152
800400
347867
183866
870134
352280
900715
125883
325990
541039
92027
292570
210158
688936
474393
344
288481
59683
453472
432560
758704
958185
420638
890852
196997
994010
357967
416830
742981
46568
424062
305956
249538
675771
427412
135163
454807
299972
296377
56166
995686
474967
767626
208920
692455
91248
854867
411216
666419
351225
790981
537518
412526
749039
500372
112568
46996
791126
280646
26290
368012
443102
625470
587430
464211
956999
607838
573923
713328
158749
42718
517542
258278
395784
170904
479356
187455
197097
503125
500827
739979
150039
272777
744043
824450
593906
892457
78527
350534
889615
681357
616380
117049
316107
744029
45642
165024
632227
687416
373440
421900
907619
928457
34877
464461
39102
30902
949300
480669
964874
795499
27742
647084
716033
966316
221495
843273
701393
526552
868733
206520
100831
3774
238766
980503
24077
938320
43829
274144
29617
638216
800683
729240
298292
578014
493211
842962
787845
77824
494944
896494
429196
392019
11573
480690
568040
444734
124743
531286
764649
598169
257737
710344
674188
524940
646224
684773
616676
338297
266952
936681
267090
64531
863048
545541
12807
87396
181522
442767
610171
257582
817047
936904
358345
13075
653444
391204
557156
782043
64540
188461
621750
815589
813904
859725
992449
708003
29640
209069
660058
272038
414549
166934
9787
184063
614361
36492
122427
857315
378567
528502
261367
327759
361163
289577
492696
544696
359209
326685
552732
863718
238649
210957
635362
882302
853763
664093
224067
956630
507877
15107
648690
59095
564626
500895
365649
912379
642200
730795
28246
622136
369906
31602
532612
354164
20613
345853
507649
542086
654255
257828
759208
267155
113374
620861
990565
944568
606168
660179
363194
668130
249093
986215
572897
153478
881712
33834
520565
745514
661472
438787
357696
428823
388152
225303
286175
506863
705637
442172
359187
345450
190716
442745
369400
383835
853828
939897
738252
980252
334641
839901
906809
990415
74832
265719
49753
842925
127470
406629
116454
746137
87834
201392
661343
811956
600842
83464
647606
270557
688366
821953
756880
747159
207177
501247
622304
672793
580049
185574
943660
667764
232367
7976
58722
833216
653495
516288
740173
943879
283196
478164
570849
433087
59536
450053
960045
359728
109925
166675
67570
842063
44110
389085
427272
529108
97159
19886
744648
60253
898875
597183
260219
879228
628773
493396
42338
164974
386564
116127
292942
899788
228619
701638
644724
966196
130228
82348
860711
902613
664836
845633
710735
893186
935345
5762
942373
741904
551652
548938
495380
573180
335381
469202
715572
742677
538209
999840
932876
710539
238626
678051
310252
654438
316090
695212
805999
342112
99040
320220
455649
784338
427581
53088
73139
759248
410797
813842
513378
521598
65104
910149
509862
473087
959238
178086
978915
361399
531680
905868
515097
993739
285508
421854
997116
166846
274229
286329
452901
553296
2934
572096
349232
630060
71440
835354
743825
711214
561015
260840
572172
395044
286511
839817
814897
633383
3270
166418
333601
325539
659498
791091
907923
172094
234616
691051
541100
563537
537991
147475
874175
688879
50516
142349
424475
398435
182465
308560
21532
690010
147031
782363
976471
168316
214848
811997
935031
7214
205254
530059
931296
516789
654621
623822
113218
239700
581915
9856
318514
454763
383153
71406
440171
892194
422707
173666
664109
425233
768368
434000
329178
552865
924364
782533
938467
472148
40690
25753
14908
771111
425066
82173
590645
641553
277905
803430
259414
282690
678334
449106
601704
14335
167147
803875
884501
703261
679976
231387
362576
390226
683625
695317
112653
358163
468256
162414
168984
518506
41431
723568
338326
320809
150735
121772
633518
829544
674068
252802
148692
512815
24613
691343
792811
317075
2057
648637
343913
459709
494583
570437
818643
590576
838559
824151
724940
656326
247197
264306
720187
59604
246539
1985
214608
904418
547128
942110
678855
94111
53051
487054
60022
151595
784171
948750
859498
246832
604441
501647
428828
165620
845317
332761
728817
266806
579594
475426
319757
419782
197995
330798
418673
105877
286822
484487
339258
850208
515631
730224
169094
720575
806177
366092
145529
708419
480994
465531
745972
150276
485021
419050
361022
132738
474891
114482
848671
23059
990432
282854
631143
330875
793444
699444
14488
538005
880365
858450
954050
176470
575169
265956
753805
941077
512745
444045
286204
789051
852248
492168
596837
471086
579383
148116
659132
851200
856004
78355
731906
310261
211124
673468
466824
507258
980299
881379
554561
39297
938246
649408
813370
477465
666024
154311
349365
743252
304319
411307
643421
531582
432561
967267
798754
486230
760457
823373
312130
769578
702729
662755
494550
896813
323292
251601
412967
820772
895352
377787
359518
812491
287399
493789
351807
857710
214618
894844
544635
597644
147436
507627
817444
783280
225580
266986
598055
15348
125025
407094
978454
507774
454575
297263
822172
383362
768648
133058
713693
277290
827365
240095
100463
300987
678497
299054
265827
558968
785872
250597
956869
940962
901490
511275
114952
128966
369552
279606
364323
729758
122296
13659
98126
937818
384890
445177
992072
521079
568943
988413
621782
503403
471019
947744
662331
915232
956663
941316
588698
812373
65038
296398
492891
346382
992752
364984
387403
979181
593881
360755
106636
108689
141180
778329
874682
366063
300344
620936
305451
924361
387213
575506
966479
637700
84390
642863
818764
612399
341558
159769
849468
456415
991756
7664
348667
626265
129356
575358
144375
318137
758741
523896
144921
493058
260421
250915
204398
293287
355678
762541
74366
755733
856743
469782
860147
717509
412933
450801
612088
851374
641952
332807
749258
927293
520690
542284
510336
535688
631304
670811
703049
340856
346690
724330
330370
320425
269718
397539
548847
674704
360156
378449
540313
199974
405985
871902
836735
922156
73130
626731
572211
811151
575624
986653
383717
614775
421021
908793
800132
359255
280673
700473
871404
55805
896344
788972
650619
829803
772858
401175
612948
638955
525259
858361
966678
883609
282655
106531
154151
827488
287485
274243
614626
727307
185183
325164
908814
56329
411024
209870
849963
408672
249236
741229
313168
100703
59223
812934
257767
996952
490314
788258
946137
473736
388903
568160
639744
6160
427710
209274
46791
898989
503533
21729
65913
904795
883700
113252
753037
133074
378651
175350
640219
799386
112028
478187
702555
145196
822733
686802
821746
940689
284277
572452
263746
98700
521398
54750
967773
795873
920523
626084
359638
922658
779830
547250
921318
62395
260926
403687
830296
657991
267895
384885
343282
999592
198820
405379
507080
546236
843311
225392
528052
152138
123440
645306
251776
588613
562862
4338
583188
284781
576906
643580
77003
812250
753696
312368
909429
647437
510519
265258
718830
690380
914016
697948
642623
130223
674326
665090
721405
333567
260502
172595
582678
500361
842175
452297
296163
773875
897171
84515
620382
789754
423175
106082
623183
207459
401860
515882
838036
463175
482319
988859
901214
589474
509808
327435
660369
900149
997745
312215
146965
273775
736729
494372
138872
913175
838867
708514
596453
677483
938160
726077
865957
659641
74872
759797
137302
192762
601171
177258
518315
362163
168565
850960
129359
714454
563991
566473
48921
19447
873736
235802
807083
803514
785370
242486
15997
730290
47640
184634
549839
606368
994426
628211
342316
751966
344375
438342
134278
632675
674336
486970
646677
947338
101322
521881
467412
209598
667075
667893
493516
548467
674364
803830
816271
176911
685816
260939
616114
921630
853591
930027
900589
442257
388886
47751
173250
306555
817861
247122
213753
414677
928951
317800
22877
828993
921272
3036
589183
644632
774742
664270
398492
660627
991717
520595
227551
611104
264343
810495
51432
784197
940474
34625
456029
30436
674853
838945
687441
574730
874502
957428
664925
431592
562021
176741
710319
473235
750971
436544
185928
517177
109667
807948
74848
655584
374053
185275
498000
734477
615650
591896
958035
578311
330788
678257
760874
563966
531358
457514
220090
640380
615306
723727
967177
225767
124308
497050
507280
458172
51608
39903
321216
834439
620603
377382
841057
72689
730329
457899
462857
161480
909223
704415
302714
571772
753984
270114
474009
950474
898636
291745
797433
554997
901470
801568
214248
513892
668151
960856
738464
843855
742415
921019
504000
372702
11250
548355
261431
840167
323301
903500
852037
944364
840886
879152
104680
730755
949836
24214
182457
314953
414359
128936
215157
154758
860333
290907
749402
74740
353529
243032
681879
956979
184367
311943
382297
159713
377107
718300
237936
828505
876312
314038
678846
278497
279939
241759
242121
393261
17953
87231
346582
669129
526771
822227
277711
663682
700458
421200
411749
288962
316318
409446
939058
423837
262801
666021
398258
928061
382291
70586
241198
953354
217476
910202
302380
117732
864237
183585
767083
311595
681000
559666
457103
134476
507754
200335
267139
902676
74315
109300
331040
398878
495584
763002
57313
888584
88233
336042
263025
164437
367080
737012
393317
772558
117886
980034
225821
139541
261647
709421
67634
417292
326100
914630
72221
407831
703458
445960
386048
126796
326752
320937
126522
400840
226503
17508
232705
437574
985205
336318
835350
803840
15262
107112
616837
760211
255910
714012
104377
241782
705600
83271
131605
841834
443741
249430
632165
145560
554495
359036
977630
400883
785743
326088
774194
976482
355595
880821
8395
872976
734411
398767
999733
962870
405879
684015
985519
831995
141708
500875
296512
160617
170727
886886
475176
486427
796982
968555
340662
254861
906229
992379
544830
222424
465424
368167
787036
594017
101443
693323
773753
720282
242952
476252
280812
76827
599454
496048
901935
334688
578407
657656
648949
182275
776595
393912
259325
966120
827234
88867
417960
602334
175655
90648
350118
156995
246131
604934
228713
443995
282563
548499
180930
879873
667702
817241
579992
887982
648442
616255
343725
489643
769734
459198
129608
739809
571137
521300
275453
105768
527610
141939
323637
357083
790512
67823
891272
239231
742581
656401
175583
12430
274867
604093
919358
772357
437220
170153
941181
180968
392452
28856
951775
512450
925739
654588
660527
456910
8827
389449
400335
454413
911236
781529
885111
33514
187387
783819
399182
666342
835510
241426
577878
524740
847300
49290
826568
379589
907482
174042
117220
22300
145215
357089
82809
726113
935269
921022
475162
662264
64325
401970
321530
999497
351412
282943
809560
187131
735477
463682
689387
504911
21863
354823
910696
695499
215555
183864
629062
510340
61819
500127
81526
823787
9577
926969
565928
663266
629380
305371
50462
689611
290485
251371
851455
966545
101308
822362
216547
431190
424391
784344
842274
408656
254849
74610
997138
706769
355262
404614
386449
930320
122106
306561
680198
843333
243465
680438
628868
853325
223157
291882
387872
461345
856672
823129
738906
643819
154591
359922
607708
511996
628641
996099
90568
741848
465806
614523
260668
827912
467130
442030
777071
950064
158259
552021
123304
326872
269316
86020
952276
375695
747824
568638
19455
703248
401005
875117
257398
943961
638145
102453
459292
600905
964499
666590
218978
172063
587857
545601
700210
334833
825565
77417
406971
65866
686922
759213
303201
615456
435476
715122
895628
685278
949908
134312
718818
151565
374352
252483
820058
399100
25867
939177
102746
673893
661374
255172
291248
55984
951387
684224
436061
625319
429365
675764
678080
261179
767569
516963
475559
361703
214001
817699
773309
69396
320351
275442
175110
602954
631640
205223
90453
672714
971353
136772
632397
22812
985896
863495
338893
333444
971206
156849
145562
172709
40694
885896
32984
654432
464870
956347
83004
800041
512168
767543
327500
499821
335629
820805
635609
412652
163098
827001
766554
757742
582031
678439
914945
329716
364841
630712
982715
506788
575828
461543
973402
990247
27060
504398
727977
31986
816622
626468
53173
728011
578970
885184
801943
632685
561039
19457
63813
119744
693447
161240
60596
211261
817469
799777
43034
309760
137397
312362
275107
755588
633365
412436
976360
64639
117822
585127
142707
130067
368870
571664
836219
779638
467231
929490
321610
67052
561204
303966
260523
652464
401160
315453
332605
451026
804141
20090
924256
693498
759572
883281
439084
976860
504335
830534
125073
31776
746865
651854
596476
495659
902440
937896
200611
902139
759726
988047
684672
861935
265845
546892
667379
714901
924374
964678
918436
578117
719627
839980
48073
942210
872265
570538
657779
159154
310434
155563
187250
115317
116203
476323
50236
480142
754103
617371
235843
482873
24252
973055
397271
291311
482607
873817
169230
100330
44048
601918
189125
648325
679103
772230
82243
503022
555037
197226
146412
368997
195689
272161
393078
419105
100825
529968
173203
625070
348952
845122
329669
910011
749272
462581
74782
88671
860451
797065
816232
477158
765992
546447
309372
595794
822882
667868
182802
890101
124409
952147
44956
940170
939311
809464
308011
889243
917618
49654
272613
849113
907566
72265
903929
746194
923676
169363
496153
360110
865947
184183
950766
443462
324617
411747
418874
48062
719240
830498
300360
854187
753810
787508
73892
847607
523498
750879
122313
937485
293323
576392
258625
582643
838932
859910
193517
349415
808448
50082
793961
749856
498883
254589
233843
474236
226896
240440
464925
827091
8809
958293
531351
55023
952780
233371
154707
189562
573346
673204
961779
428678
860522
456262
850380
157079
821850
414735
309023
303228
890617
611191
941341
217238
495792
614811
354571
377745
414229
346294
334206
305556
212418
673834
618449
562418
562597
851722
462585
241610
95845
40119
796893
182023
174933
343356
114562
179655
623072
83510
398644
445338
59808
676934
355568
751571
771781
398727
615249
478045
362786
755471
191804
352708
631796
784766
887556
967377
646273
880481
812904
453595
521528
579519
717971
716427
896227
349300
773179
799238
909854
436917
431140
846842
904221
254734
621567
11378
870049
632689
39376
451889
657853
59823
847975
487612
174202
168570
661787
629749
824955
445046
287949
171124
405246
411939
569518
232709
519168
653097
39189
295143
98672
822018
100466
14163
262268
403418
245864
617081
742223
22608
572744
215842
763976
327420
69896
21844
485214
546691
323775
630869
849940
227522
707789
543483
869259
999127
46427
886920
720824
58660
540008
127882
825000
494403
507161
245201
540209
80969
51767
254554
668523
61178
273140
529912
19693
490250
66437
6326
957286
482516
346077
519805
868076
605704
959678
970100
943268
982693
881726
526929
894844
845187
289008
85165
151470
531155
639263
678900
488106
564729
98746
230721
677541
62658
562860
386669
863068
647643
609184
991714
573946
236533
440752
917790
462787
68261
954382
930990
138446
832367
446219
20945
655827
298185
433011
50956
283215
995506
287357
427844
233656
662174
343903
234190
871675
933737
505225
274174
240238
260214
384527
314600
105830
462489
904036
18532
408198
597838
980392
31665
347539
539203
836356
457885
256385
242547
76152
329768
31733
705660
606169
9597
311573
316647
443520
680297
818647
152274
248108
560386
308652
168933
845337
154762
492762
772280
827665
266525
374476
375769
398370
730018
167138
179519
916346
531737
896784
917820
984217
553827
402447
48845
818615
589697
414954
90153
454299
282124
830000
849675
177366
11069
220311
77013
314728
363364
788179
999396
372651
291864
358168
157274
998817
549422
383806
519255
247770
449620
623214
946654
801880
280149
69607
293324
618892
140257
35735
697288
526332
321369
256991
802741
971758
467096
43685
927108
993122
710668
254104
936846
420110
659971
777744
7107
665331
265585
778437
905773
466332
643446
916067
981648
789941
155964
309228
296748
948481
362368
961055
326558
415053
251991
651961
443466
814769
642298
817301
311257
14123
79700
629014
708533
973700
459017
231347
556482
795609
455401
534248
890358
221470
558745
51038
923277
759922
510575
316470
292588
375586
355442
485231
522129
507195
529989
206185
687338
670642
224495
692540
658843
142301
778588
532910
676592
609259
481828
186251
991681
894463
404813
482826
106590
115028
821505
334396
212201
476960
713286
10144
178976
31909
16877
55520
159798
538135
376989
336088
106618
893104
197679
559234
764627
759897
769884
687133
817489
520321
841156
744721
420436
544706
867550
385456
525937
435805
470597
838502
718537
563274
213818
377296
789498
179743
429466
495358
127295
252404
119312
955580
164906
490982
890573
8948
990938
92877
356974
284324
292144
92162
218771
893963
823817
854352
209207
970862
924091
706466
667351
645465
897128
923497
554010
946394
690680
877488
619458
861473
831196
671703
835861
1605
589793
429517
632508
635663
921876
547127
929867
821127
664250
818903
7754
598682
104411
21994
857943
369330
84714
228816
213519
338788
230546
617293
600235
66461
576633
22242
289417
436873
207611
793574
764532
30698
935457
849049
52805
383880
133180
118235
642164
567498
804442
952361
791189
542513
719683
686635
887428
816422
217349
799340
107291
73118
615363
740996
822276
949450
582044
700652
962998
836443
795565
485550
700792
319069
60257
676239
107742
492200
784838
895289
198238
974382
28835
819802
910761
992680
890806
348370
218484
895756
780207
329933
47979
118038
285058
621374
623667
454989
763179
921700
10399
492194
326208
927633
214345
78633
998781
830512
670982
759115
405671
719978
75652
355136
598670
783760
641702
483297
816406
715204
288577
552227
981429
157439
439466
64558
295944
366187
348449
932789
519586
529735
936702
802192
735159
575953
577110
957906
162810
369455
149353
57050
502197
780669
728709
705457
751012
527534
225914
326391
100099
188265
384461
482276
918173
666202
545367
578887
320100
437490
323637
539694
132087
107955
473224
695840
791363
734256
968559
11452
501595
270519
167215
92116
682951
998233
756792
593343
71699
465738
850139
463001
829323
964774
472541
659856
560423
168659
713408
448159
676748
774197
16535
423350
122435
309533
162590
991217
755676
935638
440083
941561
545503
131672
772688
234255
340982
442067
748890
832130
442299
736828
377180
849668
333037
920764
964945
780767
771974
261770
20195
285445
957416
352488
775440
303075
149174
249099
76338
752486
308194
33991
624182
728394
616547
823564
275850
66044
445675
61847
211890
285464
50578
208307
516970
581134
346991
675452
542882
634142
946508
357347
143370
498398
1962
639991
76878
119426
462708
229512
706932
890497
580764
342326
494895
801157
353963
250990
309974
41640
376286
500401
611635
892482
167754
819285
771362
252939
575253
909936
269156
479716
501153
48999
962779
27924
20491
485114
199522
546323
448380
79912
638440
922241
212228
718217
931404
801283
642572
584023
877432
663544
329318
387860
828954
679297
378219
978183
252752
647716
911656
341634
92218
285239
942889
963346
458515
185002
992626
806197
539595
465262
757488
443760
7071
747538
496667
148038
737454
466296
782827
35833
158048
670407
418971
58377
419072
87288
103640
844827
443045
442955
807093
200975
300181
592585
432574
519283
960959
410908
31708
905417
591522
749458
743436
151593
760883
570775
715938
88743
726452
244654
59012
909861
534137
462080
782969
892106
94065
165999
12049
205341
814562
352825
712295
366326
412206
745278
940397
599411
766598
553249
967861
602376
929316
732192
481294
892817
754709
414740
669192
802926
811446
495097
787689
722078
153232
874824
233735
32214
265731
546630
818499
989381
810742
496224
495335
864304
580832
185900
826922
604287
312593
870306
50178
431533
482596
486722
913718
82017
790469
42172
366617
468708
64771
843476
636920
931325
834491
658653
664949
826399
425075
734854
123353
701486
910775
769033
275958
505303
224287
457938
815977
159143
981220
843816
660160
44613
624811
267444
319431
519916
20413
971599
191798
785973
584431
368671
151316
713949
883836
931370
188144
538883
522104
461940
512013
552993
603946
311530
327434
907349
873535
797282
444301
705484
700154
589092
635911
969475
117156
297706
622639
283135
550703
242138
898604
741776
880877
797286
150954
597114
81685
651984
294592
348961
986613
39757
21573
253636
672892
584303
608514
812933
646578
777195
218286
179487
226717
51446
430642
850560
95857
75589
74613
393311
88359
94225
572979
564049
397742
363336
293617
202493
315819
595168
207283
363392
411505
166788
203058
700087
698046
836809
123932
273742
948243
186425
89819
75251
943461
527902
833295
831294
680712
250790
912302
460638
139218
160803
176314
404201
252152
15445
244811
910729
310848
676572
575631
332814
28172
881199
382272
182929
246385
78733
606630
942622
985170
309017
517655
935974
425685
637613
368243
980043
784950
753429
71981
105483
959771
852229
417918
147878
313701
692198
974069
500407
935879
707725
641934
764990
18507
803666
748535
834980
335557
847225
388280
412574
158742
889228
523458
719580
744553
838971
273011
989192
938733
116414
194737
370580
66262
806547
644364
86303
849319
540781
953133
858398
767171
18991
199650
939519
977662
978145
919436
322281
163167
766791
558786
127176
555517
772865
442535
481522
984282
860273
59622
212606
627209
672658
205303
786119
527331
202492
779741
818288
246727
957986
393359
616079
950769
784851
761481
532584
572723
598103
221997
13352
425305
524287
774062
575564
820543
670048
244606
169390
662060
241374
95003
756005
23212
167638
548674
416026
224380
250490
78912
545184
729829
986871
497975
852038
796277
269474
663944
368612
729805
918634
307360
898295
263276
160528
600875
829271
200082
297608
815412
543803
522920
5098
226990
998591
625168
761097
945036
241733
82094
683795
109345
293307
843839
89455
109593
425310
39375
613719
347930
89777
466706
518406
569445
514864
507300
628645
913185
244645
768668
20641
983811
324857
476455
398581
84329
635741
955531
930172
4113
203385
776096
687334
31282
97401
761214
190621
937939
509135
389260
708378
240965
858569
226279
743904
491718
15352
170887
683932
672924
824658
368352
525534
323109
965599
461286
4312
542588
818658
141930
334820
707764
650450
882947
693482
277987
306249
180391
995425
760506
103250
183541
157029
41255
892192
619243
119179
239751
381286
171810
733142
981603
791492
291865
954670
903444
789574
178218
844533
818977
949376
502019
553688
78594
343433
733606
761613
892074
163541
163017
68231
725590
785331
445052
950672
753871
442447
713928
161133
26600
497021
178721
393318
471027
372474
933595
628081
342073
174735
628874
380481
12083
868677
711127
729665
603068
55588
715395
513904
904661
91295
146499
957497
261589
244640
995781
932621
156284
834009
720627
551364
725076
336304
682994
857947
227440
152783
215134
179974
666341
224722
186250
597697
661563
314325
492528
989182
386629
195113
300232
805610
947577
95836
508094
353446
561252
243762
949257
976836
653877
25730
957853
721670
106366
247722
846640
811249
335414
311224
810488
187284
855637
693040
271488
257576
408831
485547
726015
131533
99055
724598
755534
406836
110473
140579
914456
741595
276339
103362
575599
574821
117153
607485
269493
930351
403955
150980
487049
653347
67
380768
888656
400814
7674
501825
773685
233784
470579
461183
523880
686846
208265
457113
607368
42508
537232
257826
164236
351460
238119
354721
66903
81006
66283
449571
13775
691949
220474
48672
679661
750924
316215
955106
342734
9338
131905
193692
575471
543488
342143
218049
676317
764626
741460
312134
584693
293625
276069
923
508608
270126
251931
217670
902913
343241
766386
147656
493006
594649
965458
238741
546755
831751
328535
284558
95467
210869
543746
56751
860417
739907
866719
508208
604567
113783
393438
221335
650296
998720
762141
806029
411625
349869
476254
542555
680616
416017
876653
36389
791011
778677
22391
716986
124372
408802
852779
845897
833823
534739
388807
65208
584278
259406
905845
461773
911559
103449
783093
571081
209589
120568
730283
200508
101098
893984
893939
999813
149148
550253
662349
619649
610243
797431
776900
696140
551578
182466
59566
411671
705846
535117
383154
359712
320285
176106
991674
736114
590400
198846
710719
260486
526326
286519
769973
161779
752073
849552
657146
610616
997744
834748
459793
493729
706193
519563
797778
616145
376035
370919
457175
496584
969168
546915
32291
953543
335295
882909
486213
129245
1464
41282
899128
680334
286244
49198
257705
60351
820327
159263
277983
351707
657623
434996
821503
519378
792477
992289
781951
385233
88637
242753
79847
575252
306770
215151
35947
940544
500430
259254
394782
989935
557026
418668
298788
812686
485754
648280
334745
933495
195208
625427
649367
581218
673436
652853
829232
786466
874752
898842
704462
266815
687498
200887
56675
34349
109779
370079
812563
846185
232951
69857
355565
538520
145297
694789
195152
836853
775418
583430
261859
186320
449035
964537
151671
94651
677930
769000
728270
86559
361692
143419
784747
898216
239906
753075
691904
365508
729965
638724
968658
457247
232321
66537
93710
721128
263035
763256
122862
882342
169694
540637
334114
673138
413991
438050
903725
318909
195615
411700
971759
911753
810154
164171
881472
248500
929444
606191
753241
116281
788780
891865
437818
47236
510450
755313
932486
373728
378256
51165
41947
842928
762755
640460
573158
8858
814876
267533
75551
352045
621232
322578
247706
498342
903269
526803
109910
396754
843070
331770
88554
504409
25097
33615
235059
645202
333044
605983
626529
279220
131724
179515
437330
72985
204263
587344
855304
568900
44966
533318
355938
985619
631374
531544
913089
721791
867994
112918
895192
298971
62853
275446
840924
575976
779913
330813
902432
641067
311576
690090
911766
33689
402641
639758
634100
116787
424179
465135
427648
726577
546637
703345
355927
299822
792737
272366
633639
440226
689756
188667
231035
974699
969576
344917
660176
922994
197196
908265
750490
364849
173714
254084
63384
770836
527553
229378
553524
521246
188965
110689
348379
385932
945770
78155
285003
283439
155568
665294
992562
991308
302305
254807
680254
473321
231560
448046
550121
184153
386282
610069
961580
724705
432806
147219
584174
757125
944767
700162
989235
197343
101658
648948
834321
393672
382116
681138
594829
496097
375048
48137
401116
786967
158857
555600
572767
724795
546716
126071
189355
721273
541730
413666
973102
799267
714409
599166
480983
354902
916084
201917
575314
815924
135048
560193
547510
987469
180973
373489
767505
685719
967175
622821
360818
637582
434918
736980
421496
139108
285300
549644
794180
509130
617728
342530
64051
436150
838807
518812
187088
320922
979152
293159
376663
738273
616450
66918
77823
312963
344663
653711
802354
208773
477208
572273
904604
302164
575139
843302
928573
349989
982610
229516
453895
530104
565157
135660
834921
797484
221533
680028
861630
770509
591920
398878
725500
835004
79854
493548
766188
94699
310787
224029
805233
711053
509153
896423
274614
95185
952760
864215
765063
799070
985687
356561
364470
689277
649220
186951
611589
813394
687557
657339
38316
438829
291719
864518
909338
139234
423820
845786
960644
23886
213503
753201
997424
573364
697581
696723
776394
412344
396861
864441
907009
313149
545463
274955
680939
301750
94808
774364
631681
495292
879079
537085
178283
831656
737726
833366
25400
161738
926203
549768
982918
126018
354180
868529
107073
837006
658577
849349
29834
704859
482486
466877
271779
404721
473339
395224
18275
66212
51612
948871
15975
450276
619132
930115
560093
879258
233158
828611
646643
588309
884208
101555
277322
323911
831994
603586
662509
13455
33820
42630
375150
677664
507757
888203
731699
855163
287130
168145
982731
911234
684540
696302
372814
716326
97025
304041
181367
715997
487608
709772
494695
594666
767719
357288
726177
811015
201273
937518
594957
869889
20621
242979
398547
445674
764106
342414
399508
707480
835597
831491
976156
215796
607213
947276
145004
677329
379677
218448
9483
371094
602726
104606
821569
597069
629940
169191
786087
693090
799904
737247
851013
479335
266664
93816
871269
610873
654094
372205
289725
949648
987295
513206
950183
72266
574441
636049
843209
779354
261494
160502
416037
449057
183971
743197
520103
20493
496001
28969
212813
676912
672802
725127
117790
845870
61691
399600
384905
389777
409825
552368
319740
757327
257946
640992
338776
327323
163375
346547
403452
763005
904604
534647
224427
97976
684451
152995
141784
851191
353906
998804
321175
335683
937030
386702
427982
154488
690466
235713
602463
424630
141030
284389
939541
701425
345869
537849
44758
822297
300444
724525
335634
128100
92745
123389
619978
895649
346764
819512
629135
467917
6740
130364
982049
898577
170516
230700
659331
35534
715785
924240
171608
808936
111712
693482
152577
34030
246818
528431
168232
653636
674000
759348
420833
471074
537792
953350
47336
244781
861249
69734
170571
332766
360152
661805
71901
737157
136793
738497
665800
110673
692587
885090
676966
280833
552137
209911
952522
614458
507177
211849
449412
508039
247545
407030
98849
232034
548155
292059
314890
427407
524025
346160
206119
381576
838173
735435
999698
168380
322403
627619
842328
678158
872987
802087
996074
847328
342720
158665
756042
138260
228809
614771
624796
756917
704843
272326
741121
525847
207172
772240
848726
767503
420972
653820
216369
78787
542531
50643
863357
388445
967088
26687
748208
904145
5622
20144
134700
29612
76274
165327
101213
627015
383035
541554
338493
659487
113685
893556
882236
454946
615428
43876
796464
763497
371549
811965
410236
49888
317621
242849
438427
770597
610377
376155
492984
472651
837917
823176
900140
94619
469684
677285
239748
214984
945193
62651
735039
662498
640127
121412
745414
747008
75981
202705
67626
48512
153120
99297
147451
841271
420670
370968
157404
302266
854526
491199
578097
632933
368262
37102
69622
898189
591028
958482
116532
417307
743220
412629
802758
878560
543976
429312
149603
856190
786863
28336
307828
489651
222653
952429
470557
252804
922647
266155
297373
630123
905579
926191
53653
198742
83523
921651
698561
663004
190592
993048
316620
736459
136373
667801
332248
814903
280460
175140
736338
945986
702024
165595
954928
25670
724422
697857
694818
184595
694204
758753
882968
795039
296237
236699
300092
86720
741214
500821
228705
890219
912020
847291
534782
117082
300125
964784
776100
263949
312320
349391
963279
149050
982990
377803
666796
635641
113634
506078
263209
827540
515417
641301
851448
263544
184886
557438
104403
64191
74477
580791
506968
389664
884701
98398
42359
307464
212321
898087
693257
586038
825864
903265
807400
410804
785068
978909
129799
360019
397237
756805
984745
305403
988888
105990
602427
833057
709267
762582
951284
820629
449928
299694
136866
703662
668949
219923
960103
11311
697206
866489
803321
523526
422749
983654
96463
385036
168882
956873
982655
615057
493184
512205
12020
302809
955368
825277
497780
828795
836269
416929
548458
727293
101702
447238
615570
739660
997401
994191
34737
262496
841795
634053
235481
379878
393866
548372
372709
874148
898798
347576
504486
72388
447174
798937
818025
555025
48907
449401
86456
183333
21688
92852
687983
278735
525616
718904
876022
411771
498533
570228
221819
82045
805148
123243
294324
11305
935690
673285
250424
264454
167720
966927
493324
308456
50515
363618
36411
469490
496015
319141
215107
817444
9352
876207
296057
11036
477367
654662
394289
686088
135469
961425
579675
370399
710333
195280
675539
520581
393762
447556
137596
791732
499487
903976
890432
86708
468723
846580
195681
908971
93053
924136
943927
764310
743010
742083
312967
14896
295352
920192
895219
351505
177568
41121
535037
412979
713504
732853
396390
441955
39902
758011
227759
509409
901809
299427
523119
202912
815442
421103
555686
35803
943603
422544
909134
68620
482888
877005
318274
575481
601669
646043
674888
288864
498355
225821
822284
707905
183328
671566
334412
122678
686377
238641
246684
946576
439845
304177
963734
25831
625876
63782
949058
775495
722442
757156
724667
381827
591857
153200
142208
498105
519714
331888
252666
373968
998673
260985
266962
62857
230686
791160
623883
618221
510949
834635
21352
503202
129533
984987
811043
962525
483692
271783
146015
386977
465243
752710
253149
776604
223591
910700
957726
652634
362024
475121
46431
377651
970327
419178
794840
850406
254413
980009
408892
51909
862290
580245
357413
520054
567404
376142
534857
851577
401294
575743
639502
313116
473291
444104
21230
356803
814383
430086
113155
71265
464090
111915
579901
623692
705506
684069
410796
636621
735549
763076
131350
943534
653446
860619
826339
418509
889444
217543
579567
311852
312895
587742
163356
856209
345559
701724
539974
543013
196330
601878
952515
528261
897136
971628
32957
816092
561962
781277
789309
517329
245392
331809
523896
19514
405992
43430
196546
30237
614737
980477
993693
114482
365287
142118
552379
484150
327855
481401
876949
919974
864603
73532
178773
957240
899949
216390
151508
970154
95440
541324
652935
652013
385904
315729
530741
611824
652571
710830
52837
10370
292953
34228
460906
986478
266587
457557
48971
935818
86676
729898
801748
372968
911387
150842
152233
978152
249262
584496
652250
192356
954272
681653
299590
92048
855214
868038
506025
90137
956559
236194
136258
91430
973673
103787
440979
523834
952939
686990
458690
788482
530082
695055
804775
363490
722629
557288
619603
927665
416980
387576
792439
252404
948229
519319
9810
297335
587845
261817
865981
778804
653113
890836
800830
502317
895061
779783
750951
187089
717018
547643
964746
636200
863685
490664
815378
116880
86403
734100
239030
839079
556756
635226
709560
169161
303215
74552
93328
301604
311099
36990
771029
839219
877401
703061
912904
563689
378867
889633
372538
110093
406707
714460
375809
146632
666197
60925
358323
132904
20343
950941
439025
440433
224152
48995
28807
583635
470843
199714
205954
6836
452742
758386
277750
154863
603709
942487
990878
592800
547232
86995
646896
217824
919276
610845
374000
338113
166548
532143
282797
799512
402795
792602
645018
697987
4588
886055
853384
199360
76094
177241
900656
799350
949435
320889
990103
512182
809510
743952
141855
395932
706167
130162
203321
679457
897128
817160
316606
12797
326796
562552
917654
469405
13231
259596
193966
161028
421932
188037
700722
724973
647566
536195
669412
981155
880022
243231
121030
956905
522162
515110
725478
146026
636119
148179
448314
608568
17114
831423
60452
747712
118941
655628
343228
172108
117653
108340
426082
248
178642
101793
779166
766367
871488
895249
389647
240350
511332
794895
953497
198848
535508
249271
995074
224158
142131
51729
862227
194061
497203
373543
22714
405470
972223
309466
965048
514725
383271
377998
954143
970365
141009
807351
680110
930978
191929
557427
246647
678340
779338
166676
377358
752786
7127
235971
414238
145833
228069
41859
683330
472230
194448
286789
842254
986728
267093
249834
393028
866544
298037
316439
643923
749127
101163
659841
478099
561784
334455
416825
884138
671105
73412
407278
829695
548100
167680
589802
88577
267355
202323
339736
102653
18050
520984
852159
988215
755983
34327
183530
461128
362048
386070
421069
339606
334379
331863
798243
895013
725421
18976
767159
774917
904130
252933
595151
383295
614534
420150
721934
304732
681233
93558
869813
114330
770198
298131
120458
821809
928359
134627
683099
742640
127146
288870
771974
883465
358412
428328
805978
171723
955406
985845
255242
176634
857411
567620
773562
569287
671185
372813
384920
951489
109862
843875
483897
829820
105666
974152
500147
457109
820294
97185
997639
765456
198008
380812
207858
190345
810884
483247
469059
925719
915805
171357
768997
848699
736428
418205
101953
136802
35875
848383
316763
969621
217298
291271
712309
303536
450734
390546
523146
814131
813742
10417
478505
223956
544926
705900
842321
405639
431336
330295
83126
872283
521705
917334
579362
947987
511797
272550
258049
912513
223690
736966
369756
154214
166228
610270
666024
26334
614675
708378
632396
733568
224797
789339
246529
172525
787391
628250
690112
178856
875180
946651
403506
675011
547328
95325
738778
187032
974155
663460
989632
476670
999176
736298
890527
280789
639651
657918
6970
176960
699544
543710
238599
957800
57167
628222
697185
49993
756011
988763
659433
156866
365170
718069
511004
532530
934948
294360
729611
177310
504684
177702
593449
858400
927684
872913
393782
465145
101843
103621
325826
884165
415200
487016
272964
438762
528972
407357
304858
365014
103179
526005
188068
604541
918157
466432
629596
896649
314309
317661
366918
578312
493383
299954
673130
753350
582180
102121
932699
188699
625749
801202
910792
183197
5430
625746
890560
970244
721459
522891
172193
187396
263038
320691
542810
823458
124938
351661
785369
723512
791174
777350
300949
501183
69817
783214
988848
316903
250729
516160
67558
686558
329965
168073
969004
273622
792928
652037
480333
655360
305330
493303
423306
795586
17365
482055
718371
881323
99644
735904
519038
314695
565845
395254
1689
667687
979879
894453
302139
178708
77224
514664
854389
118784
151952
279455
24955
685982
494691
77734
129917
662359
982424
900812
10410
969371
51197
216632
833284
748898
239751
926371
911597
91369
311137
414024
69782
919410
10591
202787
282567
933761
473731
527192
1016
99893
581107
449877
333661
326261
390153
282204
261411
541476
529045
483593
230122
481967
134822
88141
890647
802318
390555
481439
76930
820906
230322
824595
309943
317135
769647
4346
22255
911246
478249
760695
407692
107252
968401
701727
180075
20023
627871
27759
202197
525823
548422
96037
555063
964337
75346
893832
456451
649812
461156
63709
319136
324835
277158
371723
224298
480880
5941
168903
1816
577512
589787
435771
291464
947297
167888
936196
684735
565474
528905
644349
914959
137796
831017
223323
726729
900716
126582
699166
666089
189430
693927
570210
763333
934762
263132
345171
640298
185820
618279
942026
385310
461265
663507
417242
86695
267567
643505
891586
606016
845617
210624
402990
818214
30613
874414
446651
210484
180858
75961
142734
603576
393094
479918
99077
427594
957465
761009
47539
969663
401370
477664
162702
6155
688812
596267
78811
653966
546806
828019
773102
199407
950060
524328
698528
447131
99491
664441
88520
63943
731598
884013
215329
511157
447239
877046
976622
340237
819907
653522
846594
956726
860770
943380
619545
944103
743934
42946
358961
403016
998447
60781
279622
309477
590007
174578
282061
620138
112071
780746
567586
513347
353349
795473
583219
12813
558679
820477
542257
178360
123301
460936
440181
442586
812004
873156
315143
965980
443831
255121
493832
67413
862732
650522
655600
502841
100202
565705
865171
46270
832066
775310
753646
232353
466058
334937
757546
228353
478742
945945
736624
168721
880111
732319
890542
245747
454579
424920
859343
996062
101457
100576
101819
881360
548267
946050
651845
698227
152993
9962
472180
820799
94362
882272
602100
980935
855094
839316
737639
445587
378291
688650
993794
485128
662935
353018
815249
626427
669698
769833
989417
635901
821360
826579
519423
176375
366879
373694
682155
312586
590222
194127
629351
443174
343012
947873
428728
538008
558097
286405
839284
354060
762909
613076
118655
352747
245554
538347
26657
274160
7960
345931
224375
705728
799321
584618
904748
93486
391768
973183
563199
49336
706053
82939
952937
701386
912933
708018
57192
18935
248166
642754
49144
33260
616543
960770
710494
696143
308283
186578
853852
158104
452813
569662
998382
633519
399
831238
109489
903322
301793
392533
25507
844085
782340
542380
52771
470582
748980
698971
52568
103195
252727
265386
841277
816763
951096
504079
414526
908044
969939
88703
626881
313413
415835
355550
802802
422720
295328
986821
265796
310663
656548
518682
390487
536071
135918
770798
66964
517869
787843
605738
675911
753328
411798
101132
896228
963473
410857
846305
710296
388772
909116
728418
840716
762325
511105
850247
680637
188317
413666
703703
647197
33340
257552
115579
434742
776067
209545
813003
38184
592437
588540
581686
864430
749512
25578
906085
196029
421115
460185
114821
665897
839000
171229
341644
56694
133785
519049
614617
818710
578084
35234
474246
349369
859798
663515
272226
130742
13235
235947
323469
535493
9705
953232
543591
287342
378248
487527
813943
399931
797586
897397
434638
71889
216485
566148
422430
846120
641318
988118
190206
698726
773047
379935
330560
411824
932177
351682
511871
603613
847127
739406
615893
819468
554602
416593
682130
716709
811491
916223
644508
920825
797241
704029
190465
636902
277516
531526
229723
183197
798303
123629
86128
485711
795863
159444
389042
577000
79507
645703
424426
525616
300502
36426
591952
57728
472527
113341
296777
153645
862266
989883
406821
344495
470690
291973
846629
52266
89056
635321
389893
652191
402857
175448
495826
919242
106120
800494
102660
230319
416416
485850
33029
458391
254984
348520
201176
817635
489386
109264
11159
415314
675734
428031
855588
468726
706742
861350
818078
218167
643317
102923
507367
617809
219021
173834
279626
74932
317708
426649
38017
219646
913089
361216
900303
259711
107777
92636
556694
560347
467641
27018
683414
966376
603018
341330
124321
695158
660078
810363
608872
279105
531224
748739
402406
832421
954921
241317
849440
992495
585085
20688
6377
217000
432123
780021
700340
194131
117294
698260
406550
855531
191725
959215
338143
474247
26669
971110
126732
411622
454757
218128
898190
513922
490582
649823
453077
457963
787570
566973
267830
416409
95068
524762
209572
952596
791301
499831
677048
253179
91533
758747
667093
337584
931552
816207
44955
56842
616418
332178
379164
94360
501031
85317
528179
658390
771046
385335
557013
871479
593086
516405
332912
295343
125945
720889
682733
624017
482
799595
328717
643588
218044
167013
388533
670310
311268
391549
704217
463143
260206
921565
560750
359964
455770
611959
801058
363482
428092
94727
863876
453525
145
597062
604836
407503
9807
390666
713935
820379
234922
29685
379981
295585
380437
811758
846423
920531
102092
412299
666897
888795
981257
198930
22384
221427
965895
846192
18404
903258
841150
222805
961245
59324
993028
90324
459121
261381
866958
761449
122339
509992
425384
455589
307975
584140
395177
890224
701981
90430
87480
694724
998164
926791
635067
213350
873518
837773
829696
698025
765998
14468
39223
231611
516467
605845
328148
502400
112939
527936
342990
231930
644803
675004
230626
266418
444595
389435
404494
368916
52463
672025
628083
90252
618847
205542
966415
200497
298005
108424
418951
207595
403638
607060
919744
732168
408649
660304
442764
475188
252344
52434
1168
959007
110450
168076
703889
668422
682496
912891
322530
697777
473006
218049
297378
315796
730917
30205
842500
612758
899106
612993
173871
725501
695017
10996
963005
817842
650612
738711
350974
140886
635947
347626
688426
638525
397047
495797
103991
115094
606660
87345
802141
781457
997577
155967
223058
172092
700389
830923
28043
612140
969826
604716
12564
479346
358795
568995
76402
601770
620968
967827
339500
222973
732944
214562
486378
57218
419403
658199
348516
549042
86129
111239
204825
364539
639103
178663
496752
331482
70089
951265
543952
683319
54142
7569
511727
252508
964962
10361
307344
714869
723503
469422
745552
994019
404859
733583
593292
517913
472046
804706
283363
704804
754742
243776
702827
530258
900549
555999
618126
451232
388720
179192
714008
223369
619036
281047
616614
10255
849838
916944
910469
686096
180241
689618
314050
572331
650306
689311
557221
981863
652326
385160
433015
712526
412439
359529
117654
854289
623648
858029
175785
902267
671022
5463
967073
298191
256413
133924
142152
453986
24175
495450
378827
255904
214611
723447
491859
269769
524306
853892
349328
177659
749906
367235
904807
622238
211523
605335
836298
78029
131188
846259
228702
598065
561416
869860
306581
867636
41710
545919
294872
910782
904871
848408
174223
958123
763751
850499
722282
821204
106224
469360
329443
212031
189356
910709
23150
722549
173040
281748
201578
340996
165980
686079
91097
477817
526305
81482
322639
141448
908250
745649
187213
328569
602863
507649
900621
766622
47189
751176
516277
167015
450669
98393
928779
591152
663765
741633
349161
149040
711521
371955
582654
870278
347170
944224
785249
454070
668170
79516
5416
257696
865135
232970
397092
238963
645448
493882
396768
583226
881362
122509
650836
889356
579386
619974
980265
597252
280640
987279
65254
628144
516010
928960
424018
286257
454290
240129
620105
516519
615122
508609
392264
226483
862877
699656
651459
29633
889912
690631
913154
457178
167312
689008
680562
477081
317512
977334
836429
334685
732852
982573
198747
64974
938731
683761
683479
454219
948634
822138
201911
789616
869705
800210
668073
94738
552287
822366
820513
214040
632864
25680
669600
217738
253670
479285
817054
742112
650303
218632
844390
113007
351527
645967
331710
983899
23902
600870
768606
691058
330314
561168
327212
782349
688685
975805
252869
544129
909021
416790
538066
860343
969478
969729
76668
129181
336825
578171
381470
792460
730421
533339
212962
409197
375346
655230
910643
270128
114550
349134
745324
992277
702485
636465
130505
872928
688491
807769
569784
652273
287522
840729
311141
287158
832993
637117
231015
590604
512781
622420
681150
168632
129901
277243
932354
286658
260634
601946
318835
972547
666116
954068
78191
227189
627613
304845
916030
36061
249090
398815
361908
834674
232334
915752
818769
236496
167607
265794
346628
220850
601022
350103
404554
804760
65469
646858
947721
785941
337900
583031
445651
257733
167545
227994
865351
9000
291429
780982
19823
847122
316402
768283
984060
74402
146843
762222
31202
45767
578176
105593
371666
440475
794976
476147
731888
816119
185419
679527
564632
153320
32436
226147
439478
285675
714053
123672
414959
287645
117954
728598
61533
241401
853660
835360
891327
469517
343092
322936
164172
412418
978617
709497
545864
516793
476655
7278
741608
922324
168869
65996
579990
938622
890163
28152
23068
770980
672940
534675
551424
505726
950801
72778
258698
238745
858892
777548
308986
891260
429864
529119
213287
353343
863591
59943
195409
682179
859013
278446
455613
55013
835086
665852
264488
485720
132730
11962
554961
110924
509437
699202
356607
63671
662822
865963
95142
311326
622001
88666
211756
759758
128954
524427
909609
306640
459796
406098
763417
21412
89117
662699
57464
365774
494852
714038
315551
628171
4907
651254
183294
792893
218775
631158
288506
418726
877536
389927
420602
119582
679433
779444
18396
761109
813926
246298
240329
862682
309039
589003
45256
478687
409693
17496
852577
382741
378734
640671
908606
89747
867448
459567
61961
993436
305272
716539
910418
546871
29808
533033
765809
43765
906428
957315
770492
928178
743815
682405
843356
99011
665790
207834
423096
183909
62755
519579
787968
207804
905254
695801
511586
545230
532511
17658
403287
744057
856883
188828
14803
824885
624549
355045
907414
338620
103222
11817
959165
987729
967679
612004
929789
422730
462546
96621
382970
699148
705948
282730
318690
988281
68344
950548
901423
735297
634856
971072
207154
105633
18408
279915
723516
253243
852800
72012
405647
972227
80898
59974
648621
856689
296929
768162
143946
375867
510397
18807
481844
6095
516770
203994
823933
493877
484546
457910
900541
585293
841811
771960
651116
377354
56851
160363
864945
800049
905572
332691
375047
286882
526152
764312
281020
934140
14716
914962
479451
137442
129359
503158
183324
92870
480711
960976
867039
215228
844633
197429
965069
888886
482681
967851
552009
697632
822117
121005
699674
485856
182822
816605
398175
572477
929160
132594
146127
171887
209356
864142
400660
527029
939875
705837
113818
373062
672943
532486
132122
977104
524501
329703
536564
674789
42626
172505
954118
121740
806623
783640
302854
844109
130624
668312
345627
158195
894277
240588
132683
911176
349317
288704
494304
818861
32884
285937
268033
939463
595634
914453
323964
43263
870526
770414
936766
169461
441543
215271
532021
459845
630808
576318
664535
325800
63258
575383
53679
170658
865588
22337
219872
571224
584106
517415
624672
689654
164464
649822
761597
897487
865946
459469
285377
8369
877841
630653
81037
675133
800464
521495
640111
689305
583111
323584
230132
148808
361842
664554
910305
245186
465741
456316
594380
491623
935852
477200
466488
598449
388269
29453
893203
989683
910888
716311
354638
425388
591990
191330
963728
80177
55470
672191
39802
316955
516581
229478
291240
379954
581850
592923
724296
671705
69074
645170
882368
863266
276887
218757
381347
636746
337037
101114
839835
547935
170652
583958
28673
216237
971802
391693
980633
827193
257693
148409
9352
434506
645917
932734
648463
504109
940357
725134
298470
826866
189504
203774
616382
218217
563671
758592
717737
753307
885128
60183
559745
322498
150075
398532
598129
829041
374101
421862
452735
925929
959485
996608
554947
780726
149647
666387
443159
391897
228430
67039
135482
573139
712234
361705
628569
350898
497789
687709
423238
463639
322218
752094
88008
398173
299269
150863
838395
461347
783676
951013
972318
801525
656067
205749
553640
391300
296044
927793
76860
123699
618018
253950
488162
262222
759075
570933
411858
410733
985552
79870
397612
629182
333071
99077
870987
606415
395506
507008
870898
493669
27354
67496
692594
639221
71852
431320
148232
411106
700075
596451
289723
606248
210433
15033
801526
125226
946247
236518
232380
677978
317196
576741
714074
757629
815293
740608
999163
853183
273370
376815
556619
345064
134019
831016
330840
237601
44968
461172
210838
194325
506545
913841
163759
407803
889384
212487
710309
692014
27736
244644
876702
943504
977321
367617
501862
664641
314610
345245
263464
807246
87419
896923
491609
787919
50140
848499
503837
101880
252548
924065
476432
624301
418384
869218
305114
684437
448638
201847
474034
609555
833692
90946
665784
695723
433157
409001
905242
151733
755741
979230
75716
901085
153745
893544
81667
788821
318863
691981
435647
655080
504246
106093
851413
900567
17956
881129
428288
747853
410998
927315
947476
553084
241037
447642
122405
967948
142260
464131
520143
641325
390904
373062
754142
636326
323182
720099
127961
624656
386876
514563
883036
300111
405526
643846
833628
908429
371530
6912
281385
133929
774863
119773
209234
923206
231830
662748
49812
951789
187845
582813
378815
461733
399573
792343
420628
160942
479693
381338
571911
466274
189429
298458
613944
371285
336554
78105
734011
197983
557205
335497
554269
795891
685487
182497
333019
346640
429233
64920
582898
557104
421556
611251
444257
865517
272487
819116
287385
285378
698958
136953
4281
156083
95290
968964
948810
673226
187018
42570
418121
136779
849685
485800
102
207829
925180
803659
53488
573217
170869
612632
29103
462826
519520
256063
943095
589404
839037
716970
639749
370948
185488
504944
869597
839684
754776
148681
266848
545224
805089
348413
877152
702795
698226
18810
100384
670473
984247
102897
76001
64767
654474
724624
110525
640342
905414
894936
349978
519655
511503
530024
178761
707018
546562
323397
938840
36912
901633
230046
63895
238013
378258
335659
267431
943463
481361
804843
833729
935957
738852
998610
343978
433779
382666
227073
654255
560004
194225
881135
102728
465732
242588
505399
124032
134439
351984
420455
937566
386995
120299
351688
818322
887299
534648
59301
632903
972148
170082
8246
151373
945594
162743
548048
667063
702445
747789
187133
920245
654212
398192
881958
461969
139480
469595
127081
269898
303978
328232
161726
846821
110645
343722
678319
869096
213826
305268
667015
339883
861930
560281
652025
103126
119367
922063
573578
820400
393629
670504
343371
988126
318531
15999
929433
411060
742508
858343
133848
433017
476005
5241
318223
157754
977939
434072
978029
667948
319534
162654
352113
448043
599414
12788
479307
477501
213101
895925
660412
596768
334128
440656
653717
162259
383681
202418
700210
76510
667800
742411
508813
77135
704740
383949
460966
749845
116138
712823
182106
577532
245993
571308
63228
90328
711381
174915
367390
534744
93523
348080
819958
18937
683654
798167
452224
653813
247425
325785
151746
98205
458374
591201
885246
348549
188395
255389
568659
721469
961686
328150
637117
136048
439965
481654
716373
828466
824578
849659
590516
849344
871833
420920
514592
790935
830029
850231
952020
459538
501243
318739
605002
701965
609468
904470
781435
972153
822966
290225
27229
956172
733360
499282
783816
306035
700430
988399
713696
877808
41402
692417
442039
894943
818180
681488
934008
440404
229468
948050
579195
963248
804331
314175
752408
354395
618890
382720
18691
822146
723886
791146
773243
983116
722850
465214
765809
736767
430915
856721
993753
221230
770787
620556
578680
547708
934192
742827
908199
695428
814567
812793
563695
311145
527101
216356
328708
805199
250878
360563
512360
287573
577782
336818
244526
66354
922602
773145
557274
715160
526505
552693
435638
716085
58071
373133
882402
295369
316994
862301
642460
422454
607434
195912
584487
749044
525712
335872
181440
211851
280606
27214
524188
970602
789343
467289
431989
161758
203922
757811
87944
887652
663011
527968
423340
28359
125371
365143
674467
243101
207578
636398
509016
518858
306188
355737
931690
648505
228288
584429
419918
906491
959494
596803
318725
507712
644593
823670
316727
202419
110675
243564
627547
783573
916032
442350
452565
409236
626177
887078
608899
610109
415090
802909
614897
809839
259318
120026
378038
653703
442319
952517
864009
480027
348333
732183
635137
566733
213404
204846
252569
195193
648429
433833
762310
482991
462117
503132
335100
955001
910272
100254
135807
380527
720714
514547
690171
963113
690245
504315
935421
775276
728191
749278
301565
566444
353409
130703
391111
218758
30808
240140
913511
38659
73552
379218
699794
610514
730161
144266
843715
175036
553362
706987
725265
169253
302723
135335
745584
977842
343416
14735
902839
325408
163381
34936
315757
838049
498769
583536
775851
47951
748799
615362
210717
123096
144235
495733
303969
669413
483754
148507
539005
497050
429138
457411
663090
915751
427559
995702
946329
654475
260969
854860
627372
646882
611378
876287
281575
433272
411688
607990
365473
845170
172499
918086
477295
24682
386662
103952
178317
931172
449880
568509
421844
990193
131365
792633
131187
818140
647508
386122
706581
257541
941181
598259
87004
879032
117861
725699
51818
472175
532228
753201
622747
690398
403523
913052
797903
263557
686700
119311
985841
470051
137895
361081
58315
974862
274803
7504
19050
933383
932612
955080
303951
50958
552430
889570
318069
470779
245808
766151
152364
79255
320366
955206
615419
607549
971622
898695
558092
672963
532709
536810
35263
172495
840099
177954
44841
472570
906233
870443
538672
115218
168466
998386
451707
875913
994985
392559
305083
253118
269460
921997
118006
123211
597142
347290
89227
83912
766008
953463
919224
617623
931872
336179
107916
275483
558263
444094
97109
91378
572016
889349
814981
510940
537790
725098
872054
233746
801675
503749
276548
211086
630102
816095
7412
775275
396042
148202
237960
74506
937117
824197
405389
109648
654065
548484
731982
534487
773213
202944
735775
591357
289165
502755
686068
509189
549010
359700
597373
838429
814
84370
258257
438623
930684
259816
290076
848434
438015
225080
186674
767025
138602
611515
208669
874791
553647
593794
919029
556484
326199
801130
323408
562487
564141
844542
356743
49318
910416
495150
377848
812692
490442
848365
533389
834056
782068
604381
563906
993972
239155
181386
123987
174457
937775
32822
801563
989338
22965
348020
821529
762054
590598
59710
518894
298688
12229
623847
780864
524780
198065
207748
727981
461593
15868
108782
796354
542704
23039
96941
235893
635936
268278
155357
157508
547086
481058
129120
283688
400710
993288
351831
579969
756411
566478
641162
220869
937089
408689
921911
123978
724996
762530
770586
331159
624913
751966
691663
371696
617222
988758
311765
171121
350689
1523
574734
594826
720177
952954
406119
647054
142667
85723
459417
540480
963188
909487
214087
6506
649069
166912
982542
814562
376238
893908
887884
707161
864009
991561
339045
90216
98517
545677
178539
684995
365749
702645
959135
793485
274450
917626
926865
361641
181364
42963
969813
362442
293604
671615
633092
213456
69691
809973
299664
219764
210710
10063
3416
508081
156769
726462
593104
349655
389920
748896
722571
438404
671075
171714
799300
90558
867025
710587
819826
385715
448061
912774
308728
540255
502302
348432
535129
348991
313174
131437
540007
593789
105779
582167
231042
799994
746048
201197
182832
290789
139037
97238
287343
295342
371049
428102
328549
964029
374605
653066
139912
782874
165395
325510
235835
144512
401992
256720
335899
256467
791335
583115
525518
341471
575701
857399
560593
988545
398775
343298
980484
705060
37328
657487
215837
194462
284654
918009
881298
199442
918870
736957
846104
347609
416951
367081
914624
455449
98508
864508
652435
140252
937224
54569
754900
402041
277867
55585
717506
687601
294763
760325
111582
854713
717222
743842
179226
916352
111065
748301
551760
936076
620625
193110
51056
499863
4468
993931
882071
681578
115252
878641
583898
30393
953547
871758
511910
697713
139798
170755
393484
25680
624042
259926
762840
915774
606938
668133
34315
919470
143103
446151
371802
936628
705714
462960
584328
204254
44695
151393
796886
993812
605125
333862
887150
160053
417653
8408
490202
285569
405551
889117
722455
534009
752131
632435
723243
922392
291599
512840
636032
838280
338528
323833
834201
977102
55116
78813
37720
724830
101708
660566
202363
191671
37635
388844
71616
312829
306056
94492
99790
584788
802074
993670
53867
559588
907930
545260
870840
40313
208384
139220
71527
513219
105535
985179
559088
876608
600916
340209
315583
543004
296833
552702
531501
685361
305628
687782
934320
789793
382632
24971
219813
943681
145964
70062
631708
476160
326661
919580
188795
487669
275815
63636
307881
229240
625834
578667
174681
87861
732804
423678
304882
329093
488310
815208
654839
110132
543620
682799
662234
406589
322595
587751
963450
205531
458990
609704
321933
673978
296394
70231
42695
824345
684806
861254
262515
63554
958931
603188
210444
594012
529491
12458
735471
342346
870116
968926
156461
555451
985402
933212
906749
675645
962850
28390
852671
77713
877670
722179
598829
554568
845310
127151
534013
614063
538217
810288
562580
752983
996318
246162
104394
258195
805610
967838
273312
887405
361227
318337
80533
824055
351574
161738
990763
196841
397069
181196
669688
87720
120713
854678
922498
578807
827746
258956
386294
848655
348463
802647
432267
100951
401258
644140
258051
721834
990847
715828
810547
723143
267923
169457
981725
315086
15530
844179
437898
898392
569485
279189
37586
23019
161037
859767
258131
377092
720227
329463
939744
347000
624535
415696
562662
378267
536759
566431
350704
78940
827715
971541
540767
936451
230103
934407
136831
879278
985513
660326
17473
221108
933440
49483
218303
99321
657550
323992
301532
503883
859811
993254
543445
435443
141057
524646
269835
695157
320318
180734
885923
932827
766739
529035
829588
276256
52252
935109
578782
625451
999177
483690
785200
580156
120707
748302
678818
154538
745324
864831
514248
959507
78753
567000
34686
682271
937810
859834
257514
374811
378968
992832
795278
680502
689261
423999
968566
677338
92839
521680
706920
111641
82228
795866
165
564376
120230
795846
616726
154912
676193
538357
438340
766625
46070
988305
634060
884398
85817
864350
141726
247460
512576
837985
340373
169281
464754
198107
635077
110116
160007
857597
893087
108254
559480
138111
22093
245887
628453
572662
463179
880181
701639
418228
784034
546286
938845
166489
998346
265946
549617
133925
561508
409919
22445
590336
865171
284019
28718
845996
632665
981239
98577
120154
285838
17860
140329
789777
137394
190642
74601
353146
317882
394231
423651
916600
464473
658838
439708
40609
523692
14810
859787
199568
631797
318172
17285
484524
172952
837840
348950
314818
949044
376537
78079
329338
710119
8965
33093
955202
362537
138996
770149
287667
343929
129303
430282
490543
905305
932167
66169
100700
527662
440897
366237
22374
963812
770898
793690
641226
122076
699699
927410
472336
211213
907633
84817
409557
541593
514085
736632
695289
716051
520561
534056
189335
492737
317070
969544
92294
820559
432613
698640
609392
195211
118530
819771
630587
749781
892873
992027
337724
132995
222033
715296
893006
979084
691945
462593
105394
733411
408112
975371
674090
547485
574384
699042
618547
20084
567135
519665
798062
255800
320427
131244
708463
708598
991080
39089
389959
904866
791049
517774
246109
648230
281896
253435
934864
182193
25938
243753
217427
232293
482921
864502
401848
787340
629170
852737
192722
734872
70547
643551
369333
527875
524355
265482
562002
705363
601494
136584
548662
511062
245752
195274
764550
504759
87780
293907
198354
53479
739378
503709
279726
181830
493473
161155
327198
384366
506981
361787
346656
866958
994208
564637
357477
854568
627050
146835
888344
357310
637935
555330
565857
153128
569230
128057
496461
661402
807581
653834
50424
234158
885130
227123
586292
745446
848874
116987
10392
923264
869277
943739
120137
870993
721218
210677
416521
16801
681073
936691
628190
343972
163396
310410
514614
261677
277230
244536
560437
734554
738004
907894
81258
786057
515762
674108
617630
287757
295367
546964
953004
236967
520303
111507
182517
120293
107788
603769
541660
38479
375238
973255
192547
995467
30698
149424
566600
427302
598600
768076
141802
955067
601738
891322
951973
254755
978296
85197
888493
288729
807079
437237
209368
359938
156435
773869
444948
257788
619632
858637
850679
225634
231963
361352
479648
447809
647440
291218
445594
766373
454194
409547
225117
887026
986661
963589
475193
859808
532742
522625
218559
509808
514137
215872
255349
592278
202336
952726
275722
80606
2759
752458
570151
869540
387480
986704
898689
334758
40707
355574
43200
229775
885874
789064
126644
140039
2160
267767
178914
295262
823876
374930
802714
421665
340132
559025
668031
948374
507250
247279
904735
779221
56423
676390
813179
116050
170598
810377
391621
90611
191957
738926
702615
715787
678326
689402
547898
276692
698163
573367
639565
761578
776442
637592
239406
804306
428913
687883
151626
274450
429593
153056
701692
631979
691391
759759
709427
142323
308767
174820
662214
12069
367466
531749
944492
542291
343366
500076
603018
316010
750146
427811
906408
766237
437929
181797
360485
201548
430028
666978
323696
866901
653925
340393
932717
932745
126071
57676
560922
118519
897649
459960
100114
723485
493865
370837
865230
554747
900453
28570
514352
461834
24951
242575
105639
516369
586717
525833
123858
753159
149417
539842
772117
614269
750692
529647
842773
990378
105735
791620
198145
755645
832962
627260
721088
528371
805956
344757
989746
783968
864432
189609
520463
36548
310768
698172
569677
144851
638587
903826
335312
770682
770937
602244
92753
313924
779393
637942
31998
476857
497966
291148
861437
945079
86495
161889
517739
753384
159391
800039
894816
951795
832346
549416
933918
534875
874983
920290
736554
801094
184889
763637
302502
789137
496855
493181
588897
41418
782184
198265
226959
642992
128277
396166
482610
606770
157841
551678
693737
438660
575631
234728
741108
718960
63436
909046
964698
769964
5
120038
325442
537950
679635
835367
45142
590982
83349
439569
76681
284546
581510
330391
895926
242157
555437
195726
603571
588865
346001
509385
18741
734833
21614
307929
888310
460824
102572
680370
999790
963234
164422
348870
674635
298209
948956
449288
362289
723874
734433
961551
350856
536536
304941
812441
201804
464400
820935
39857
257387
894212
283158
289878
998970
138665
327310
996162
422774
347399
990056
136538
369300
311542
366152
513838
827715
87957
311930
352621
233786
668857
423210
915932
700641
397438
43243
564564
373916
636062
346245
70753
244818
342225
654287
684254
289990
735661
606732
355952
504337
6736
217190
6865
266566
538120
170600
551486
56629
555719
619189
721753
672789
921270
166000
990171
615392
701067
982085
513999
74402
140994
490371
384175
733038
572457
46009
999809
778274
126981
979512
793077
88487
998941
822230
805292
378581
767144
144116
258681
493193
3362
71518
225987
522101
789800
19356
107281
728612
296118
487970
562505
458940
579810
196191
542989
361263
980884
181869
12285
735390
487598
199025
504421
616753
293322
279607
525071
656982
673280
540455
672756
423439
87857
673001
802460
415722
930710
821371
123611
729599
416640
540639
511750
877061
134821
828862
503384
531839
206859
68447
935361
565996
448470
355257
994902
540113
46511
647131
127580
644839
443211
673524
874360
679269
555226
109281
732343
191712
423563
630541
40512
408172
647813
762852
634002
124909
71428
191523
170881
558465
476156
500748
446638
266397
752418
408343
387413
34981
663300
37038
704424
94927
645004
576793
596126
863717
805684
260223
657107
33939
834185
708627
636686
855353
158973
138172
309445
385748
330355
158736
93915
106357
692307
648169
595111
967537
589755
678166
478517
984815
543125
434395
8087
897870
96248
205084
683353
117904
261467
702520
107911
371408
328655
317687
254482
671281
29372
333484
410558
572558
27029
299455
390
783758
792474
312388
314971
534994
567586
23176
297751
791731
930024
620338
729181
192237
369170
215373
210627
262493
137806
576530
762419
548316
453037
273863
231963
694062
919626
889042
390096
43515
543493
417197
857800
593520
833375
586435
637954
19535
888624
210566
952099
61830
935115
568965
349007
645390
397171
159742
240504
333011
836830
329804
121824
819803
355083
194659
9733
548314
594646
782936
658384
829579
248987
666566
736731
299528
381537
823047
311711
742166
956166
704469
588693
67335
252319
43264
983243
695365
387550
944795
647830
773724
723854
831476
422296
544982
535917
304586
239782
677737
465822
711971
310800
675358
547458
946710
669891
367179
614005
39657
776717
908445
41530
160499
78596
697319
205314
873205
985803
310141
800268
830416
924121
332058
272090
794258
573857
69829
554885
655243
569519
677138
717567
491426
393980
687091
677211
923184
788437
733855
289073
961296
945744
448612
518048
528291
732763
263738
728925
985602
565243
55136
322684
358620
666940
297697
87284
386512
981436
917718
183997
368038
275426
916977
954440
423339
186541
854769
170092
521750
804536
311353
251288
449350
94726
424381
226643
259914
888374
289639
280319
186454
695061
336000
395139
624406
262119
386558
144047
712323
972192
986979
521116
377101
114755
462639
198814
164110
407297
392215
544171
726833
181796
217405
277728
182054
783707
376375
417482
818650
1402
623657
53940
957580
439328
904541
60117
151137
173904
42552
727877
399095
480384
522080
482462
515571
598218
134107
788519
124817
158586
46860
173047
850860
121403
947745
936830
115685
577290
213122
92640
89862
220645
877503
725590
958709
28991
261796
725656
303584
911465
362670
56381
502464
186420
682461
2378
504391
109030
951002
616992
99893
44817
798606
425835
334483
503402
377548
906630
708830
474290
929378
142545
716201
289292
775861
672196
750779
112115
320978
231742
756931
995778
784521
5534
533400
152183
536756
843686
759721
101382
817031
33641
337195
121312
801563
693597
814209
993111
234125
590636
716951
124316
186534
183778
93049
537682
574543
715658
908653
662912
35459
574727
826502
986270
506471
198034
860896
172904
843477
859062
875287
290822
768874
332526
842993
548668
176025
381275
303853
287640
242486
917176
742429
129274
153643
404290
182227
2967
878965
807454
705882
168419
875380
772990
139355
148603
398980
416739
283151
728185
9681
270809
284523
313917
379583
667323
92219
187701
566488
951785
383173
188787
46461
749996
703979
802599
729280
374370
834472
156239
485541
165903
968659
985451
914065
725410
551352
450047
444952
257350
3034
18910
710995
670464
564955
956917
937545
106843
594232
754491
992857
153237
853820
792105
953598
370573
327663
712062
149336
926283
796872
620139
786197
920699
211449
235024
764745
978134
581973
872848
109525
107573
501784
413540
931138
927030
506458
78115
788699
453763
28910
723594
728082
33447
946838
752831
499528
361202
337710
249372
646651
575972
916262
544331
176769
873940
403694
676003
156290
421864
496654
650139
540422
750148
944204
937329
412515
704262
566957
543872
885263
372980
321405
891484
674164
792520
757162
77181
330528
699541
164341
538750
502910
103644
356802
564961
266462
192506
973422
708145
502153
278461
856478
150344
195317
81972
939443
490799
794432
199634
808692
855128
389765
3001
485637
843639
593354
521092
789766
922146
849057
204611
78045
102273
904063
624958
937497
706728
592887
372585
186750
13680
818415
406962
548588
233787
817197
347469
814808
506754
86729
702342
607022
963226
483144
143999
946120
679900
296641
233211
206000
220704
897087
633554
148715
776000
686520
977788
300020
768831
567846
157315
616220
225402
417369
761390
974965
526988
131833
295408
391399
471783
430395
914888
631047
755600
407260
450698
97036
980554
947430
794875
416079
5870
342674
112367
446722
553969
216595
349954
100221
812559
148578
895687
166654
240651
197673
763286
419960
535397
623899
391967
628888
786780
97
564924
920958
635284
822848
62254
963938
585880
359986
300711
664799
493294
168020
222011
817033
614476
161367
147468
325986
122904
490835
188411
594532
817465
559633
33533
102096
729577
421676
56507
922910
591857
872369
773559
590784
231073
572325
195947
111675
289178
200259
699613
252639
254826
488196
501770
731356
134466
460725
461196
126061
624729
439349
71819
162633
815424
751148
937436
166501
193547
482534
759433
693414
313466
228198
676725
76030
306677
563300
862343
54202
347108
587769
848831
753499
766143
329316
196324
488349
156953
928762
779656
471109
390303
996555
949394
157002
942949
708934
693481
652619
500580
872305
194967
92443
882393
280206
81998
132179
370351
933096
319219
426635
958429
910066
118116
294407
890150
126368
456435
296537
47498
597174
728867
845233
100879
385391
237004
914809
799729
244232
154732
693541
325470
735714
360998
273963
588803
26969
789934
365237
230811
45196
205783
900754
221902
953526
381612
735380
535103
726685
13444
240892
780298
73925
926717
802105
843520
559162
37184
681628
524505
779641
814027
409434
344114
144546
897038
795037
886880
453766
141704
826925
493631
437699
25667
217016
281859
171005
811873
743922
975141
574889
913324
404603
42580
492117
926731
549639
822649
239416
867703
378165
914827
292411
488180
388424
211218
500562
21024
173357
23548
393515
642512
385494
337280
286004
495897
998497
131335
73627
975514
642951
129943
174438
444806
839524
443353
914197
8638
401478
667798
823479
538211
249909
497496
140068
818085
315878
241137
341674
861097
397357
864779
372959
826863
411144
341398
710034
162557
245580
475177
18575
259841
489681
52181
448291
279470
60065
469128
133801
112735
509921
944334
234750
656101
877599
136340
173292
812065
20122
928089
447564
262784
986164
143252
633873
322475
354030
832249
16868
175094
484948
779347
206466
716263
647754
651367
583009
433317
265214
366770
68882
85258
755019
357356
585464
601842
842127
898210
259800
833125
652862
32215
118680
138863
291810
848488
656539
939319
825582
55808
320925
701252
798854
365733
677753
364290
348675
642669
876397
810216
509229
274837
648247
705355
495631
635876
452720
517321
847978
602426
294704
18053
36629
4065
879783
550439
825024
524108
366560
71335
185451
492026
675534
757529
78760
541202
423755
517614
85862
717909
597910
171844
27208
457480
629239
148048
673206
523840
487144
591942
175007
121673
101394
75515
313292
166733
465207
586338
642208
189619
1250
275243
711064
702546
712712
248345
444538
397527
343406
928846
842309
824997
784588
255472
983277
597576
371931
665805
906833
900242
87401
547467
411466
561287
465374
888448
440874
54381
625098
628141
170208
416649
866453
909764
551764
960541
904210
170247
2631
281468
629988
273458
412458
100627
505099
482944
743805
513081
227151
572978
204899
662959
703008
62917
521366
622484
233639
913810
484019
454991
459558
106712
691445
85944
2661
281752
586760
752525
605678
260999
745510
814331
889231
819659
440190
457112
342520
300789
102320
597667
336836
810530
68484
64570
802821
953424
807006
645900
417238
398148
259641
506019
118020
385592
851238
412611
877496
595617
266289
60240
621761
175377
258653
227039
225126
407514
21208
371057
577159
722205
149941
259179
12371
57072
104851
55442
313769
11313
669163
38026
202623
858661
887591
697243
288488
995932
331226
20312
217977
849002
253805
696057
74135
640343
294770
356532
859618
376727
688425
845562
875269
713484
104859
670317
455617
30649
229255
184319
721216
962625
970238
454371
815360
781394
35278
389325
316660
764323
28579
119212
40167
42128
79515
466177
276327
591646
304203
323702
400453
716005
404931
495820
771409
928317
141403
84990
157740
66568
626589
905122
571742
669107
154004
671118
852265
27555
329059
937676
366967
771825
420460
764315
322702
911930
557455
578153
388648
394666
259434
480679
904475
777241
308351
768730
698489
609587
347227
218080
435220
818884
235943
647242
752330
221262
737203
480644
22239
997207
60194
328380
922377
116560
888827
21667
506087
184632
493357
186966
812424
858069
138450
156154
653699
862651
475983
86716
743331
906645
30102
256353
592726
611498
556728
159727
840849
390056
676836
85767
880161
579528
887274
345877
408164
852150
137434
181816
630284
279988
873746
177254
74953
563823
557923
111747
114999
189357
26996
678490
679636
74414
681850
743164
600658
104333
859223
585489
80876
997810
105260
173893
864536
261086
503277
898427
273053
626287
738157
492531
894404
562705
689603
295495
791933
855322
282497
745269
288775
642467
864124
931743
614863
578111
234162
511877
524162
975694
685861
206014
218549
141968
654907
162283
42144
989443
303691
652251
673972
305923
149349
248978
222199
56638
879094
131947
674321
908173
498919
747341
210893
941560
341409
423731
574331
601237
155312
483671
481744
881386
408974
991382
476687
932776
105560
598056
106497
61802
964111
617527
979368
97047
426165
138821
788996
191344
655792
363493
116916
591787
296678
333554
313651
452267
595775
47289
579977
619758
923509
657032
790037
99390
856848
785117
891229
647460
801277
489729
332881
552860
215013
503046
571767
53792
689569
735150
386568
511811
848339
172824
960567
680731
569396
695066
456592
213495
842887
796495
24269
456505
129012
180609
845658
657620
732029
596727
416137
170406
888852
872349
351458
854535
633845
836245
634335
399228
184332
824623
284852
844796
916007
996541
183415
957605
173574
382847
479615
198204
92197
292462
894627
494781
100149
805458
616558
722984
339782
787713
804273
379926
589811
246904
388306
24129
983873
626184
66231
795038
577786
889141
989569
476238
690953
927646
739770
202412
32091
514378
21363
213767
36110
188075
991724
953389
979520
817741
334509
11799
290982
268513
145958
205135
329140
147134
370150
697413
748283
566838
866294
453935
746735
189497
646475
277618
765900
356101
738498
785483
475750
989190
335851
183977
282781
341523
679356
280201
959305
44067
581055
219219
912527
901614
14229
842859
794471
167597
853603
366163
630994
310803
934061
147740
589913
622208
240537
557298
215717
426991
555836
855499
906484
619711
72368
259273
604391
373705
769804
150156
115402
591373
116769
586629
366128
870184
273881
855817
198314
836942
198694
548952
130669
652020
610854
775542
688126
91684
702936
300598
532354
169090
952907
511468
880533
837668
957632
230712
388795
730904
877784
405824
762875
903075
339973
626790
106593
976553
682621
245670
136452
923959
293776
357056
500365
621968
679883
174508
926228
759785
593240
978251
671413
787426
310014
615797
687293
448214
437790
345236
856932
419013
392450
328288
468272
832710
432588
893112
811123
949658
953700
418362
327276
546219
475028
576895
705926
651088
895382
2456
493701
842690
108893
268140
368671
472164
550362
841569
417525
996857
186555
794884
36989
24833
687409
368754
992738
247210
919207
964132
683271
264229
841530
943351
255727
937518
622435
839411
60604
98071
707184
1995
969873
793883
860798
843299
534441
962182
788741
218382
943899
733147
216017
519064
793259
328482
269847
606291
876948
548199
98354
292294
178218
268462
720617
486580
174777
474036
158054
302053
555467
263731
834988
954308
268467
862371
841139
816779
807954
214283
579105
189291
646563
809329
40441
184674
367135
503536
263395
221422
150004
378070
389659
853455
354904
891419
728892
996680
598096
943905
913100
671251
145407
431726
59748
57692
534608
608166
1027
210680
787719
850137
505973
548899
488066
733502
362496
673495
374974
347331
431134
759086
16032
843376
83545
744131
505048
776807
150122
360015
778763
943688
274485
424572
97899
897051
235210
857810
357098
124331
35316
966271
141675
996342
323847
606147
310480
783110
800387
933687
843256
20024
193418
929990
123940
627366
634163
828457
804624
540722
963724
530546
6796
897519
413678
507472
733988
471789
828560
608189
62286
518570
680615
446287
288939
180524
74597
397400
489103
282045
158153
400465
737008
593158
741262
608852
842068
238661
377569
84478
13309
744438
259736
528571
467812
442101
694011
129595
382040
414664
536048
818176
524264
581436
164982
90975
623050
332275
439252
979803
807919
544508
690611
286396
111469
913445
488758
336000
702495
729908
87011
147220
792497
156493
222004
561314
503085
239823
940562
49332
571334
926466
424054
55989
6794
717438
133413
332986
578664
933505
493825
986053
363829
335430
923216
591107
332482
772985
537151
123409
568713
709463
527468
906198
477585
178502
337064
838710
908764
115603
450803
568302
528449
339364
656478
471716
67656
300632
781288
260539
512507
743139
657177
223113
772012
408413
874100
274557
392220
238635
811430
627096
258837
45428
660336
788899
102707
546234
20030
828438
95763
213016
319382
709406
31094
420584
630491
76804
316544
752477
736376
762187
45915
270917
216701
916046
408003
763970
382651
306757
130998
239109
994137
440089
284439
292790
721032
217023
220026
399101
877852
25704
387758
401411
900903
221662
341835
264334
8643
82553
517020
588932
524788
472009
119834
750628
234963
987099
783496
119534
36755
272425
489527
682454
530408
237312
688712
30147
37456
109806
585646
433627
3098
430785
265178
972305
499684
465950
911282
678068
126589
492201
169289
269918
669250
105451
374862
859074
623422
152662
997455
96893
986872
213828
353713
2488
503925
71965
904691
635197
92167
243547
452304
338512
377577
835300
294883
772900
994205
492248
733550
612977
388747
85811
829022
761595
489666
516191
872825
570949
266380
665527
223600
500175
247286
521693
538481
499636
291313
496817
147119
750206
994628
427208
900434
2893
635013
612063
891543
952663
935463
256960
676108
816194
518680
455490
882002
642982
567797
890874
126800
771014
366856
884574
445921
9519
935369
187315
659186
423494
875278
847842
757592
838392
309861
185140
718709
142242
195299
834703
408146
541434
806092
626770
611929
809206
825413
211746
254703
136484
749749
859045
202324
111774
545304
88180
433535
277075
556476
316849
135533
241135
361228
741624
666904
973355
558531
199591
548970
781852
510830
44242
943885
118902
934570
515117
360145
999609
351895
949366
554899
111943
95606
239687
303006
945792
230867
150724
223389
742789
638506
1108
384350
631712
171164
494600
887572
471025
874149
829192
862463
80734
390745
377332
56982
446038
106742
123926
276048
85666
219970
179614
873986
241047
986359
966061
816674
475614
729849
510289
588624
706998
769909
684267
947034
502777
601345
339838
154613
331052
163858
57710
583863
899631
333468
769395
910248
623343
611642
396082
676493
582466
5820
485090
498849
273935
431165
298573
705872
874480
382639
634908
976576
1422
670203
326872
659918
339945
919342
706336
995205
700454
197820
464155
810533
950980
162319
872230
457043
866211
100185
348265
623371
431000
468518
418962
628699
440267
677961
889211
619432
249120
294029
802195
836959
514040
551686
249084
489851
527294
987064
195441
283508
108179
528030
838178
682325
699322
125226
204979
354240
942295
801689
24398
236758
333280
493290
21653
630631
142297
671163
180079
728311
810335
865978
993040
392859
867321
706632
635133
732175
722924
300274
522821
968158
422544
865220
692169
289861
973117
675069
28894
717801
314085
431484
330060
863744
414251
690230
626892
658155
513753
220840
18729
407842
411609
433922
619449
733661
504825
618395
872062
85860
398596
307698
12558
473047
284898
736733
135672
743569
250230
490543
362088
116932
676656
292903
324170
254692
884110
781027
299568
179986
136933
464921
168865
670719
934580
964787
454814
999241
403126
952923
68900
718243
733321
746441
694653
759210
375740
862605
691764
951786
367452
445706
73158
416511
738100
460464
965202
659817
648291
775446
276461
870545
269920
456211
928978
363372
303290
983353
768193
231887
642915
222005
592602
715408
181075
179657
34411
399409
488677
292387
988159
168710
195760
579707
536872
373511
670979
462234
483678
195863
506934
767867
661228
314712
814906
342718
333287
252154
899276
434404
484901
463577
661878
529667
106513
967569
492479
904692
16106
609393
391025
38903
54484
612260
896981
89668
672805
710344
791877
390078
467679
837697
851898
942530
873041
417110
356818
460555
376855
590148
508241
197132
42243
927333
995769
433000
359181
166820
470843
762732
754757
219151
297513
143529
201631
562872
127450
671495
528017
569563
5498
656511
709521
115524
461389
476018
531823
357019
263204
973369
178253
49623
699990
298294
210273
941863
780086
983497
203672
824902
612683
75998
643872
561355
505646
400123
996791
806453
375843
55024
883322
197128
169228
489195
337211
157647
145367
692715
603625
820768
638257
704520
453504
440284
720161
878388
867653
137686
776560
260338
241662
489540
320399
61338
380276
95685
203766
397443
361236
943887
238045
908414
995728
465975
783251
142158
860017
178107
922147
377546
665001
210074
175976
82975
758526
673778
15611
581449
113230
291297
29584
778949
135445
775949
752004
491002
885481
96532
278840
918470
119127
668661
272959
247051
647114
610455
350203
405021
961146
635350
130978
473871
990343
485472
12451
735882
451693
613726
251812
79952
566286
65373
96550
305009
875823
430246
136526
275222
587389
651460
33346
195108
310992
704141
149723
773151
977847
124319
12021
650806
352395
961436
302776
192824
657374
909303
56378
606048
810618
590945
466524
51922
452773
748301
226790
478273
490047
721175
363893
809181
245136
523796
168667
263644
728336
141572
142043
160503
167982
866935
577071
123578
226077
384694
459376
334274
552917
865456
274430
477693
343554
996447
210207
737055
460424
850924
992400
98672
362712
253102
653331
135446
635895
463622
786482
718288
711919
169063
11779
130168
309217
614609
870234
230312
539550
479325
104224
51117
276137
680613
283386
541316
873178
647423
553401
275406
608324
278603
367065
801361
60310
718563
75248
579729
420382
628144
177494
94044
104262
856172
262243
769907
742047
590492
73018
918596
448226
168638
826087
686658
267925
962982
301874
310009
884208
15292
650004
734868
797712
6980
289204
872534
996780
56301
140896
652765
961938
377184
902100
203340
551895
898259
585297
746246
775048
340440
306782
284153
527470
736013
902376
836571
68249
715851
905529
639989
728778
227924
769845
852804
64718
749662
187756
517274
925262
511588
124051
569173
631183
828277
782693
742260
231282
856245
698790
507283
65576
624649
498768
854572
334433
232320
645742
444021
889005
620652
125491
915147
450308
15836
423194
212573
323795
234450
480167
326613
880729
281786
973662
590139
2842
885621
739032
636978
615081
241526
994513
863753
89931
632046
811347
218962
933929
361666
912116
789965
560573
738931
327556
576582
639904
144767
306072
803290
412269
307542
445725
771598
301950
647567
341827
264170
7313
212369
297079
130910
472305
241946
173007
157829
805585
617051
537637
598783
793881
586172
128103
641890
820512
814785
958263
913553
352454
230375
283952
587775
646832
78336
635914
120142
112468
654339
926759
486581
479056
758332
764417
425677
359318
127598
261536
872054
111272
82888
274518
188964
993432
276977
657960
995281
802783
416860
958510
501709
78991
769697
164694
636416
927966
841421
564554
486433
634849
972178
427634
796813
814429
401365
517244
381272
826130
929492
992187
684416
646727
621434
528814
757831
365158
560834
194696
159166
656658
319215
62637
557945
956288
18167
647555
437351
959363
755803
272274
164234
946516
64559
612125
836029
810264
617274
178923
176579
500110
806305
568960
658130
392854
334119
253232
376196
904775
155888
85058
835256
153987
509007
320510
557019
919770
883492
564210
15830
373174
66923
402678
161579
837778
30037
26779
658156
11339
633880
46084
210802
469205
149406
581249
145684
624469
953242
731137
693505
189723
585429
262284
322487
243507
433043
149172
89405
244395
998152
613653
755086
366411
621453
767913
587767
536419
504314
212039
257427
467382
226390
593369
549533
866195
70200
833718
74470
426480
560814
647676
919812
297805
914272
633003
10828
912793
107394
624543
583078
303772
848476
643984
954450
902755
860583
137047
677613
482447
200525
321051
72621
241467
47515
396209
612077
393968
36188
210433
739240
403625
712471
633732
79610
25731
906623
989226
521929
295944
904439
623645
901610
283549
197034
393536
380578
549238
134626
611853
774978
770458
504125
791684
928808
518703
208215
75725
688368
557784
989237
477580
665381
215386
68774
10162
588424
315966
179842
259488
30502
482910
334961
761602
266104
439040
788771
951569
373680
221313
732959
220952
16239
604450
14812
896263
29313
671858
219358
673678
373988
806286
607846
668680
985914
759348
354409
866128
55658
7910
194900
885623
897852
215264
699379
912106
790201
266183
124168
455239
134987
933884
112246
109746
857170
745283
209967
392449
643152
24100
516166
939134
544390
117828
195435
774142
635246
384270
43100
810583
993473
750288
26758
633219
50156
939223
324647
98923
831626
798579
257189
670785
471935
314721
17977
545972
78879
644628
607966
736272
194358
187059
694255
102113
785391
102055
850335
293868
133799
154173
455509
535642
947082
437040
772084
893067
116960
717403
502500
205812
922381
45727
440039
709156
837418
845828
495844
700994
106811
643795
147855
249315
46675
494603
195314
724962
893614
193374
650198
476544
738857
117028
621662
530719
386539
573537
216861
535386
925615
469465
514830
587454
481100
996800
996105
622537
383930
752568
854126
192121
862344
530023
232670
7505
94839
31457
975621
322480
425897
466600
2220
575637
499018
888005
619300
771757
776089
299977
942943
743484
915171
549391
940136
779182
32125
411050
711774
91893
225858
618488
187552
557038
800319
953604
417130
162130
916600
656133
42435
474073
802181
378922
136834
794568
176577
810651
477352
714601
395590
83601
486172
345111
940027
46750
657389
343681
290309
647918
172908
518707
420046
702937
451641
551462
601295
555814
266002
510965
767510
364325
98460
446565
560453
112437
623532
834509
206831
889212
826012
766271
615432
583586
645722
569179
497744
470324
909595
231346
693928
383804
381835
989906
238606
145803
71061
542683
165360
866526
992683
453002
406767
605610
898688
827793
170569
547561
425361
731469
960519
347272
91132
733023
593984
41021
919172
152899
949684
637296
846008
448954
855935
828349
652183
341974
220423
767209
730679
139113
978385
930147
525934
418439
260697
230902
573471
789152
690611
947887
208280
918082
719190
237939
587433
672008
612350
546858
305988
725104
155266
486933
623450
469763
586233
882707
338012
871257
295893
787597
347244
704895
489883
678367
974820
56181
763565
749536
851740
638105
505650
302411
526124
820102
204324
832447
721046
932191
421584
418358
742447
551250
409055
905955
108517
316801
173053
796643
811570
991967
258616
651936
264354
983704
929369
515812
657636
153053
114307
175596
143585
731375
272367
908
593996
661888
752826
151271
274496
984369
870642
163127
109180
552464
207599
669446
970465
819497
134744
459264
888112
933799
703935
480246
73087
252060
483707
593035
518979
658006
932140
507391
421105
733182
446764
420681
112483
4336
639173
264539
210897
945906
77533
763224
996920
189534
269629
66653
141053
350797
699491
836302
821682
105979
64077
543354
105393
275000
90173
726255
46959
410
659457
277174
588313
679251
662807
546751
505667
778866
817508
157676
546668
530976
918747
195769
485649
639220
790659
131342
407360
148693
435224
328205
848992
401906
107659
498560
564918
580707
726337
468814
750421
45638
591494
343460
448064
61382
260782
118083
909427
92823
369788
158095
798992
812921
31665
627573
232169
506781
345585
732258
671574
961224
319331
417675
41363
367412
173867
977774
259165
771331
176047
777112
203724
599942
768957
507008
412034
550592
405179
652085
966607
376839
446702
782295
927659
909221
299063
571284
400626
381476
396283
695590
546079
182164
584247
968573
248125
657988
793585
67568
496526
529750
7043
750341
591341
277846
798060
50989
250466
489162
37871
833625
807179
251534
976277
717013
76563
407791
938037
59632
359274
303963
941440
313902
648839
904665
890245
981749
785833
209768
27997
430513
65442
976704
525745
407268
129619
349171
461034
109881
954631
753285
294757
447006
488913
638663
384260
509857
629827
174537
193845
176369
259939
939757
858768
889520
811337
610634
789190
1244
770920
433296
459437
530428
728891
449438
387205
925450
100709
40865
393375
654929
158663
313836
390852
559477
297425
655917
599161
440821
361540
148374
705590
519038
512147
932957
919493
535880
91025
122939
687709
824163
672397
221745
950627
370217
371552
428757
305438
339699
172393
404452
265288
795481
501891
223359
837713
470419
284286
20008
157742
507666
272128
111688
100927
282236
926696
324873
872625
82352
308492
360566
246988
498057
905398
431095
1771
280425
600578
294855
916004
633583
508557
718396
2966
576531
218871
976189
922442
944875
17022
98469
394780
261374
789745
868394
838091
29663
477608
592197
232483
954500
599705
678718
263778
91933
255264
747818
807600
376485
154265
921534
5521
286316
336775
473232
490974
746607
705081
257540
781116
181782
663519
2708
626509
487962
665749
928618
271526
281487
382361
43378
616437
620431
65570
56169
295325
506912
406419
381530
533441
475424
486482
162640
718132
90201
473427
748991
904130
245667
380318
800424
525372
758448
3210
198379
310478
908291
866573
161279
333576
797146
253186
420534
543537
183016
78730
938112
531605
963258
303666
511373
383103
469174
791365
900842
661964
596137
446106
266038
577516
425197
766859
835989
745784
859564
185321
939253
300919
288261
348237
679953
187542
68388
12161
725903
173967
563200
808245
249766
545920
654632
341658
135182
608345
333806
739834
400913
354428
777137
466075
308784
64213
49034
597091
180740
356407
608093
433524
15250
422601
792233
632409
901120
572465
495398
422106
707631
16955
462677
620963
308763
879578
164866
769552
518162
981616
929890
139075
889973
222520
919626
539268
966414
235881
165358
34549
146525
402288
427761
287645
689312
263761
439694
953173
892355
238454
717397
129432
633971
125319
71037
806324
175335
714848
428154
129486
976375
219753
334409
747343
629976
274616
988907
981543
264025
540570
166667
192008
546333
858809
551890
319475
921887
288807
26430
327441
407378
768198
312348
173213
571053
381786
9330
30832
711064
826627
484990
340719
700689
248173
447806
579893
474193
704992
895550
812896
210898
347785
217488
812301
559477
464881
660224
101142
354688
846308
519511
547635
227856
602470
135910
937492
238262
559152
916373
5583
801818
870616
140245
284751
46560
501767
93185
204886
293433
296983
811359
686649
321374
429573
185655
627131
395841
823576
124053
340822
470217
568340
675554
777588
368848
715123
173611
539843
453197
383383
762489
407502
76594
433135
70937
348845
318111
699076
415053
125415
216472
967455
26910
778986
219559
298163
435370
42547
79427
711303
715892
734359
552101
963623
434440
253705
518712
82725
655806
915135
994799
258649
775120
721532
540363
60659
770534
760585
475224
127026
310909
695587
261961
532343
399479
955489
2283
36917
176956
292049
126533
69508
960342
879198
64847
593901
500973
534970
919718
131458
607520
489032
495269
398704
742994
315752
353375
772189
193714
61276
847283
646686
56582
822993
807794
907308
103366
745917
625568
282455
477047
600508
998542
141403
387921
117060
957287
638624
403780
851108
681701
67248
643661
106003
86452
565607
743366
218212
208667
611818
388441
214544
782201
116482
944314
545575
559804
862196
519385
685122
504923
818725
816565
266335
993117
885979
633591
377039
378622
852448
218664
471176
198821
267857
856151
260259
992353
567668
697991
79010
955829
930057
349995
271463
627595
335625
511685
233301
482018
3007
632374
692550
310339
590553
640622
809645
672862
41010
836114
928656
730482
330887
319774
913070
450800
107131
120378
743921
257294
579358
520945
358191
100760
79142
570606
604737
390279
26439
34766
501282
434448
604209
281140
732524
66977
991335
293370
260093
294095
322390
355074
341145
366475
731583
429771
931820
91958
974324
5277
945812
736008
879383
337346
990978
613612
375946
307035
948322
984188
761020
315425
168460
605045
45465
219971
214484
517802
778751
579331
631697
182824
224356
123655
741922
973602
141322
893268
821842
660067
794161
861055
972576
95560
150279
729376
906613
285604
341103
539493
416060
764814
468445
33479
626904
694838
994764
434867
599959
439673
926716
907279
255028
859737
398412
57533
504500
618316
322902
435846
976868
117814
725684
851052
478881
71511
751305
32097
467442
197515
17225
303379
543193
60880
625185
641312
981208
437150
40792
412189
512097
145340
98154
437789
148996
390166
610463
383643
231567
218567
749174
94437
514199
260708
218213
667270
493792
72923
881
382324
862740
514376
12678
963152
7009
843825
611504
916614
973521
820002
855934
589115
252019
860787
196667
565248
626112
357748
822638
372342
362079
565462
432355
809440
115489
133652
152826
39265
568352
789569
102656
647592
202046
821311
234677
976677
443924
251394
45612
194292
499771
340978
928675
877963
24463
13963
630985
10532
835843
216786
312461
375916
131518
302346
43339
824918
643903
689723
552234
837834
229295
383760
831618
595810
735507
515455
276429
474727
753363
288103
244994
709221
675268
524030
118545
78602
692240
522
238774
20319
572469
75950
172464
370954
725967
305665
60879
156642
165417
515449
184136
970182
41343
160696
745013
250591
980953
462103
778398
640841
860632
600250
6007
521199
117870
737268
559020
845946
977869
998967
660713
465511
374137
994957
146149
730500
152835
657342
362753
639683
713810
910745
31819
947935
852178
178493
941552
493424
888817
941450
913027
382113
15339
232676
977793
102653
366357
597218
869281
700273
186809
195548
446526
673638
44164
899620
40076
243579
943277
122000
810607
835424
529826
916447
525458
214862
748755
721381
341669
590920
761870
239196
485008
823658
637918
470437
964830
700334
471316
301423
418405
815782
905750
264286
902581
364787
992419
391469
550863
206427
344261
874370
240390
113487
34096
563129
726729
814151
233476
580905
606641
326896
916593
781355
950214
499177
4410
163013
317075
316863
837378
591940
536445
658777
807509
548132
853324
272009
442626
593753
358983
332451
455433
224921
652795
945529
367159
314873
774989
335620
903993
896777
282311
142693
964990
584595
622725
783711
878169
273665
103916
844081
251499
769649
321019
486094
302822
118715
171861
970108
868201
624230
418612
517098
963131
885450
583472
421356
138394
563641
545905
858413
993546
392972
565172
772392
1869
256138
933080
702365
234894
510435
688529
164906
515080
136007
325434
457688
282639
710847
928760
603296
911926
854725
513135
389662
258495
843642
102342
37028
156576
365804
522252
72983
307830
919245
42068
475312
455167
316156
746190
492488
891696
532846
585284
846233
723292
542428
364070
431381
496238
961355
729627
968559
727658
38416
424526
706846
543667
371758
923856
675200
631998
636923
642575
330104
784621
986659
115223
357109
522884
631982
959432
813387
361660
145465
294926
300568
601208
198972
221119
781823
555945
801209
155652
255944
579794
4130
602379
423350
418400
687138
382746
622502
245458
445700
330922
301941
498346
474387
247659
15102
782835
73870
709035
162676
269306
625405
97435
218799
180
423379
596719
621411
211363
830577
12582
549657
359085
177126
961999
951740
689943
90015
857764
367119
144739
921324
73288
602334
11529
662652
955663
301692
300203
78538
459505
365761
394524
402157
730457
270272
309965
215485
535453
355509
995583
639417
444063
949035
551272
703781
502528
779603
803186
306067
266839
104692
170438
291513
754093
402654
415618
689882
913726
939359
644159
809293
564343
266400
70457
820301
730412
411747
686041
175438
640072
461253
267909
563221
946740
763405
321655
349896
152231
146779
987202
94353
746247
112446
414787
950024
935917
951752
91117
968757
87661
302489
682451
191614
177972
980915
917140
988265
840360
78350
306367
752528
888840
288664
42887
909299
548638
89225
935563
888578
855383
2621
356073
521978
182870
335564
210540
427334
514508
433785
596773
653603
32814
23097
413551
691364
830387
22198
444329
185273
169175
606742
954861
86437
266275
990904
798429
784384
193794
705666
423173
267681
490423
48564
500635
978781
516474
147848
224947
830568
515916
197517
481713
374095
208719
693590
988192
945365
865564
19782
887577
260768
685571
764966
159897
173394
568092
111455
821440
46184
38736
502490
495843
767734
396123
961735
212124
267486
378250
121372
983498
402553
723244
55440
299537
331359
605355
643080
246656
168166
610844
631877
896167
971950
556877
864200
733340
356835
453339
421496
524124
419321
695075
859901
812405
993828
659452
825896
977492
558118
819823
97366
777160
954485
845102
860046
281211
841411
432047
391818
564463
447171
462386
119661
847458
937873
27068
943235
209175
254441
881707
696008
59100
203489
226988
392947
351250
302381
750741
389591
560181
308973
954605
345291
227875
791061
872121
300027
282913
814696
245498
567922
498375
780445
71204
918891
384307
138425
355676
343890
160101
55557
860795
406910
385890
237403
981921
571679
899708
783390
194810
486366
505122
333622
601804
152556
818961
26830
885643
677883
624018
30545
35134
920839
481276
594230
884804
353295
714090
41913
870142
413486
674080
867300
44035
969824
968007
84928
918019
777138
126579
258357
112691
379437
539079
547673
757051
994729
382173
208815
136382
130498
510556
594977
337566
853049
351772
648216
644986
347576
885608
976983
558592
995033
687603
770649
659947
802417
551146
760842
310758
257661
377794
150264
315704
554354
917499
954147
826619
878293
579347
106859
912244
56991
886409
873771
927695
613015
221774
304321
717503
561768
609225
221668
733831
946952
263379
827198
694809
962238
409828
187057
834092
843671
795366
560286
211357
324992
183855
479663
717732
944384
550475
691453
557206
359915
752516
999900
854971
345743
238964
813720
555540
784378
828955
722927
872795
669436
287409
108665
104153
994956
232823
161042
945500
596134
462480
249148
418574
168777
13084
559465
51014
836345
668696
376946
589827
77168
575528
623759
110322
766431
352061
296084
812358
690590
174911
75790
882688
361428
121478
474131
169149
781964
477750
338142
945300
453700
329548
628354
658218
624080
588671
517760
149622
328475
248167
669925
930153
837155
184829
153814
695010
340462
964695
668749
119506
755776
399182
781460
223932
653272
221561
478270
118985
645800
649551
135044
746344
207761
676794
927531
924657
922171
145678
723884
319845
327047
344573
648840
232082
687792
142205
515115
486703
748526
834440
29690
954540
256221
129340
794451
823158
938701
824581
876088
388978
716494
110029
165496
990009
368719
655593
50212
982196
639862
483655
449863
395193
573012
247185
979353
983572
402252
253257
306710
23762
150604
512468
143609
377050
518574
261382
749228
634608
564463
364268
873293
402251
315872
23045
595047
589071
661242
122071
280690
213805
396304
717118
590940
313243
20930
163210
886611
577424
111064
214904
47557
270978
215035
621339
502318
739862
328697
739660
440146
482243
84271
454297
233104
787645
97660
193034
229706
152202
703309
664695
575291
409507
333971
709999
261227
256600
997528
324872
767868
896678
822045
421656
26364
590954
59586
106682
712615
178829
191833
35887
425655
424371
184166
988920
177072
873874
109077
632909
594260
861097
739302
594169
56844
368769
275552
173546
658369
653049
392316
193051
704666
417428
759228
825802
32294
129229
380860
129021
729139
224402
378416
551917
5833
251723
336303
503198
872653
301982
951939
506242
560517
277631
306360
980013
466064
492718
236203
743644
168125
700547
493535
490559
736684
238862
222465
510718
909538
680972
168227
459919
558412
81925
776384
17983
213388
327877
296444
150224
51484
906191
943949
175832
486972
394283
64306
712078
830127
815422
569344
477713
55284
181135
450897
270895
434403
418968
146081
364594
420373
348673
282807
131853
699942
913311
5491
29756
106376
440002
918649
980322
433333
659724
176182
355411
793227
146097
851593
963873
211214
13986
713600
681388
615136
880138
745057
25160
787899
725175
660936
998838
956217
639643
864227
414679
228971
874401
913566
554179
359597
749441
726542
587779
848011
38291
436370
213145
51508
78763
949662
106687
72480
15405
348109
421165
596447
178651
117536
855697
838207
750038
203422
573177
986004
489021
916434
255868
604556
474951
660010
641229
533606
782229
391104
81682
351708
708465
891655
742730
576620
558972
823294
214319
514071
539185
307025
502705
91759
475710
323697
460640
880118
110825
711961
182892
785830
97332
773434
242478
119972
263477
158860
245076
317239
210929
301029
735422
66081
818566
153471
327109
856231
305129
589045
844033
342283
623924
526478
293438
261313
713613
583842
344593
74630
586556
902651
992635
240446
301594
819076
930526
659999
320652
523007
540287
929797
459984
156813
783160
119277
61092
321860
627122
830222
760667
35201
472145
239405
105292
424702
244805
712941
679673
299313
895438
448112
421609
336850
560412
92060
228385
738676
412213
461379
336790
812512
655526
694693
984699
57815
813304
500076
192164
990856
577679
307870
66411
492958
246915
652033
172217
202265
335545
702507
678814
659777
499393
374960
932910
284439
212749
919103
364209
127023
329852
432031
235963
766984
993171
148137
387225
932928
940509
526252
390473
504816
204091
424277
119206
867451
855564
948442
32097
380068
964395
542394
418191
315423
247374
368017
617446
28333
132913
785936
72145
969334
827784
769527
424671
518211
518255
827510
176696
857879
61424
544523
367776
937158
506146
30170
765431
10096
501052
81459
782507
57857
115432
424611
63962
940322
158861
675224
772012
659453
759330
384886
141367
533766
30988
304175
685282
517838
855282
746661
754108
558693
202799
418872
583768
844922
757366
287443
255828
481487
527721
978148
314460
967322
225575
6284
969590
532233
912582
336919
445668
291224
136778
596252
727908
446304
255701
732842
168517
27134
381529
926891
529850
567593
97440
684067
571747
604587
15348
989132
891869
986299
920742
609892
733071
683963
466549
618570
254896
310681
744112
192613
931798
402763
158533
682757
465822
55977
315261
514305
356742
408397
405758
527485
951797
860227
258637
47610
492676
763624
951488
666910
476057
203848
863600
734184
58764
496372
953031
481025
187531
483070
979936
949235
175577
944365
444366
913608
308614
886742
433231
37588
250524
400595
965318
894877
305725
755127
653275
456660
137447
773253
824388
208186
542508
599799
979447
532998
423402
573547
195448
721796
346019
949803
736966
264012
659107
758051
778348
645141
73470
695145
580369
428920
932169
944579
107902
479656
94335
121591
716605
680693
315182
128869
658579
322675
545385
228005
986067
538934
889057
347504
678073
159853
261674
790815
261908
468492
882244
454449
585341
886363
789282
538824
449864
709896
103073
328065
332686
561290
161149
726415
781833
296472
700512
688534
88413
568763
621386
434193
874136
712970
697364
316904
511112
714503
311863
551114
887097
245604
422805
668276
855394
884765
783000
310014
816227
812332
989798
336130
748759
821122
34040
51151
205434
7215
35195
113262
189913
873943
61439
533722
501617
594101
28206
842206
472579
50645
898841
387107
748576
643090
943956
404680
226647
32130
531086
650944
318579
391401
493820
19209
557076
170518
36186
217582
233256
510616
704773
186375
772928
361327
569451
750666
270829
807720
405084
795413
96036
695083
953180
541812
868678
550630
65602
953388
166490
877869
581095
649784
232430
468495
934401
729071
755591
62715
273291
944609
6101
547580
799448
502790
424090
290835
642378
3389
286975
61243
142873
263008
675312
541546
450325
83580
235169
972052
137628
410961
580480
316317
725550
525197
283887
64986
735143
850451
183122
460277
338416
178335
744883
161734
660144
360954
270523
573363
122135
416906
42473
596797
837916
705478
75142
748489
114845
400955
237710
717004
445670
141504
789787
513096
247480
72514
543508
244105
90372
583187
464511
740421
177639
95309
211191
207070
366828
991899
761348
337657
743987
284041
414973
85257
118671
694843
280691
508253
505356
157551
869412
632898
968255
525760
637471
564945
350686
994855
693454
28612
336230
914973
625474
841891
243766
415343
266988
880947
75225
648561
420141
889355
618175
594731
788795
216149
810349
576221
992445
179062
87755
140828
493137
654061
521375
947477
804534
588496
266358
795788
69372
168364
313759
654211
983928
732978
899442
41614
395247
97164
876272
781581
32754
439950
314204
405581
726812
920370
221452
991966
198391
764385
861808
792594
615954
208321
989023
192225
134669
980683
356128
695092
311213
686710
880133
286188
255296
886480
353461
44440
142834
274590
775401
180141
237703
711096
68320
715350
435109
534732
391458
5259
177609
873756
133597
955588
896558
202312
67844
842233
99311
973287
245047
326974
952840
185057
85384
977541
816015
59743
892053
275960
377868
742030
293894
617354
677378
684511
702635
708092
779977
686144
830567
342241
268395
311500
686962
428466
134905
807684
510731
938271
612887
455246
161732
85766
76506
938299
194746
80428
420589
159109
887841
867678
531914
551479
748493
352686
174144
930910
105978
960507
239617
330763
313880
868425
548102
678529
881244
274491
426093
941433
518798
63069
4613
317942
33312
396262
83769
690653
698994
38433
486191
889777
192961
659103
592600
275023
544612
658342
88799
536924
640413
336276
767155
28596
286554
551101
687489
82181
199719
810177
756729
88525
911775
428739
441867
434552
244622
556202
399177
39507
250077
203832
1239
199501
650457
598971
42526
263635
210390
144195
722450
18353
665725
840545
73328
971549
660055
703262
930575
412712
74502
122011
415688
475105
729434
457322
667723
419876
226510
378303
163067
496753
784247
73180
956245
38294
767584
63960
963205
199998
604996
278070
929099
169457
690436
251916
908885
185837
161589
150743
815566
292982
196745
397513
27429
744267
517586
955550
318252
918966
43531
475934
980305
461345
666466
125698
901813
971741
999083
760098
391967
847569
254737
234163
183884
401086
515187
102645
606081
940814
472423
285829
387252
596010
168272
152220
441860
802797
85243
186344
865048
809385
46902
401762
380646
577757
100137
269709
774981
882777
312737
759869
113105
354274
531491
585364
916277
128988
908645
160472
249651
533678
719660
640599
30284
557432
131851
559408
499472
742290
228756
902408
798262
387597
931073
536933
4333
893024
232916
464279
439553
445149
563079
766515
915903
877302
891884
737672
637170
100124
257388
464771
783288
211969
202651
317348
965173
468754
5839
221528
569771
515934
88397
643276
407599
874899
634934
211460
689599
310565
785570
405800
593328
224546
251319
332040
889254
883351
811108
138654
160052
443748
826512
310967
972645
77164
637219
96125
281805
784880
606594
852333
342535
741408
675947
539229
544800
772660
929491
152015
617909
780202
213981
423475
725110
750316
300878
227749
272391
832544
391777
568117
11996
7337
969141
519267
532331
310279
773494
57501
257852
447310
746618
311470
567171
204390
424144
349122
970670
179607
493844
299812
657459
115334
15342
84312
301455
910020
888692
902766
758959
828006
536754
230325
900160
725891
486221
589712
566507
51233
382153
899586
620040
997983
319001
708722
385492
231508
966327
554410
111308
109380
105255
298779
43316
717256
320044
301074
398229
147206
94515
7471
549131
572514
583302
968671
751027
484133
975969
212612
619352
463280
111650
602084
88524
801369
777547
452679
650334
172952
161914
188010
253360
899726
750241
236242
566156
728018
585000
268949
210008
720562
629058
78363
770629
207393
885253
408701
736718
515317
576376
352951
673259
573516
485111
325370
226898
678439
882207
511207
532623
705109
594318
430979
990109
876501
985016
382133
586311
308133
33957
557085
396147
509172
937294
518098
288306
796130
999269
588597
84317
885266
568114
619097
515449
21701
255353
870394
948608
839785
619171
48849
230228
125284
384048
556356
721230
42852
297697
411168
879607
975361
165674
172776
264505
206096
144898
676349
104178
43978
300315
820686
999179
199031
94329
531554
213002
248763
271617
658882
619130
587216
745346
946440
751934
445601
8635
874879
651851
575822
630737
914463
517655
291822
379208
549761
797444
390030
343881
65897
230012
574266
310095
794229
439648
556204
214057
279342
607571
263829
884210
237838
595460
979632
446668
399219
796869
316870
748039
418468
367058
115798
604154
196019
729843
508902
245463
798847
366274
876427
105776
865985
987681
944751
85877
125771
168606
40970
479832
105731
865272
600742
355882
556119
768596
671210
676034
371091
638664
391589
845018
545575
14170
79056
929153
799872
829227
922856
937868
387345
793588
739573
878592
548835
203078
236008
319229
67797
315221
245899
109166
604906
729579
40229
136171
836191
52509
970307
775447
83501
904664
246698
764124
675634
825353
806081
595622
345994
887747
515238
496703
891760
988323
384398
103415
81538
809181
994895
641390
180280
580646
48781
725811
410654
840292
121463
862884
978734
175381
380794
197036
825811
16166
176605
131842
138814
263882
649293
721036
909311
475767
114536
757904
589254
486536
84939
555598
812163
111066
909306
776559
628794
758127
688343
307561
55436
328578
72977
219681
179670
813840
273828
747007
759856
609148
435429
238822
78249
171853
852645
50268
993827
45611
455026
187136
511764
100532
78509
556108
383017
358090
371804
444946
965792
594067
660432
659102
782183
648202
128332
260856
416927
809627
191552
917710
860189
315938
152372
17065
438871
899155
53650
923549
634294
50946
481925
4956
497967
816405
101619
301463
513981
914583
563784
216743
962841
861155
33222
68644
922714
260637
479564
973129
210114
231196
665546
133013
517052
857055
226755
117800
626827
97456
473262
323425
689015
635329
689077
710747
472815
881239
390796
540912
63244
393418
493847
358834
243115
846903
53247
723816
330380
905429
87469
964036
579742
300051
503669
529674
792429
631821
267633
163849
371529
53347
688951
867764
992945
535524
904170
570774
520825
554914
677947
754961
531922
145502
434805
614049
602298
469479
386499
896959
280188
519621
705674
942935
871974
353253
288024
966895
706892
875158
434019
584263
302085
353710
621111
375923
939415
772752
351691
580631
759480
401587
314698
636055
803869
733234
759985
22900
765633
89862
997709
94485
140517
231934
388839
426990
630812
803650
590476
351099
780633
17477
46909
483362
705051
996629
737724
349021
61101
961255
538682
101345
244992
173099
801628
724122
49613
501212
146164
765122
104453
863559
65217
251085
600074
682829
868547
607601
510973
861535
210581
430104
343796
51870
360366
574186
451635
958879
420538
14631
671151
240258
339912
316068
662966
765839
546773
323277
48508
239084
919672
648558
177957
46405
451529
170597
947598
408030
247333
355600
22164
347166
490050
108555
223931
360840
582028
797993
817108
413844
511220
586171
645029
163579
666153
69711
820535
879956
687927
331372
976173
350337
456211
877688
50258
707772
394027
756263
839878
682004
133067
105792
735940
957996
535661
909137
900666
236220
731190
803994
660524
409396
886878
683767
908220
165603
384917
538554
927848
126616
54698
536167
762567
243594
336531
452466
487397
667970
835750
877075
637039
165289
457491
893270
163933
390038
939265
843797
332477
512548
101161
862209
564147
662824
406280
508716
590511
312538
233530
968910
378729
800898
972509
381187
936537
166723
864382
779536
779121
989945
156559
278975
466931
915863
727903
125370
261767
952207
33074
745339
418099
346596
425141
304632
65100
643435
320615
593507
917300
918937
250297
766243
569160
540365
487882
927566
862126
592731
653550
849685
158429
840943
142868
919195
557487
67602
46466
583820
393531
468393
399011
490542
196333
459911
301012
837467
329948
318433
11758
462751
805892
200682
957447
251716
289266
660420
111985
116936
953553
187821
740551
528035
891143
43773
360876
126927
484062
863353
930240
846147
459552
347776
672095
347991
704799
936516
837114
25841
975179
580296
334899
597391
247451
787887
77706
951751
856538
355827
292680
437833
49612
671299
865271
967272
509909
890793
838314
667053
554482
856724
313730
85204
129781
377127
437161
13092
26549
177472
602460
630493
427665
885562
141523
632780
530235
664138
800911
103821
974801
664861
527359
454347
129551
651440
810706
326173
695789
581486
953972
424069
535213
558637
357104
147089
962841
395825
538445
374279
15905
736395
473669
706410
2378
908859
737708
632056
565945
314547
109801
783225
813012
496998
536437
193493
114060
747412
160011
132531
822104
178153
355487
758756
821096
770145
69503
790782
243859
293325
764583
866588
641702
722668
306824
833968
936027
708606
211066
579597
849780
109394
695744
710936
121117
690461
555116
312491
929908
735820
618896
550455
528807
559406
366323
367605
788788
116785
913060
216928
753317
768832
725250
271441
192490
2253
833987
997018
40695
210682
757362
655383
210870
926922
487261
599713
695234
799031
759079
976372
888084
860364
282592
557904
224320
363703
996247
482464
207558
841827
665481
853355
952745
845855
896556
597225
443263
476956
637582
311338
529096
3360
346655
764486
144422
276998
803395
329678
90441
843482
609627
52251
594369
927621
334824
1361
135408
939170
799637
454758
461924
102122
725273
674162
16485
895857
74503
438073
175847
691358
113838
979363
191706
240701
686488
820450
46997
295237
37865
426338
31652
281766
697649
446012
536136
5089
370242
303439
675608
445294
553604
632240
7334
637362
838550
583786
350184
293032
399561
947405
782290
391970
187091
216894
10071
554513
908839
748929
505478
12233
349527
276344
819046
824978
26294
507021
202291
408488
155288
930902
737831
89535
312087
615570
772907
342189
41476
70823
608116
213744
318221
627933
186920
28276
816765
592249
412250
956851
571630
795096
33083
345597
791625
138207
286882
465064
693406
392950
760475
971733
117116
989869
295900
410585
723440
148784
232177
910610
848174
793543
311973
511274
402330
365355
99743
448166
147675
901882
275421
184643
48908
806784
193032
18190
408943
920572
379962
500297
198694
226748
80450
2856
318148
559547
745347
244488
510100
631264
946804
281169
139886
88024
207318
505052
280299
564486
13001
452590
943381
458036
445364
589650
481649
526354
157857
132567
872698
197085
692632
141791
431361
693296
877972
528598
905458
429855
49480
798339
119324
325794
27628
568107
581730
74407
217944
744404
844928
695193
465914
802380
837710
884476
555605
758029
796168
844490
371855
345654
945394
343337
667159
944301
595491
914575
352357
548497
937184
366559
337734
866002
835860
323411
404308
153635
767184
639493
911878
42621
465607
379102
526135
807664
330343
295216
54695
931316
652481
955825
119642
815817
354059
987644
349494
530764
151003
569200
666710
836167
174599
492805
778337
406720
249279
614754
287287
657660
343728
750896
152752
668201
434264
745722
80325
674560
427116
480445
339912
134934
338265
785444
660674
30779
769023
992501
355998
828459
262014
670911
494349
966607
787719
612470
644573
56432
38001
559382
479930
277204
990966
369477
353127
459585
440717
774601
287407
502929
497695
474680
160921
301972
247013
539872
711737
248391
138286
260994
926144
757259
307960
342547
575025
51399
321831
343677
478031
638572
903802
813986
68577
961937
856343
746221
557574
428852
665071
299119
55887
129630
761399
627687
127778
509883
964822
677702
799288
237133
492868
323644
924167
292095
169073
797652
991664
171229
716819
608472
98378
51355
536592
549528
710877
63914
613022
175876
423949
113025
248143
346725
238229
343731
926951
826420
234740
225687
962405
86386
210226
603512
384284
687451
12323
294823
903144
602814
104351
776057
357329
347553
842519
525354
791898
146633
841501
23646
914108
981368
911071
299731
770499
278902
582424
973246
561549
728234
12919
585298
722570
699324
226676
709927
828698
763336
553804
67189
987248
412831
210273
295130
723466
70569
547534
412599
931807
616174
265993
178497
59437
305027
543866
639171
521613
579325
311707
868786
986538
791231
69711
965612
569520
597193
260217
698468
1912
860507
987850
839993
481613
718722
857191
500256
840068
273207
812279
877216
459017
776656
895927
837907
367272
140789
408387
314813
255705
424885
448085
838352
986501
892887
573241
284892
831098
686429
263343
77814
955921
409573
13173
486669
930246
765633
898004
891973
67356
337283
604847
527739
785244
647448
403808
328687
91857
985539
829400
875775
466498
296403
263250
507946
70855
230840
640172
514504
42301
683333
791094
85521
770752
870118
322943
593746
472287
989603
669220
25591
959124
831499
520151
791963
996680
132852
325106
335305
526492
884797
115615
518454
556440
401281
536313
905497
848814
93344
996552
473123
986179
652374
236301
608542
338445
264276
274657
563313
199679
708562
150136
584885
511744
684462
872499
256078
589868
832849
872664
449689
959495
987224
383141
23285
835668
380315
52335
180475
481073
555610
368296
243205
204852
737478
438393
881866
443702
210884
808540
160677
868919
875358
656951
361272
633388
434584
110182
220969
575262
425315
274445
231300
294763
665928
94774
498876
635868
788061
583808
312728
220272
505595
263037
259523
773001
934474
792934
521936
493085
173462
149002
272765
55592
82902
271469
27816
731186
525922
600817
337123
718107
963774
471748
171331
754706
793913
480806
315971
84014
223537
79858
969637
831503
802577
629624
630621
279127
697121
757176
991382
135735
593208
645244
101900
989486
64866
150019
666607
141945
657601
467834
748174
642662
108778
26546
944903
499671
551158
83170
649556
241324
34852
712398
960975
738865
562592
729733
563363
65146
943556
786763
929351
432207
220298
475310
931099
419690
736622
857023
18900
679971
239843
500026
412980
834287
582823
805364
701330
5044
210210
478880
836701
42246
845716
307186
634999
803838
921094
944053
812983
242066
221623
21425
798677
402336
953203
335119
137606
676966
978698
495058
24992
398847
522167
229555
773893
828481
790438
248389
734673
54735
529351
564611
650964
317349
699932
712435
494539
80871
595685
966308
846368
186858
312879
357057
523206
480955
8479
890118
687437
722541
195385
144828
481001
438614
210205
542912
23533
702126
483221
571814
424834
457335
425149
765548
208806
378058
947205
987173
3507
947783
891546
707381
736902
882612
172072
393175
472192
581470
988851
272655
643698
885640
127376
471025
457642
536144
468203
864568
802264
797279
916163
321743
82241
87427
314037
162093
298438
339096
996049
305291
559227
38310
879832
432065
426033
105850
722723
220889
286585
787483
911786
494880
455146
372953
803726
185435
255817
866280
693605
903690
405158
518678
31439
921275
413008
464789
550022
107242
151761
17039
183913
128377
464863
622656
342730
320905
440740
648309
460827
507976
140076
333012
181194
218680
848166
81043
162718
782391
665914
819004
418528
541451
968237
157094
66104
263529
830389
955146
491449
225941
5352
56804
263660
550050
407697
261914
314195
957435
362449
574768
916672
965815
360934
785577
418829
723085
761132
830365
793834
604886
84089
11121
704070
392465
482572
219018
133854
434313
264710
45035
127831
360237
23431
255406
138200
382103
857427
580341
755854
732340
798893
605352
276306
678377
236099
865639
37372
873825
472268
860720
382409
153169
835886
251069
681868
502325
144286
358739
987156
131669
770641
287750
720238
975429
216615
346927
905157
418914
473921
6401
297656
719415
654834
413550
211752
103140
907566
968557
854344
777433
464911
726150
190657
957873
496504
407480
149138
718534
269849
206208
482732
697121
21139
14079
765723
126305
196915
425259
866612
12092
22259
461966
532132
522792
776651
621607
237948
100386
707553
181012
720868
613283
637844
658188
364253
25900
785065
540367
628434
784982
590388
69100
819162
413173
244638
326511
232488
913666
386447
185802
73133
318360
337393
898445
406272
330653
495058
531347
254013
33035
906843
984903
285078
824947
851551
634401
444952
60755
718157
74870
110902
544974
544637
285064
960826
622790
666251
598193
820290
838652
261070
281377
800169
577864
351253
777364
485078
490773
187957
830644
485698
131276
515702
733898
622327
942983
868634
331883
304851
366336
984137
83549
847690
641493
402923
552451
226663
40345
71494
752212
234364
829285
884523
907120
292031
545734
137979
452580
22674
876138
297680
398697
216152
655443
102202
615362
951086
372161
267622
86890
6176
21415
944276
428238
578513
481202
82813
822679
31422
414412
107849
281160
591491
462096
61871
237990
568141
91360
652541
113043
147576
319154
488433
12676
963880
220203
836489
787523
723365
234617
517735
110729
394275
949081
451435
622470
764610
60026
554298
62244
764654
612122
969873
540129
640514
68374
603104
224315
406162
929043
196754
572011
374201
440325
520097
250155
34855
133698
475805
402632
862150
922367
976625
48711
855549
990979
171981
207812
155013
408767
393312
45051
225430
584782
675995
483555
84558
666707
443719
542678
280356
398178
595403
737757
797065
25021
923564
541029
963853
113876
351194
436008
855848
791126
591963
142460
692256
935811
851131
888505
130113
414905
947408
5974
547397
789745
336003
880896
338731
174738
751001
916193
678660
914098
729480
471291
252995
798035
170196
444948
721860
564046
298481
319839
222436
159469
214608
746537
148401
1392
426816
579553
260948
864686
893866
221277
689140
332899
743862
587486
403610
246870
600210
847487
500798
366603
167451
581614
47853
226121
683519
41386
121172
173700
57349
46198
441867
468604
738027
586637
768869
44675
873470
90482
199214
485525
985625
799180
763209
628009
157213
104710
840722
887543
498959
917451
66546
324957
132041
616018
433893
492327
530507
942024
947493
508749
215712
959966
474104
199342
225889
345537
558401
781346
909318
783611
567751
732184
510071
859612
750130
702546
147613
636085
905615
458925
577634
467088
686310
406161
818961
620212
635038
406664
641205
147494
729622
106529
52236
924473
382210
24738
962937
105467
257936
445305
542255
262926
175427
405849
323274
117447
717080
130907
643094
800658
414316
759109
938077
104252
775047
667791
267924
609311
465446
713363
878035
474449
22464
269987
581466
663679
231960
371357
63820
218953
912861
408629
816283
763270
185293
475793
836947
299864
146427
831869
476161
881644
725774
433250
533806
374688
850781
612699
616878
57974
431952
691323
925163
782288
36294
397442
488399
174616
660782
28818
836059
637246
541157
268993
885518
463890
426277
386355
317128
174884
973813
508369
667181
459593
425778
624148
878190
251885
683081
214639
637935
814345
728538
702192
738293
772207
492983
123289
419307
224039
909283
575532
497248
857202
215821
892115
521603
831910
34422
43397
723319
820880
126984
899092
111724
56749
946357
416281
772557
536610
414229
232750
239576
516686
843491
885956
968584
866943
508354
939838
580076
484110
243053
410567
589250
665788
400598
416760
845579
41944
377113
719922
648779
280984
203466
49085
90672
20621
40355
931362
415645
252076
163528
447899
993481
950577
798384
467517
693373
78609
803319
551936
262747
88198
879264
95087
995637
851477
289854
289421
984649
678670
320396
508924
11723
222326
367214
517820
997515
68993
635151
347212
695473
522836
238347
228394
145920
660188
885511
51811
413392
484810
4107
714996
294246
429946
195732
874587
603772
632193
756123
958493
497498
284122
185899
938790
57964
606823
313534
745179
805964
902162
419513
551197
252251
862181
20724
541697
496062
599199
684822
445099
190329
145638
537189
553503
420739
977449
703948
787186
860605
747499
307049
643309
904771
347909
706952
169615
37166
224551
791243
6322
494627
673481
945461
811878
323631
268911
591214
91850
956147
335727
271160
292051
471954
450876
752496
264102
691099
339733
838704
907555
519797
334835
318921
785518
535085
625834
349960
337538
176430
817789
554970
595076
48380
8618
36575
68728
64573
752640
672611
446528
406987
405508
494115
145827
343399
157318
253636
797753
358305
829017
193378
560003
678758
295128
101735
932701
516901
623963
476827
796642
301923
3282
102289
450320
703358
870949
569540
338233
809477
726551
235523
657675
791564
152218
291946
774904
112590
112526
134916
727914
221058
990969
682429
957982
243961
800242
603871
534517
256523
674825
365223
728109
889722
8401
500362
102366
600252
597059
189277
6534
131506
908906
413180
489663
855386
257767
240923
393821
621693
850777
872097
927193
934411
116235
993791
777961
762957
578227
75010
585503
871462
779452
885637
222844
557283
531045
67431
319352
476665
94512
210700
105079
442107
136471
724127
614900
667551
105830
779992
570104
476523
588297
510792
903897
935690
626377
631184
985588
747541
30992
664517
704146
640486
26480
913543
729378
356486
385850
427690
611308
379750
309538
765197
159105
868420
723513
357502
904621
142347
183582
494107
920703
984329
140182
203681
735662
452001
959446
271387
147371
922679
435090
550917
337457
578745
388478
8261
753140
652780
661189
306352
968687
513416
185479
531067
543261
592225
449126
823540
918857
298934
10619
256161
989171
795809
479734
718719
625540
225615
360052
836
852527
665936
561988
157178
662811
956997
648905
604407
363982
849652
75991
805622
807707
557798
289716
438351
848931
496798
608643
802989
353704
640451
594247
205717
645493
609355
706684
404666
822338
61297
159755
381269
944145
227601
410841
838585
860451
104999
220479
360623
29029
695492
573344
897392
324666
335317
984462
606439
104453
373649
47302
202881
45017
325718
216873
635902
579191
716340
505563
370605
350076
152532
88793
139557
233737
812614
184147
653274
745667
728031
779947
488254
777014
457320
969041
211150
884238
168339
497805
153913
414936
991789
915769
820892
611225
626130
294398
214404
564464
337659
992150
350786
849470
477673
281279
421997
952955
934154
981463
720810
231167
81405
895593
359957
883203
132962
39753
279354
669689
958893
305281
705264
674613
7852
913559
328861
498779
438702
414413
602502
921532
499727
974115
69772
62236
515547
922848
130259
82768
519200
337286
246068
762574
144192
777037
287923
725822
99622
39112
283984
132966
866933
936217
307171
81461
470222
78545
519808
835646
178290
641266
441784
351656
852981
165710
80527
884171
922820
988538
871114
49971
855830
554113
198542
261303
484314
832387
616156
346073
99950
714629
556846
539523
840044
541523
936554
858000
278328
470404
288739
845600
270730
363427
153450
174783
430714
455477
784469
498356
712089
478383
900320
808331
355741
564679
572219
888444
766536
514186
898174
224715
871755
129495
465518
868363
906858
56172
444056
117609
902833
63658
776971
423734
221648
532616
929668
19874
242464
515586
908420
393759
615109
773645
667376
829957
109333
684968
65741
473496
968341
216148
336928
847115
844371
341669
704476
356292
604138
916012
685210
975598
89387
898131
412395
998235
607076
868909
867563
704358
714688
293819
252807
952958
984927
876627
643037
240747
501317
489162
781379
70055
602701
953309
709989
572768
617133
245200
178838
292399
543356
980657
283101
615614
570289
420683
125503
499845
231965
98550
808723
75022
405270
592708
673785
512004
497848
359153
340697
566114
495175
72676
813700
943992
281600
293711
421444
71778
202583
169504
351189
95474
885110
178604
785723
416754
373615
738051
132394
272348
419970
435927
771723
928758
43801
295822
745341
794720
679910
157817
64649
178321
635640
456153
298656
234102
177285
903028
384882
50752
205387
597273
824556
604230
742001
66025
980753
732564
534075
468898
89205
723074
367768
826925
838637
322899
396863
484486
455675
260761
411971
201513
235378
594
73195
963632
180560
440928
363943
13069
245437
8938
572735
288352
613906
13937
570066
374514
84919
62938
666860
39251
384579
669382
878159
906842
525614
409386
84514
836771
9218
29265
702512
777690
400511
62800
287996
838440
447179
882367
72392
785974
391984
820749
314700
561485
800189
264885
174854
643231
756317
439542
500403
5336
81888
476826
969679
651188
734210
13883
260094
621360
581753
652532
899936
158107
930807
431074
731158
964333
727670
884190
277361
410821
989762
349846
243481
124080
89406
35189
977381
297463
152845
940284
521613
958614
468243
812520
848206
350825
396659
143626
502181
595534
43737
646505
207837
424573
832996
691647
478361
746682
230931
783062
368907
502298
285095
791641
556221
25476
51446
680405
224970
235634
354965
270520
928215
91301
623278
192392
504254
992009
190823
415390
557853
927766
929010
162899
566309
204059
164774
557813
997119
349532
498858
643915
319555
422046
503376
811598
263691
431559
30373
572349
889522
321073
428874
704041
752893
654734
971256
397001
632588
276032
691617
614104
943241
943152
516554
132643
319900
799117
921385
542992
68994
525560
214608
961685
341264
605875
782112
830518
903902
514477
451787
249853
286127
694490
353211
923177
656547
841230
158007
198363
547431
316889
588443
516881
707856
571603
603898
193814
96955
230012
688799
758831
21747
730318
390309
839209
417063
932930
116630
308261
9857
859595
71161
666012
446300
957771
240354
272074
68980
269671
256405
704294
528822
928411
742139
824556
412001
727040
613149
387309
596765
717768
896315
801096
179394
753286
476430
676811
631830
47131
519722
659715
450342
478295
973459
961570
942014
607190
611456
608227
439576
994056
755382
93587
512935
276316
995570
656080
685937
315236
68160
346150
401911
892645
730265
579354
842370
102865
813370
310862
977238
76058
489120
556130
140067
173268
652243
857116
70748
577314
973524
59375
758533
300875
982149
616338
377253
335498
15796
513177
521290
909363
121183
350036
679628
335873
497551
819757
753447
318756
291069
77958
829166
180945
650821
948801
987710
933293
178557
224812
51172
553502
851050
137368
338451
674678
431246
185305
925669
49790
440697
824897
298019
325400
59495
108522
442935
833904
654952
762398
269175
683759
717780
911249
478264
489226
858108
128056
161737
61346
757080
318441
932553
86830
741398
535509
405937
14499
230455
443763
98367
178460
642370
368268
142854
675034
838304
350964
960738
341340
135789
990751
376053
718815
937273
513862
470705
579376
535416
620183
747516
24575
210533
80264
979150
649189
780884
364469
161373
55444
111069
297513
934955
130283
685028
916314
38567
202925
141987
143691
47829
626169
974082
521912
497851
575933
462148
435948
955779
467169
504636
778798
517755
219922
984098
396529
111432
957826
985755
189985
165678
293773
472911
191567
337614
20495
955422
269830
485503
46467
23014
154685
221691
362682
430812
20721
676391
752957
561903
795589
849910
411414
828434
984666
590509
678994
571315
743722
278164
192300
957906
837438
76851
945047
397030
236310
660836
686464
945664
746941
501530
305169
895920
475009
104799
97539
531584
173094
316050
61570
795697
560166
444995
625263
475252
916120
64782
542185
438010
260611
80828
59473
299562
884953
126881
478858
334481
737322
227388
14649
285180
488139
148385
325722
439608
30331
497576
775673
836648
512902
538825
333180
228757
805799
735896
446923
297247
3497
756397
944448
387164
255682
513675
830576
503756
816416
955636
162374
153665
474003
938556
40199
561989
354552
993689
730979
573138
237069
656376
117128
749574
507124
821789
536986
477564
675829
678594
759138
614883
695810
407087
845413
820798
222906
192448
569767
167130
360095
736438
962113
637485
440279
317660
959714
635130
769066
770647
718464
216966
491564
581394
443378
824666
526548
411238
293633
571737
904510
78535
794331
830469
801396
796127
433154
456254
71089
119248
683077
660399
374413
572980
870431
919480
780339
279808
145328
32326
601716
254739
692214
427907
568138
155444
514042
979735
227863
222391
235907
677861
768008
454113
18689
555148
778910
932680
526799
531554
936223
305226
997322
220814
663485
891993
412257
986726
475086
251832
204215
721934
99234
505752
578763
698583
805495
964215
261766
276087
419653
739946
554774
437947
907898
652534
138631
406652
236883
708336
918531
337501
39535
488355
656116
708794
639526
42706
383254
328089
468165
546185
854918
74135
164982
703157
231567
813287
512350
163327
409745
733463
574373
646200
920840
410878
917102
164988
230018
954879
302144
464011
162068
183643
927791
718164
397864
607898
449705
816198
802641
996097
512973
44867
119755
739316
437849
989131
630524
538232
719209
715702
645352
441110
119180
356774
304344
696458
733565
988090
880191
91666
47186
422121
42229
940619
643405
112798
548046
650933
155339
430165
548292
376892
974488
209439
630900
176334
449141
516287
827533
377437
212822
491544
414326
195937
527768
350202
504540
996418
920973
368071
292668
412709
56503
19876
916378
380826
217067
763392
379028
515597
530892
657046
975881
556552
535268
105491
447743
332144
583639
694233
970809
547939
817945
674961
168968
360180
803260
193689
841099
829814
690694
376301
657234
655011
440877
381246
641696
927254
737575
991940
122820
648929
257330
602151
194082
840827
841212
516232
680003
869506
450778
412938
826056
31897
716782
926591
913593
721529
76807
510767
509157
944894
706748
886768
207493
108426
327126
624398
418976
538104
794326
776474
493576
300768
492870
8115
430888
185399
228589
210940
923072
291416
317801
370393
567466
706555
148779
74244
434243
486547
903804
498644
995466
615870
361752
310547
153990
259789
314451
483885
327242
659608
644509
44592
496157
293582
768460
787311
701303
484190
251308
951826
784256
867542
847462
343945
598390
726271
927668
274308
782948
175296
595396
881021
906166
350249
600359
203418
521191
964977
356258
31028
882864
366899
122727
38417
473503
504100
537413
401175
554749
720669
651890
954035
505796
519689
256818
285399
856945
872176
657525
604540
858188
553485
276043
188574
637057
40591
714174
461405
383405
528047
812244
127093
2508
59396
594920
216080
613569
63098
533843
56138
630049
444166
167227
810244
684782
663988
335789
679414
452054
262436
333109
11104
473936
450647
621569
377124
838344
947235
483435
72019
323224
776420
487942
385416
688804
829620
346701
494908
414282
820502
562840
466848
294009
401859
209084
963709
140392
368858
352610
805300
48342
67032
583483
62648
175909
438108
377395
585570
269223
608533
630390
36386
850346
696740
633301
129926
542505
955345
669084
333549
29990
261445
122844
291266
94927
937354
98197
482841
260483
434680
532052
565898
114681
930762
935117
308340
854257
180820
971645
595491
42500
491675
851403
61968
803734
521937
902106
562418
527944
694151
787889
995543
51286
421581
75877
510203
118532
75002
914789
831588
61169
98155
100149
933830
930411
348500
107392
337582
869757
328609
789271
950490
40282
980108
21847
973241
534388
704787
997176
111058
878831
386362
310025
289309
386309
708390
387906
492654
734179
616501
341133
8731
147797
782864
747108
952052
458016
669373
76778
851938
790053
478250
585311
20208
489369
990470
673343
58832
505368
192774
648420
52440
867489
624959
613514
583231
659601
209669
613856
956654
531180
913487
171972
279810
335677
658865
693109
855234
425476
359798
406129
253582
759270
256190
5568
820457
678995
463070
489226
715338
376762
650301
340536
306226
172875
208076
334252
125785
391418
23885
437449
81256
672301
256246
453571
713600
796285
154919
639738
523395
189597
245132
277173
511810
79249
750011
945722
265981
886551
347899
84796
723001
574076
546338
960402
94566
747143
758155
491812
277439
241103
385058
279037
245177
736238
543357
780576
707769
528693
803217
120948
922123
933869
359217
844763
932615
140538
616955
56727
389594
535868
887294
284142
579630
283249
454283
87221
11501
953386
717508
830167
77348
113834
289393
876599
961695
682956
155213
325441
311784
871251
932340
598022
337684
848670
328675
469268
647955
500651
131357
291010
972752
387693
275022
567752
785689
947060
287614
600118
275372
147378
57512
6996
119320
850988
521967
364325
576843
314966
815844
800731
60215
945365
356150
748045
200159
173847
357877
391378
354307
759399
354280
906926
309633
998601
763978
511561
689706
822525
341469
46631
146488
285825
518280
371513
918848
975524
123559
3393
753030
308021
599379
930413
588590
306678
934658
225066
955941
730089
243839
745339
808477
472178
620799
946918
408846
202707
665621
913416
955967
755508
516875
368208
940080
806909
642887
133202
482909
130982
644171
929938
602541
94780
421697
4079
562460
389030
703249
103851
838867
863037
304331
922694
14647
482426
551218
425471
489284
539039
54198
226194
632507
297966
941401
100977
402232
446450
894361
611692
813102
930224
161716
739073
787280
723064
516706
307999
918629
888294
189426
946956
125046
932263
241280
38803
59626
604351
320080
643225
283009
295065
416215
992413
462977
291187
144720
216611
619374
484146
223567
323147
121928
924030
708811
440077
22735
410149
368366
625862
144403
81114
882793
756733
824459
768399
60526
474026
550451
955698
295355
579339
192545
695237
311538
924345
815888
666346
57855
431826
648234
24771
913371
728300
448056
964866
901514
470235
906801
339768
609596
519259
455840
728437
737664
690
916223
887212
680036
886363
209607
541298
820056
122378
951534
671806
410275
137845
697590
507547
518166
93630
112009
589065
349842
318069
163829
830992
673574
799946
582095
998474
33534
257503
61606
61801
260792
443003
744860
83403
126836
178499
204774
597300
907627
592131
546138
43327
620850
442905
455766
530219
299771
268024
249130
872044
589220
161098
470975
253902
403033
156994
694385
116546
404154
878980
36730
277859
839670
722524
318403
427982
946402
635874
879558
928177
233916
844608
965471
68986
853561
845203
985017
451823
677949
350146
930727
672388
690093
950208
855094
94135
610429
768077
929175
203508
518087
380136
736569
873823
916961
545799
422390
67456
26402
508049
113047
789642
971912
528881
873203
166889
483417
445041
960900
924346
185605
658204
110966
729887
601440
785937
382120
90693
339769
581537
734152
375915
150013
139159
778449
202709
359449
781161
986738
161489
808746
312418
646224
284873
229446
48630
956427
462158
32910
765930
223350
22152
36775
112551
966517
720187
871450
593581
952108
715248
715035
230104
27424
803769
931502
479871
420953
610302
368201
92153
284132
205031
286798
773358
800629
223908
256379
92529
222162
597203
698020
547937
287463
607894
13130
618306
931767
500197
313564
493774
764378
924166
468987
533882
134079
617300
661928
266969
231560
871094
287918
24368
32406
557227
16403
383850
513619
603904
57794
360172
209417
717688
923808
20331
82855
405889
290789
831264
726528
250200
884325
52750
46211
496524
185439
976534
387883
64158
360994
70056
288526
595117
242307
250067
268659
410231
133425
830507
163326
198848
606767
719300
292191
504486
399685
904958
411966
972962
109737
484961
819494
584647
956360
745843
263542
318674
294410
226740
693154
964686
80588
432615
907323
1590
120589
837719
732063
599664
291515
168558
323265
30139
140844
291482
646338
927888
794995
933492
950242
311003
331549
835931
621181
441845
414993
654345
557844
334444
162931
515973
581753
293779
849083
61114
863654
139378
483389
290674
235746
976254
836679
965673
999429
827664
377160
232506
924369
441602
983461
439783
395613
386973
716285
44880
581093
534527
722194
72812
154152
801919
366720
691307
62798
352737
613216
647137
926697
233037
560283
265250
70331
314133
930378
797012
132965
210691
882942
562781
714227
200467
636368
285037
586848
235481
131149
645005
500844
526729
196693
721299
571784
219943
447344
9148
679676
680510
982498
114854
361015
246305
616714
305686
864407
746802
92926
625892
800246
184265
239425
597888
540276
708148
991502
388897
984053
245953
315797
678983
131763
610891
938185
77912
893530
666680
616032
488518
32410
753369
751281
190717
160855
258216
943022
543313
435126
481734
615116
386365
281080
746034
475076
564752
754636
710272
492017
153255
847198
728989
713028
461528
77359
33767
606836
234491
612600
25756
380898
456874
322724
325880
62887
987450
446156
868504
336596
825671
951063
501117
674175
807088
460061
266869
754612
560650
778770
392918
480456
171342
75757
72613
780551
558218
90284
97639
847507
718003
334157
921469
638241
162106
740405
470939
35192
738775
384614
286839
604143
920765
848145
888466
717770
103754
896142
27399
82722
976459
71822
956475
713525
422286
398528
50563
481631
618876
604316
293410
985942
936723
67166
794662
108894
649594
829314
284504
20524
701269
450455
289168
774119
37631
195269
508435
187010
488685
310252
763006
150010
865674
678553
354468
200137
449473
226857
470400
574935
324224
967342
743387
913883
522101
864497
913956
530924
650311
297752
211896
705767
164808
389577
372384
777909
346926
16191
407132
529540
183591
337350
978223
249049
145709
661837
652649
658373
13069
37067
406961
947699
309183
361853
382025
917408
498077
583720
600375
652591
583511
960516
630714
822198
844548
140035
886718
5220
737251
308587
78942
488538
961293
732150
947399
661049
711704
312856
517439
541996
250618
650933
756351
513750
877861
688974
665188
485218
629073
529685
193004
940776
357796
389158
723136
755708
16898
334676
641264
331854
766671
926672
334704
698672
76167
928959
819120
994582
141836
203
370801
983151
707254
100870
816986
70411
862382
767810
530417
350184
475872
917812
848318
544507
563077
386112
578651
73437
433973
464636
372814
277898
480541
76613
364847
670389
343546
977337
993665
378914
336213
297265
256384
89960
353924
223145
590781
284972
910991
344175
787865
633967
842241
114872
859009
58423
920529
930582
235071
799189
458366
278222
385198
638792
381877
592492
652284
743011
401803
859295
616330
357752
382279
660832
311128
802041
353077
699295
803757
922136
601051
494687
973998
802641
832657
909742
485781
557053
242376
17293
673909
818009
726646
846034
464176
399851
229922
229078
557238
978150
253829
551624
939999
516180
628884
946075
291931
408097
215730
848136
716724
700651
707793
967716
597132
428651
614301
907626
603869
568881
360103
475876
937415
305663
479278
552698
20327
572552
348361
898392
130282
704062
363384
826474
608263
769130
22664
276646
870201
205797
610309
258481
295372
146579
311205
385962
465668
653901
248092
536978
4341
679215
26557
356098
357741
205277
124221
202758
22363
600863
859270
164294
274137
397167
503123
212832
179409
662761
46725
615421
744867
381125
124956
128717
25716
211817
587230
472209
13467
972083
436286
270775
288836
191190
319418
220683
3899
708139
964347
914685
516963
75171
572512
749289
666123
494607
797522
825191
607909
421505
762198
5216
448735
682797
371275
807972
823134
902021
865311
569051
137806
122048
542660
369835
683643
784251
83598
494413
929597
699245
520110
4689
645458
73002
178242
681164
264434
290202
121001
388187
263998
642133
492397
112014
833630
832709
533723
144434
244463
733283
44621
292751
621970
259971
420160
821265
984354
552202
779760
205497
808363
2546
12235
973035
777796
431386
194613
397423
585796
50314
447422
894404
571604
140587
133443
335456
456892
421104
36944
810106
40999
359466
657738
531463
951699
428731
777393
311845
469156
946304
55870
796877
45020
174353
157892
554706
975811
796560
398661
579790
843408
493779
705143
72059
605429
106066
947827
245239
230411
513397
454890
987297
864723
802266
551761
110051
246445
717260
208916
810472
752881
414263
12788
330147
914192
584615
18418
519154
630989
265213
604748
397378
578411
544438
474343
579924
852431
531750
659333
846108
781863
31745
115521
332984
49898
749834
28528
651783
147206
918267
667008
588021
494022
638151
752253
704947
191730
186200
366963
753244
888498
299889
935715
424501
921730
14006
818305
843566
688236
953493
913678
60191
714182
635200
953937
960779
24788
606901
921643
797951
555741
118128
111797
244850
214911
345735
852160
981167
506117
781778
982818
885663
117531
487076
412503
716806
331874
731565
516135
568923
633438
877970
661630
158251
1295
57519
88960
304056
35063
88271
864600
60316
313292
419090
367063
200505
450371
790148
849305
579784
14166
360593
118618
286544
685163
563138
963893
434002
642787
55735
261123
665191
519864
499758
974981
276899
528077
290415
373508
452785
383425
827593
967034
423050
718917
839581
687173
424863
232054
829913
559485
931530
356745
20573
240201
62250
895553
134019
383156
122120
282787
454478
931721
764034
197346
961329
745505
417781
652747
688481
920485
635507
832047
393183
705295
721124
314571
591951
495569
759940
944496
193648
23202
360271
794332
671222
251810
124803
185017
770398
232224
133439
59751
324454
991980
237528
869870
60985
521056
270657
715103
911512
556595
26928
811579
16828
844766
704267
232790
366870
459748
229741
634848
508872
978441
266675
682690
392018
897635
715337
846112
116907
582063
959657
893656
42528
377422
806538
379283
724591
780966
282089
134543
118322
305825
852375
608573
679612
420066
290881
940724
16929
958507
938491
502581
404253
539062
176267
724627
911834
457265
359021
190098
463252
746969
698619
737786
819419
244981
100177
832917
898674
613649
932540
236301
259269
652039
497388
233609
857876
265233
487348
848010
481975
929492
618523
256882
767440
928051
665618
238799
626567
117267
371671
58223
630074
242113
103272
385246
409558
927549
188351
242158
537568
365465
262045
734156
505935
302074
777325
684368
433993
432078
218728
196445
222981
734059
906255
27038
780905
292335
36572
356181
942723
458218
112565
679869
652943
459405
551503
594324
46672
595779
295173
373272
775854
933972
306880
955854
480332
581851
697951
71690
71572
491128
832606
184419
41581
483215
262387
188483
763068
703855
911876
80429
760344
953305
226999
195376
985724
660656
413334
916963
376451
247886
865236
934297
66209
388675
556081
960531
965626
971364
100130
188080
540849
831088
132456
193421
889978
226440
587748
84126
234603
156537
307043
632219
516631
449253
725348
790945
487494
331997
189266
968625
708131
49872
118363
62936
809408
701375
395600
887539
652711
795500
344700
489817
669074
269641
889187
13451
701404
509451
671409
475636
757411
344246
500212
578073
220292
728815
815522
700888
648482
263253
313821
585304
275870
148774
499929
121601
207305
785856
878239
693746
788574
767929
308315
152462
49403
914619
51868
133111
297120
870037
147507
352379
873333
105434
420783
286769
348026
181448
217899
490670
841201
949746
792467
327871
384326
612099
169358
891721
951989
630074
315860
362199
771092
990840
463050
187413
781646
523256
481609
796706
925560
648
800424
702043
260289
266499
430378
169726
100589
274194
903472
966817
69296
891936
18241
213754
496433
117026
603129
364152
223214
592337
570549
867145
895562
966091
626115
751154
455741
599007
144429
142332
168941
74028
484355
596027
463121
539064
522389
846088
507890
322606
341279
39690
695864
423708
212211
969183
852329
795575
194396
33772
415887
874679
210743
471689
618453
364768
477638
346739
374314
595144
475133
530599
421240
656627
855166
573642
124266
143944
793182
257236
655330
841030
348320
663259
919102
448401
176945
182601
310288
7691
374841
311887
647796
54847
946412
482284
593448
821802
856306
285398
904974
847755
466464
704565
472434
125262
249997
644562
601587
151679
120027
654791
634329
142714
892898
392511
760786
566594
649189
50374
838404
153308
729815
320409
529662
462320
521064
858488
107003
187273
434415
347471
522449
475776
469917
295778
776014
625748
160962
256602
794899
772351
741663
505154
900823
86304
373455
626999
176543
569244
758629
338597
588431
11157
712493
200701
996741
405709
194539
199914
411052
577491
192696
712325
860624
856018
16981
646983
135223
689009
247870
608442
771323
985487
628454
261000
388612
266258
158700
126333
321609
485684
743421
96161
381952
270146
462595
482681
608626
957596
912888
963813
250105
743740
447997
389250
310321
865162
466187
875456
696462
910198
482064
640025
834537
201792
553258
91080
385765
914776
782321
55546
431324
295890
515553
486962
994671
21976
786432
906913
855143
287121
592851
28504
348216
993590
991270
311393
244020
876765
872817
453474
911302
663126
817555
241090
114084
502875
854113
257651
663778
951084
680824
60945
786532
274674
490537
893109
267157
480036
574932
600084
108675
651694
674805
70927
482941
17738
502331
937841
185822
271503
41282
380313
611270
682093
658831
236304
498292
733072
765732
458242
563716
856610
848196
278540
288118
203822
243108
831689
261145
326326
30518
411869
900624
793708
999187
635577
816523
441726
412596
249890
353933
764201
774683
180431
509945
928280
939458
150316
279579
804934
323818
424249
998825
186006
978175
402379
885192
221552
404629
135993
837613
239155
283393
867399
254754
105942
546438
972540
860263
4998
97473
658238
565306
856512
609738
933958
579798
143985
218497
698209
64129
107349
894992
352611
574512
731927
767905
345973
364437
313375
42502
116054
259565
66438
73365
115278
78241
875475
214459
11198
633578
692866
817771
768624
821357
567888
937757
730776
656382
652270
19860
455558
377402
382710
111460
941332
777465
971938
119689
651272
105922
197299
28208
447899
955503
496537
785710
757970
333311
667777
376439
514814
59428
680365
157917
24056
311451
776636
387868
211632
619977
656409
350332
113973
954601
114460
342794
35657
941596
910233
729860
604559
899898
361962
703157
787778
568584
626082
509083
620081
291338
487043
298174
7926
223206
258462
385541
109076
126973
662410
387605
248621
833744
450167
870293
353430
642831
143198
256810
958371
240349
933420
277929
84608
500039
827366
976445
488374
109184
773736
500512
151157
682245
132274
245661
890758
969113
897820
349022
465912
932356
870158
597356
667459
4079
185009
311112
328954
21548
136060
381476
773949
932534
985251
779017
546378
620132
655865
538552
746093
372582
224259
211539
336001
62524
412321
190146
594588
351520
850493
519991
254203
204404
470889
974329
751534
76850
87385
94791
512893
682603
144379
755062
539149
972452
767823
530444
236947
165934
849479
937929
334804
980235
190785
923514
465323
871657
876075
77574
68933
854873
327571
953227
653163
552315
357581
772588
70824
660896
331999
288058
820960
587520
968038
889374
39779
496385
569284
590145
105303
531464
680397
282405
7892
643663
14741
509470
776880
232546
74435
895379
305181
950046
958041
55372
985248
622349
161403
415046
560902
525954
559149
373830
452381
474358
924701
323434
754034
117603
764527
302032
269569
670332
434320
50381
487424
382732
298912
42299
94817
356266
126359
87611
180671
339640
203653
838088
242262
613409
255460
682295
455716
503800
509573
922382
308879
541159
907297
104294
553140
933103
787477
133063
924238
999171
163135
435384
427874
73485
433210
864102
354472
92882
8905
174432
815972
417347
111559
676186
995481
121140
772959
622625
580010
780387
154606
123496
515393
647571
261108
958876
252322
967396
829530
161662
380644
759704
450724
846633
842965
888964
87790
323681
594618
270118
578216
47861
425214
399472
829775
123956
942891
786258
465336
142966
456147
818906
502064
107613
723124
480615
668060
384634
222835
601544
63895
518772
949255
598627
261070
963
638597
127503
828438
517120
300277
229666
635434
76317
107900
217701
969932
779860
58158
541694
438175
190077
536819
15978
790482
357595
121128
357469
440808
735125
299711
919437
312011
372014
778788
688133
5460
634906
749084
422080
810399
65890
901363
473464
626882
354138
333455
550194
427235
125397
969737
724240
881187
787751
463526
388462
943063
175276
822955
623578
901090
955812
682977
700503
857654
123482
891767
397220
92016
915369
965217
634423
333613
147152
439899
724592
791904
353519
664896
489534
893060
415046
400574
725697
373288
217906
31688
388370
462725
744546
724071
704783
301179
201744
462726
350664
219397
14364
772788
530173
60511
280941
705383
11865
378940
424705
41596
926870
853470
923402
487722
372103
599319
449178
732031
242681
655075
68307
730857
693927
762282
800053
589152
880105
365638
935288
243142
915964
902904
27383
969925
978095
357663
379502
112310
886108
222537
440760
670668
422190
172933
11190
780123
52441
923031
671279
963652
937641
9325
224400
958155
93919
740195
213857
84050
212320
415240
293135
700046
94743
956686
235526
164141
921275
127733
890220
472347
316304
968099
996894
971380
298353
227914
721830
319347
644009
908032
64554
734842
342297
972317
951500
893149
50866
215096
174884
759727
970946
48565
39792
817833
446607
601557
918351
956101
943679
960033
979321
50815
481321
160521
86480
484207
772704
879494
708984
814445
579613
964370
888236
618084
911571
256563
683244
25106
112100
222926
95525
675273
408630
926275
292700
320903
132983
875705
611191
394898
683530
308271
697968
508844
175277
442273
305844
913800
199053
468257
601334
277335
567082
842566
503313
998750
296056
648172
237053
250461
890408
238815
48854
57706
656399
77293
19576
914984
193838
96487
289483
484344
886486
698122
137735
850355
937807
171271
815457
437779
679047
251480
411746
255823
905257
303839
527955
587116
371207
16577
585624
408766
232267
186830
272878
967119
919315
582729
793927
868096
513501
195690
416567
810016
807570
414782
570636
177694
415034
761245
515449
762011
232709
995888
201970
780938
989091
145267
969592
322545
420827
451727
515262
126652
827194
788039
725836
526699
99549
944450
374611
589308
250151
522899
992631
71425
748702
149346
47765
849526
900038
990676
927959
415179
333269
810086
641978
627586
682039
959060
729548
238137
693507
544836
559718
408796
953844
541716
512374
268858
110913
497746
80425
624804
18376
81215
427923
742987
273236
706523
895219
880458
867148
425856
837843
61669
867278
461461
297605
137609
426117
647447
311738
47131
86081
373996
924047
82842
615926
3366
132552
960558
206059
996128
450753
555503
51894
238956
271992
911099
703447
923037
920407
854509
928732
544370
520029
74702
312155
88439
920746
896620
786635
875827
587112
434397
834553
328154
458830
644124
112194
806988
938239
731685
534007
615603
695291
231511
392292
262505
135741
724068
271882
802620
43672
116135
87579
187297
204919
680470
561011
388986
992885
563293
843724
614815
85867
776204
842344
805717
536311
280096
660324
541297
129765
123524
395440
842016
884122
845448
425366
299506
127113
160620
311075
70091
221519
574977
686897
91428
911028
680595
733490
678127
843620
613988
805818
876561
14604
378281
124370
902270
423379
36925
112089
112757
734935
412205
70187
593993
416242
32375
392289
567435
543446
307398
629378
887147
946957
533285
271185
587894
665985
945622
35084
764171
1007
438273
25358
476880
448912
647924
555013
200199
6211
88650
396411
311236
40856
778383
653284
257324
631232
130759
784184
219022
546261
678973
622950
613948
279419
688315
85453
321958
737306
900857
611863
451770
938332
513713
989226
948808
847284
979278
985622
661543
647446
944814
91949
541507
89832
307283
807120
315093
236860
558941
60988
605036
472275
439617
314646
883772
588149
426696
600151
273423
681501
7981
576442
970570
380918
824314
23666
615560
905089
830543
326922
810290
507151
931851
556938
386068
314853
554852
308481
98628
260861
965316
243353
985128
30395
789085
957915
454121
595296
496567
108067
435367
591959
293310
232247
527791
310682
53445
801168
991888
885802
424050
699824
927367
932582
724272
905027
289943
551170
222052
907847
995676
544998
772127
104274
249661
829456
67445
131202
696917
315960
303016
379793
221331
807286
734938
83536
679261
444941
481413
436716
942656
582160
679639
353869
893420
577163
190553
985895
296646
71549
104520
874629
304580
308629
971779
465716
962857
741118
760387
910037
521048
9075
780780
662192
553487
69552
3508
525679
501547
749760
598924
169534
265748
763785
203293
309538
273809
610551
623628
658041
146064
648981
720329
18544
422675
152274
353348
856203
807232
939843
506063
563668
378400
596971
878155
755031
368251
406105
859001
328016
504199
768202
208007
28285
612818
885347
285323
440902
147155
504229
86529
634278
241697
274386
736555
597388
838000
693039
861721
117931
270148
520471
660973
329420
230354
557358
622762
21294
887211
742681
40893
168404
985226
689387
827088
768815
761662
752612
691363
817502
770274
307745
994596
967114
770192
23818
351601
481200
613922
270285
336923
739881
970066
805224
900140
822393
567620
296904
781274
274140
909687
676936
243600
928185
579482
254205
481716
910600
771592
591461
379082
737938
708980
439892
402993
806858
111074
970493
107121
170575
119056
385559
32519
862457
532973
176673
671903
412963
126728
166115
611858
648368
597740
238319
147094
380802
404083
491134
755136
297129
16756
679901
146948
111249
995829
879801
733545
481340
464130
572814
629802
622130
846221
59682
842305
756991
324701
945942
491291
519908
638055
390869
71896
784796
945797
720353
432742
650976
370862
965352
907101
581775
118286
248375
39260
24766
685003
453462
385003
652324
764476
172139
68544
25763
383757
909090
235325
301947
739607
466049
227170
91071
457945
381613
818878
423773
915391
902745
722606
865458
429228
189002
571986
556062
689690
731248
874933
291850
888574
394433
930970
984882
810711
759732
146798
437180
747640
534082
814593
625782
877872
498841
924817
411620
509160
359350
655093
168981
9552
973622
572784
91412
473198
601022
962307
959603
901710
374931
797604
252421
56994
955523
402029
801740
696042
655025
29660
611989
235814
360126
887508
641319
129780
725026
51373
31731
580586
117690
946465
315110
834625
323128
974773
900516
753523
684506
437370
373504
946617
809202
426633
323195
350094
990757
448196
781620
813974
808390
917694
260972
357682
145033
462247
389539
898328
334236
47043
769832
783869
174288
454218
527466
376518
628193
446921
385165
418691
200607
756619
895667
927948
138840
491456
303804
832734
756568
731945
605312
330681
730646
587314
808767
666816
895393
23499
304565
395955
474305
992639
688310
637257
794746
334244
577817
250024
513748
209481
691764
401641
382029
193265
893705
135186
212219
364063
884005
607000
643617
146399
600659
44343
469955
34632
154746
267384
864935
190132
52534
539255
269965
455720
109706
324766
106835
833543
390423
504947
160425
91530
581386
295764
627159
973340
882094
976978
299668
254671
309178
167236
246368
495688
781811
481465
428060
410138
552422
529357
374617
232195
156813
114929
102529
570462
868274
932598
265481
137749
941620
704815
947294
437897
478922
293976
958589
853110
28487
456492
91650
583312
243309
443056
209193
81249
252638
594905
452294
418841
62921
86756
555388
595812
309454
9870
71547
208520
753210
781070
653430
37927
793430
646682
939234
949707
585765
171192
786716
417112
199182
575498
410367
450416
530071
620378
541214
404097
718338
148504
795941
89044
666853
744443
47245
238624
351217
847451
572439
743027
507869
49453
44797
201211
980637
291992
956106
594482
773762
809827
55353
60333
430208
249609
409769
376210
558026
183377
55928
545292
423657
478002
757840
316495
998008
516887
595443
355821
940613
343194
998539
265395
434782
540438
668691
444115
213215
196324
475646
12966
78411
150929
29149
42834
892920
431599
858401
225097
312064
420455
456953
329450
493610
538015
520701
723867
134571
479314
775059
61968
347816
17510
31695
213231
676562
424967
829878
44905
918127
327734
674405
887026
191279
90019
589781
948517
911762
856672
350560
831781
953351
863659
97679
80050
728053
151168
119911
134372
798876
111241
97655
327711
325725
830217
776862
251962
460193
244221
882687
675889
401738
96925
994959
360280
18674
295426
696062
847301
915888
514501
535987
646474
988510
129034
708025
928919
429526
322452
515377
706839
877470
954627
957584
508649
555886
507535
307150
117249
239325
390275
477048
852465
296338
135106
420837
917505
834467
667310
471988
420960
640879
546498
90106
150496
762127
217483
482904
286408
360942
384846
610990
915522
101985
367569
413999
523835
810973
162026
262064
735973
914097
560281
603644
439907
540784
947187
399571
890651
742000
659511
564468
921813
796543
564782
331679
826937
702015
409460
943443
86744
279919
994149
981002
165631
410527
251510
38532
163103
357701
337479
149642
289280
304285
601102
95969
996461
178203
52509
126699
778443
43476
127992
296186
19835
940960
638577
949394
873316
846647
176298
12140
341614
28123
168750
10357
906508
366640
270360
980258
444713
896838
894742
250535
552869
410195
932850
824429
926451
758584
461601
132618
582383
107776
230314
543721
990536
102111
278316
825019
783307
253326
312969
188329
313042
185671
103863
45231
559896
641835
244832
164496
148394
233338
226666
751306
251093
57481
504083
202745
385923
149348
75490
4849
536029
539342
787748
190034
574235
632907
974541
501780
99150
667878
821153
981565
505693
219874
521595
665877
519100
833611
325319
957387
324555
622334
631845
130834
44765
53847
588786
278513
724591
928158
356326
536932
217357
579306
213387
610603
81839
332215
89719
181591
166688
954242
19172
755385
266235
511050
306402
376705
995222
482772
991688
33665
187049
247493
213032
250706
491906
445347
148784
236269
504039
185457
399390
765528
324623
893506
822605
67140
828118
209654
987890
773687
223088
815835
888278
500160
537846
694883
591460
77600
896294
849529
942631
832729
726811
693402
347842
916327
489668
47634
615054
230963
828640
362545
657948
158589
365447
814828
417880
757193
50437
773253
924268
291293
88119
762687
579931
123057
871652
106800
420865
584057
800126
48668
803816
938651
59846
328846
412144
477033
691026
813230
422353
400053
545167
430645
594458
347944
151229
351723
411981
467955
28463
945929
149626
936019
512254
545162
573586
455960
146234
808161
755620
680929
372988
881564
920650
730612
387663
952345
149811
886246
757971
855250
567801
391548
386688
386212
355957
741203
150769
83749
340834
322214
29344
932224
502402
450101
896724
269898
795331
476452
28521
288589
881261
768261
452325
850605
190891
782659
752412
149047
322873
336057
253318
213971
161318
42799
486622
739176
93394
428360
785613
276623
470675
307527
446976
135016
1853
826761
817864
143924
492837
338316
439894
7387
761385
436411
62898
354800
366680
719102
575734
715314
460578
38631
181639
115864
299276
904626
300200
791799
991971
389485
326197
166374
205182
260781
822637
658027
421171
945493
443864
615738
548889
26445
595689
650718
590556
944752
34499
358641
818843
933556
194853
670620
292342
189835
173429
145305
767077
176299
583658
699225
755296
589521
653399
455544
104158
263354
301500
907232
507265
213743
304945
283606
207304
54918
869812
275325
747784
922898
345220
187604
765013
203963
627539
599978
3785
566954
380262
175958
290487
154265
217908
116977
251589
861086
942365
654435
486317
953446
847709
165833
214217
460604
174403
743047
888790
213548
495705
684677
895153
473803
63028
430829
916436
644998
415445
467694
155370
820013
683383
930522
796903
588859
47374
300594
987196
777222
697027
170489
321402
94990
151293
518732
392531
646736
220565
834998
494153
955213
781893
873338
660131
988700
435935
475700
118944
316537
957157
459706
270370
644131
277834
507257
645502
634120
770510
886723
984153
165812
969165
120264
913761
498519
435314
981769
166669
59043
584471
986558
17256
967707
196249
292599
2529
891004
180536
7758
474757
454061
393324
402123
369296
902658
830953
472296
674996
417939
936432
639595
445341
375799
272229
536560
122684
955567
672028
202617
841741
458913
183739
15377
878753
842237
526276
92017
144080
94762
642863
882840
520053
409296
28183
687296
399243
857847
784788
374477
555424
261547
282041
169518
928642
607120
237779
252272
252736
634288
354639
317142
894538
347777
507625
249114
682179
418468
976265
162130
783297
319706
172600
777880
788354
215619
748337
947114
232617
492922
325350
106920
710128
943062
238393
456678
208187
556965
703473
185194
880596
333309
75016
703638
445908
123969
607175
570459
676277
693523
996196
1836
682692
837577
620154
56333
989735
246920
60668
963545
74436
81040
560683
825941
358664
651998
96697
598379
306449
581683
674355
166458
880615
668822
94324
951632
540145
77034
296115
332412
667326
472252
549452
232291
926711
740891
37683
688623
470037
117777
192759
569462
536782
368873
853580
228382
911317
848294
398232
54674
811781
467390
280508
475312
6304
570122
855239
197594
119412
871201
17611
965303
353798
548955
379380
256125
77220
876827
814183
988173
405593
741880
489924
333704
264625
236020
511507
156619
766732
234939
906183
227349
970530
967419
426724
643239
990034
166975
294956
488041
6975
184635
767617
606017
178435
341406
52454
195592
924009
242791
791811
675099
102664
408036
776910
513159
844000
821339
905302
655422
543694
462414
703412
954057
762240
214505
688639
288992
646834
911432
547559
853226
479195
130057
996126
929948
337561
10168
88268
822421
765037
278802
213824
188657
532693
448710
95801
897083
619284
785898
944008
967069
722705
540999
214534
510560
971139
13032
307087
180607
436615
497620
498117
752567
990719
822603
68891
283266
696728
712457
361931
828530
78325
374804
935032
695556
589858
437281
753518
985653
240385
6667
761541
414345
828476
263716
430829
849737
571957
287126
971873
543846
846730
740270
444850
497230
664574
410402
784232
42518
24328
22932
588366
957323
984529
643244
947181
825254
832441
480438
106214
261581
994042
294538
609538
43491
222908
790884
674269
581571
856524
480802
112327
852297
916439
444845
920205
947931
13464
13236
900320
984617
946818
815884
37691
354939
294166
595364
373107
864605
348890
481598
759003
51049
358104
903696
956579
517016
994993
545157
316819
13718
508801
100066
557706
777398
579403
434949
374209
998059
165993
695678
54560
949602
106348
279352
901292
176153
280375
376589
76823
264768
623530
613366
75307
744442
70053
402097
621571
89846
591395
26331
41477
218027
460478
732488
435768
221552
546689
910975
737845
651644
282800
862090
432780
385815
792743
983550
922557
679499
891323
356960
477631
212539
520866
866532
529105
318098
868716
44364
839940
278658
311532
179451
162849
319731
378974
613266
288406
500432
950781
710851
265915
333832
181206
119808
899479
160267
86478
797283
260266
97990
439111
798127
595107
212629
327673
678405
496234
623096
198831
98260
574274
665864
407817
447507
849260
707162
415734
835474
443815
39499
592175
647963
123170
104957
156795
378875
790238
12678
273419
328644
684697
169355
97427
556264
821847
512271
988229
793275
373691
639961
505530
714626
442712
92480
894188
27764
9934
969542
653459
427032
652368
394974
382385
35012
219333
118910
239682
940474
800464
694845
66103
409212
563824
904485
306840
589893
265248
746468
505738
431599
897862
431528
618092
68350
788611
733974
600684
99117
697716
764268
432408
190858
925982
247367
501939
917890
551775
471568
524966
125242
316189
905082
231238
452397
73835
130551
718175
390823
289275
589329
389198
362342
919929
924327
566447
269684
97078
175825
799612
220951
256130
83750
552706
452296
509981
878334
238079
305339
115771
258337
211261
837385
97337
305995
275628
476892
997298
31238
402092
287072
863889
130560
549178
105846
666583
431417
156348
277332
274806
166446
510443
511485
881144
784044
42888
734859
506920
250763
51012
263134
456823
731902
628868
557169
744723
742417
138532
1365
166575
87138
470065
801970
998037
851119
356047
343440
427527
958335
432447
301569
80700
890284
774172
421709
253101
561809
703667
643272
475090
133108
611780
37111
53971
426800
889966
160356
243857
548934
670096
453642
798019
122097
540039
665785
337334
20494
977904
126383
278439
700164
948663
527855
156224
281933
389222
180246
138495
642284
2240
205596
260258
984612
87210
869312
986346
132158
761654
859153
3704
345043
223646
489982
670124
142824
398552
118572
831843
865493
504861
629902
653652
460461
597037
36163
638169
921962
230099
376088
373289
416649
50629
289809
587637
891290
459258
344585
760716
174249
206382
500557
436812
781493
180745
371338
613979
652046
848031
304224
765444
719763
944198
668724
971726
680755
772034
645908
286806
156312
219261
887991
447549
585753
993884
382387
412668
172335
199068
783581
944343
509048
385918
147293
690899
921421
788153
106082
843156
524221
821281
610582
836247
998985
667654
140915
403831
613560
667287
476716
836735
257114
350642
942211
296508
790844
343707
777058
551283
899186
52443
725044
778971
506739
138852
391536
132838
704134
197659
602812
576928
542877
285568
589057
368090
655348
931650
968705
847203
753158
852191
176432
577642
466769
866467
678242
778566
175654
953237
932707
64368
77025
28727
610983
175030
975936
929085
727869
605565
677258
426112
997421
512711
791798
829605
970294
929110
698892
729699
665459
759848
762568
320378
188754
467035
805785
885211
970141
785934
611643
684271
12355
65246
72092
39507
234707
130411
491098
581391
413756
536387
979212
942691
945588
694760
392722
293972
794317
161496
636363
849534
243135
459624
931178
653470
259517
565144
870344
107456
637641
57058
621127
377018
838410
361550
494310
673798
853374
632201
550229
968941
984648
858100
659930
496583
374060
500025
763364
674129
509897
114090
806025
999891
833463
518808
616913
909905
872189
967357
403427
581643
57377
103348
662648
573346
764452
597643
72801
789193
770910
48229
639162
466315
116411
922771
539940
991300
108742
191382
321619
870599
803985
146250
100789
841175
459388
277278
605713
959626
940512
695497
737266
399111
139247
280973
968869
235237
477958
680793
369717
895791
128711
754942
933483
834792
586206
781384
987988
979148
173866
757805
545836
210228
109886
791599
524276
322069
889792
995800
109320
376673
269649
292794
682402
239216
76287
658515
453985
109221
333061
953560
838149
294312
49076
295400
863396
46066
703632
246017
297190
418979
197768
369606
950177
273020
553908
40743
344777
300581
44468
778331
165784
438792
598165
290775
513110
304792
757610
554438
834838
302292
397175
630797
100930
989455
791530
41176
553740
168736
979792
179107
796350
447070
329073
41418
428490
477522
235576
928925
511999
11564
710725
364939
612489
760894
342083
154494
823300
77559
105058
630779
142554
9950
404159
801771
702244
66852
694186
524354
366523
740128
696608
242011
60585
103540
290022
175622
693774
854684
184041
705781
212712
198098
86882
716121
364471
708618
824928
997726
836359
391556
862363
864854
36704
446443
993489
897761
502641
91600
872727
175312
905115
849955
514498
819301
51089
305434
597470
596798
334093
382700
206766
10317
182501
26104
559264
54256
104474
594072
821645
279228
227293
143948
549291
941132
125460
121318
859630
673982
692088
894161
206522
163829
715741
214729
82900
573814
772217
508449
490347
521027
120183
554678
550478
949903
200866
53838
672773
760449
708620
232506
760840
373678
894871
89291
654940
445627
491769
804220
854226
98740
899844
275603
781754
373062
942429
103899
979434
762317
251312
786947
183694
835895
448592
583896
996927
507239
88473
262552
711994
655158
850836
444563
996448
970777
619713
968180
380094
905206
166493
360089
981763
367972
924204
852674
804519
729135
943775
704361
60854
279611
631493
833349
274796
579421
765592
446866
95716
865422
258720
394210
850252
653926
749447
465905
992023
592738
643984
40546
303075
461115
547884
556491
943967
492719
651764
847411
881499
311124
22886
884077
369551
403462
935308
694527
39289
86722
519101
200154
346529
761166
646204
12328
162222
968528
653300
190629
991842
901304
271163
515945
461428
564575
29699
84131
434049
365219
405992
156219
564707
525932
256770
550732
328654
709667
609897
878279
908475
468180
235198
233360
677458
333571
523883
847090
104609
145863
565433
627256
708808
13085
598254
245669
104414
591409
854540
456412
41003
493549
236004
660562
615710
234586
218012
280805
101798
684458
511918
538291
722460
14586
410755
670328
698461
620092
860655
78607
958797
747520
233265
522101
605361
204747
266874
559356
870919
595459
890288
920119
322161
742145
645343
301924
887676
118133
508364
853184
720471
846068
800856
175310
871896
62131
515208
711865
941825
722582
628953
177143
151727
668212
612457
278924
298474
260617
372085
324518
808860
520396
973348
804454
869854
498644
325803
298042
453659
883975
983498
55090
923531
797092
976949
784382
432917
253547
800564
198295
871218
874701
44263
558871
266088
46011
883484
890833
388742
349006
278622
342156
272691
643288
375405
661311
243963
353316
3363
143279
172595
552270
882575
625179
75648
860223
413002
484440
456488
645696
778154
54408
252590
894523
309642
327216
14275
632221
902831
916052
685557
810526
262846
637704
887515
703608
86581
920906
368396
812093
563598
609859
505512
658703
654908
147268
297595
470168
757842
300997
405446
431971
125297
662247
740402
149151
911943
17375
364424
396924
589653
322184
687825
420432
831524
931221
197993
707084
569978
327459
740364
179279
199126
618478
472481
657576
464362
483623
839346
212760
777307
28555
231926
265660
232952
457170
723354
787935
739613
853754
178900
412934
411180
796124
825771
993353
79420
716611
373894
728599
644541
909537
771087
338144
652658
11205
397521
986978
991952
490468
41532
785678
494756
812491
510055
397517
239791
541273
558707
539916
220057
220216
443412
117639
431634
543572
773123
120143
942592
346089
202843
186083
991518
706916
940317
872009
112653
577915
912366
410156
564578
996643
878957
21209
945636
304341
858908
278673
402877
356203
636759
230595
464770
264263
366448
257677
250710
505744
441508
391055
805972
639280
844023
514401
958006
183422
290616
810045
650398
472195
693779
153231
191332
166880
366882
796969
342257
702993
985910
506528
958379
306081
821768
460522
472836
636484
264072
879283
915965
555868
268043
276735
521943
42739
245072
175455
971258
650178
41761
160437
174349
481540
765050
698955
151445
308225
979350
669106
321352
581072
918647
438939
662278
897246
634118
692059
915373
360597
513279
804265
400778
738102
217622
791684
144536
640956
791769
379370
127938
348578
394017
654152
409217
130900
664500
819915
278514
370335
838229
630372
207484
499064
789149
519327
849760
738006
193180
626670
809416
250309
713740
74226
874378
840234
509968
884894
233856
164496
912040
309477
790044
282342
20985
937449
939414
204777
948526
166539
355304
181838
10018
729869
552537
888020
913676
393367
124440
136080
590510
585722
731770
209935
134689
64151
513273
886232
88804
870842
558126
975911
442116
474005
264698
294001
853081
769784
381789
180495
699817
243292
790683
255682
178628
951620
119113
729823
7835
133694
305808
92845
815956
842815
772766
802275
871806
670995
760600
196100
23991
480284
385518
602726
5927
932138
36051
169423
478559
515447
360005
157751
558524
443849
66161
200135
588300
836187
65002
254736
423684
417105
352357
407788
223948
866295
311971
757798
524
57575
324093
67087
78408
551197
921303
427719
74332
275584
953106
792621
491426
128635
513173
974057
788126
24102
695380
118230
237061
311316
25466
509149
778449
216136
129742
736215
598369
357542
942632
38538
549444
877722
285573
943866
178802
618564
26949
806537
623245
121111
557999
268820
461726
325232
193771
960754
236632
512223
958529
7413
20404
380186
363435
7750
38812
237805
191569
454700
933137
323393
149562
32734
600785
116335
346945
550887
633048
695605
852143
404549
286544
731482
78623
163333
204180
122058
439090
839454
515064
339213
941896
432248
16101
947582
757627
424112
72509
3490
77922
937972
654132
14118
908933
662286
287696
322891
269306
470391
617712
547285
776281
408460
868959
774369
249706
930707
740199
86412
307212
800253
544812
128671
190852
80277
146002
955832
935304
489298
547199
152603
4589
569957
793437
263237
690870
464309
325883
624660
463964
869270
449879
3081
274769
214140
980558
96270
543885
97097
897280
945778
585355
936083
690183
749308
29542
643063
511819
847971
721277
58408
121863
119485
678325
317113
84272
832493
807023
472233
977784
503575
626735
229265
77077
648388
586754
887843
740863
329514
933096
619186
45458
331949
775043
792719
132581
474960
790587
339469
888711
420049
861243
91227
652873
866118
500766
958070
874587
477414
519071
221337
190111
664656
942833
452381
373291
252300
624349
38433
199146
889705
110539
796735
551039
829006
554595
439840
369742
753256
311738
581225
374173
374775
795146
842742
357735
998758
921373
899283
112962
776192
931577
747508
689548
650249
344351
853618
6855
493081
802432
181729
969328
768050
982440
919507
423405
341352
70504
782984
313754
273722
309740
942601
102381
683461
524717
569276
604579
779870
728819
813231
51013
892370
275397
901120
355203
52690
892242
122907
901392
826061
259972
946052
487331
307672
424756
8601
526708
322705
286115
382864
462922
761034
145370
47584
709551
212640
369740
893969
542417
154820
604601
759248
836526
361310
81759
662660
482740
73846
894072
286558
329797
424790
444526
857213
85074
563496
750674
45225
85021
801867
630978
54521
374245
934367
338159
211717
585504
487926
567669
72281
405453
561712
278344
497229
508169
410248
267102
35572
102641
878937
799153
802637
702310
633030
84351
572230
162605
694947
100166
143990
790711
932645
772871
284673
408035
656490
821401
606756
973959
636614
970468
878952
980858
295911
846385
748948
216988
598391
57418
76060
811660
414155
308544
837952
337754
315347
72995
482264
714712
488639
430757
618010
204265
884018
652461
173539
979885
504617
498400
424267
606370
295920
162857
919609
160957
8171
458241
122104
844761
733345
909150
263441
641752
723179
360520
832254
750040
254616
291940
191944
219553
145300
795428
200088
751318
267185
882106
868750
576484
770005
896715
1844
26478
874120
253716
78812
804455
655266
423658
151474
239389
62275
796139
759771
822268
467203
456257
599063
466594
425353
780937
67171
771331
739618
866564
820351
645533
41420
185891
375717
549713
557317
382385
605184
27039
578153
196503
692941
205578
966817
82336
390586
453320
556624
508035
699079
340012
592424
412359
386751
549492
624079
120483
650112
562281
584969
709925
205110
874762
505981
301574
884357
747410
868602
606021
750788
502799
697196
919556
153279
620007
459465
366069
110951
712933
817285
959877
291043
918179
766866
980270
814579
95083
892496
443444
753830
432689
564729
383811
598185
178491
320582
832199
176996
673079
130636
605991
182023
446853
933952
388522
164433
786463
723738
526835
184628
607652
975290
100003
366584
471483
412136
130315
404511
53833
816459
689295
218290
274814
831025
965054
657059
605499
220280
645162
65407
196823
774993
128883
218963
525409
889067
925562
129785
55745
616365
508172
692169
198710
657703
781984
316030
681949
875524
97206
769806
616337
510206
983601
603293
528139
566371
285449
946699
152135
896414
989643
235497
563816
262760
374698
981439
214315
236560
950200
953480
627029
649754
57667
50109
59446
335727
939436
476154
710097
833093
103430
328585
623759
310578
419431
920264
788703
79034
273713
551521
382847
504239
167391
57334
252490
87759
189153
381967
24300
134161
46166
478072
835625
608889
803804
691397
140722
546470
667895
379660
745645
129758
51274
247485
88543
419422
563018
924115
374150
202600
699391
413344
557688
732309
31021
705204
683679
965593
203918
190901
312600
16519
736390
322323
771254
149692
345814
548469
89227
898779
769673
688227
870211
135798
964313
116090
317827
911450
123852
487610
937661
923673
399766
736218
93534
993349
498781
871228
190524
414212
355279
758228
320350
471228
987287
233072
639513
241029
491803
397322
513752
111466
604089
177766
872755
500609
145982
953923
599633
577686
322183
408497
571402
242700
517731
195901
29934
658407
582465
848326
709214
398856
245999
550659
106868
706727
211644
58295
636413
350897
468793
729753
865305
684619
284988
53347
365098
237818
528050
679957
460017
271416
547761
814411
312088
29504
166671
190347
803316
281313
39295
925290
369705
796319
87401
884145
736329
440479
365513
822562
30049
853494
75875
399957
198598
994462
786916
851239
799189
974097
996613
866497
240923
776204
60437
943844
283131
419819
178820
783334
710388
212891
969241
732794
273025
785354
328633
716525
351116
849813
856954
413335
578019
544768
973977
10667
627162
146053
705882
644194
89167
562317
951681
197332
628057
243465
520181
344082
387404
716415
77050
609717
133347
69571
11695
759939
998693
262659
786290
671760
797452
123362
730090
997922
484106
80335
88197
741734
72269
541330
916375
85939
314
26810
699103
362666
628579
802224
501225
41151
974951
704399
198128
655376
785287
265537
674839
77492
974432
915322
934072
300350
128571
111383
307716
681517
850800
216681
228660
475631
378539
50405
625964
992984
562914
447621
640607
999110
713488
385675
728770
347852
737558
914573
991677
329466
356587
432005
44186
78110
348862
955463
911576
85151
83388
771185
646942
538615
423161
61405
921573
1703
928574
935554
785245
742174
98520
686436
24714
438556
136590
238614
321824
679863
241432
608301
369759
726342
143077
365792
752503
986924
845297
67008
487953
79701
956527
916876
120344
647707
105813
326334
200399
761953
981913
452773
416498
21121
924106
651104
202009
243112
846103
115335
310018
225273
734400
476158
974462
49856
933025
883153
831328
559918
50206
292996
607770
687005
835449
804237
399326
613925
731188
202494
138113
110288
176765
859900
643710
234687
437111
20082
218251
642902
282874
152885
618919
990970
725371
869731
207614
608446
955194
833866
8178
470536
700062
788487
291000
646534
478515
28644
569847
948758
561522
860920
776278
953408
823831
731366
73349
412061
703009
206985
399057
179996
818590
144916
608890
220609
10236
550636
666465
683745
925711
314056
83096
548747
494231
341252
625854
696510
195863
988487
650692
689017
49798
59030
905680
477235
762654
770388
941024
542242
418426
951063
34203
54771
341534
291155
515752
220718
935872
767622
883067
523793
594072
138344
729752
285593
953899
522659
850592
996129
658820
364292
540055
156826
476041
497067
756610
310186
808773
565967
217644
466710
474025
689490
771153
914291
675708
200514
591577
821180
323726
949266
609219
373610
612145
113662
432433
821911
960300
701096
653122
212712
850697
445224
128958
577992
756780
169854
601869
714913
308277
689883
136362
887127
379647
567273
441377
574313
140762
619387
670127
273783
307109
758606
806040
662499
648349
839146
310502
768586
360019
638572
942148
160892
948120
919148
418371
367212
679170
964299
979973
401871
994052
145938
72134
884840
553499
795059
726617
786296
186866
89410
821905
879280
468454
596401
497752
470356
274323
913172
300147
666042
84173
133030
931516
519537
381867
636617
162230
898551
142354
279894
407406
794234
632208
799813
777782
128049
924605
17233
635702
581410
420662
789479
421946
554431
574377
813348
538041
622303
640815
653293
503410
28154
58990
88598
500728
725030
22533
762844
180608
542178
387428
590165
551308
614366
184818
104991
276300
667909
374211
478470
197215
602523
998764
563142
804714
763001
810937
318568
568864
373526
961325
391606
732201
762456
330878
431113
610527
177074
543700
983041
580289
493382
817727
109248
509562
670275
728641
739163
250597
500223
932062
646457
86382
172675
993580
367922
632673
161828
469951
387235
310782
562801
405142
442539
782424
593215
139433
501759
252685
317814
123727
143416
426654
252673
387223
200713
648785
707422
995716
819967
892360
720389
880378
643734
645708
307851
270608
710986
384086
605084
250122
46893
135084
907613
436031
79953
897535
502708
743841
513069
984838
837008
194817
913068
500544
939676
793046
569672
460461
679042
355054
88519
815887
487916
430308
897857
912968
455697
268401
69593
896454
200641
278461
429507
289564
237528
420584
392292
515812
332962
418225
318929
862149
91164
795569
882715
309863
692706
511520
623382
431030
606470
56070
396502
748147
823316
181666
930040
934142
5617
397778
79198
622258
674976
818300
236066
180296
911705
541136
667413
237420
368291
509671
415282
579436
690883
169141
140964
580819
883412
454908
4771
522000
978947
904967
167645
483803
742112
476149
39924
470399
431429
623105
630314
367517
70227
801360
443293
286050
303136
299546
498244
588750
504577
259889
785232
89946
123504
205585
82719
913658
401890
10700
887520
133461
855270
758040
559993
979861
888774
688185
805344
922335
277939
855236
170106
479970
301156
333523
227118
632238
622719
533553
584899
25829
598437
957298
189303
570247
791863
874492
433626
734630
472452
340833
996962
901158
282272
790423
394138
429792
676463
840479
880413
271552
126781
670684
735046
114581
918281
865768
422925
729433
286727
152567
677737
21334
246073
389868
384290
675273
896914
283147
590333
973256
94977
934682
329697
597941
627265
315599
481498
896270
660339
803471
761442
86154
480615
476323
986952
981215
914674
453905
59907
932909
266431
977290
300543
387359
184290
964559
312016
137940
424821
160119
51551
276543
127300
467556
96245
181024
46316
340178
481497
103653
333803
430008
935448
827479
102760
595054
926036
810159
86545
135712
619217
399436
247730
39323
826806
369979
61474
614498
952509
568869
47257
60322
241113
62059
464185
305067
756058
771399
951113
20576
428042
615927
757310
183701
727163
944317
571169
430215
690919
47883
38066
713639
441577
484609
785861
881241
474221
651825
873505
692526
833638
767260
863446
420354
129996
792547
244141
50623
29597
765528
982801
636308
236138
566665
367093
318150
274926
114112
39793
647201
261258
471671
98195
217845
394283
43366
966825
538765
698263
126296
706901
929420
453176
150632
811304
32025
908285
262047
961550
174956
98990
791239
879644
289342
225083
245240
397267
994809
345477
150061
675130
84998
597925
305624
109104
405090
782823
760424
439645
955444
2221
763677
414503
726639
516332
991448
68874
765364
151135
139533
993573
461530
871196
503505
133327
304810
580309
164275
379243
711741
543740
277494
470535
624655
48148
322590
315420
506236
125520
337053
488968
411758
907317
732067
995533
883825
944254
508746
985698
610251
15246
864410
729447
143222
272949
162198
865618
359237
813734
309068
423674
986374
473261
564092
265091
523907
288804
578719
981175
875155
888853
243548
191869
510967
275524
270963
108648
780577
988871
777116
907210
957430
552098
446822
692893
158651
747947
896411
203811
890603
934667
234669
526743
276270
92451
313414
397083
451750
601647
829044
352823
144370
699205
700391
882050
352800
771892
195663
642658
338438
512157
533276
254463
921414
454946
628269
292953
607081
934024
108741
907312
79801
155826
129463
822621
95545
702915
576365
975212
452615
463307
4992
722175
351067
517884
127364
69400
988120
46764
460158
122111
426127
296191
644174
259113
357093
728327
715515
715923
904794
971395
498897
310391
382923
938453
521897
612851
603553
495309
847703
667842
394479
702756
51431
171929
630734
751716
986879
725173
854237
997533
758256
911948
176502
684660
748619
712364
81476
945986
493918
967179
370900
826966
905287
767394
159835
111365
788885
830323
48511
253195
701755
563784
293778
405372
975914
345607
671744
310250
308905
855427
235521
769136
639309
523449
272730
664481
186805
984528
647670
397535
724287
551101
238028
533524
535872
935973
663630
351562
941917
986255
803434
304697
420815
108907
844408
191373
441694
426221
130126
649756
341100
516825
804724
376278
955805
562033
983584
838807
639095
838931
478342
726228
162057
952449
102524
590205
518502
7657
727779
290929
323922
328223
674677
547326
570810
904890
940749
838115
209557
232173
591059
519390
413797
659149
261575
987512
357292
31302
294535
463877
527649
988109
558054
977206
865540
330726
781306
16
302515
586735
931326
866939
868353
324297
625863
934270
18628
332702
209136
610201
789320
722046
453761
345416
125950
352206
408260
469995
211903
835224
892568
100850
889259
631480
387062
677348
137393
557873
358831
935839
128740
601991
304046
634577
771182
599760
291946
722019
544202
135409
118873
894277
347625
42492
39637
640744
548168
615481
347623
208121
872004
40711
392552
138835
557775
271672
976645
882106
642706
855735
500472
63855
98124
289268
820965
889317
642383
236659
108524
995966
245669
256840
537647
739113
45062
417059
718310
136244
227794
255154
489711
675118
241643
337056
489187
604128
189679
205531
593921
448581
910407
512246
807336
412784
241521
197918
498109
461553
423108
692901
965476
964906
798821
789522
107428
161470
168552
272702
702029
78823
159858
135649
950469
250683
992947
199527
778371
213649
26800
230770
482727
300678
406079
125586
799536
277835
287008
688412
386126
236401
93501
171838
342636
67695
973854
499971
942150
841983
750259
59016
907264
542326
211170
650619
621832
592462
499972
877624
422690
866396
324835
57307
866320
360944
484505
670830
724034
952445
705950
804685
136071
176589
48935
279209
839964
763594
490320
471475
810086
547302
297065
608980
861832
103291
830821
855962
381671
863135
411698
468239
350892
626845
34822
659904
687661
189722
272732
112584
884014
20672
897378
912882
722579
345713
181564
85831
89292
465800
816447
75625
893067
85250
352039
488885
352956
508837
390276
580143
827623
656312
707072
668268
121976
432997
634691
643533
9777
304740
710386
441308
764633
393327
814949
329110
625643
238571
180588
78459
793747
505910
899791
537288
633796
336155
275118
975844
179360
556961
231463
889011
16904
570085
10168
189916
297038
974623
922960
885335
621328
471274
386107
243058
10847
222669
989701
806021
455844
69118
991503
638061
720140
640135
51238
182454
859026
704913
530399
705406
452728
350031
757852
483376
774801
832764
796430
523153
760537
618157
641270
412770
675622
149599
858583
998067
690541
531537
101357
336446
645501
713788
169993
620822
14252
232908
214166
876926
154405
70903
102095
605698
214986
477888
563569
318198
151469
826380
279438
656277
849592
759500
888052
414659
333084
942399
898952
344723
585728
531045
226368
933651
754294
83189
922095
108810
659236
994188
201330
971392
85880
771702
229412
484188
338508
506061
333735
257213
498546
432731
505169
431349
471433
36090
343824
453158
106830
479794
418318
665783
985761
516453
653875
861683
439777
367562
83490
409718
213248
571483
574647
202722
497874
393498
19195
686168
86235
411809
356008
906617
140825
615301
957843
153767
34117
487444
974050
764779
656554
643345
407228
885264
539433
749983
410125
61613
573208
112512
152006
649749
120013
238408
528591
587835
71339
792218
292484
576932
926895
415488
876213
646270
831403
143619
507164
723208
27884
697025
121369
514403
919451
278813
836408
797564
376522
510550
728976
59176
854528
918613
620336
767717
853527
584805
244674
436825
462136
959900
579042
775021
631158
534993
986991
653154
845932
280750
55260
195716
169133
273319
657142
293136
240510
739739
158968
140061
666651
777587
536425
523395
805190
384573
319361
300396
329704
513201
150492
317518
652258
429452
708892
739016
138426
625999
254113
747983
154271
712974
747677
815073
209097
201690
152246
995124
69851
475770
831300
718233
123979
677750
29667
566150
64305
995817
366831
217316
596653
421729
398205
127730
455407
181835
919306
712964
758921
4842
341041
889821
154314
633185
749173
440905
573524
331361
962247
126274
908443
921563
563643
712323
69910
336393
30959
70936
837521
325683
698042
184634
560157
786274
688925
719599
539787
498161
578338
885841
225889
180680
455504
451966
11073
710621
668734
67802
332302
372677
656324
571665
926462
366803
591643
480199
328085
608118
207158
368390
251708
106014
987298
139444
615363
527004
440545
174740
230975
889834
773051
834186
387443
349032
301126
830988
222304
533188
185631
159051
273377
614212
627203
679451
239848
83891
60598
314453
359024
5383
584852
316429
60218
335445
452625
630209
52288
199043
768180
30091
871883
315634
963809
825620
691264
399145
632065
415094
694077
469028
854649
751789
807093
480025
438496
91282
651073
206400
161920
187897
694926
507863
730771
29929
801310
283616
817649
607195
439908
354651
903517
707712
980951
391221
978042
979258
585761
965357
559483
799841
457334
954391
299794
204778
333758
750923
215752
321658
955723
725295
619827
373893
934464
289420
387126
958796
298195
209885
132745
758569
300246
674672
890161
303477
582276
458343
452478
142943
568250
921209
892690
968120
192822
732463
965660
849421
666195
82617
855351
383969
525407
330811
236638
564952
567434
183355
67939
563381
852196
654366
649579
132353
282857
131720
274469
35423
902806
760893
840907
331008
763109
225420
414792
778095
872505
143255
246890
427183
24253
744787
432770
573832
919526
554000
571227
157463
229435
180932
650821
582559
744986
23566
550338
869118
842598
350471
592373
416616
96020
258432
809545
876671
146356
642504
882756
449908
521845
585309
731867
380369
972095
465582
431943
357632
459722
410675
825846
314976
110237
77641
27698
37346
604317
174106
167519
251637
255738
890472
976280
611249
653148
958298
855763
339647
897791
401738
121350
719753
927778
577902
866520
527880
45342
575564
977208
584135
458317
765741
974489
668082
823855
957315
440134
947963
511557
421923
275097
35722
486920
11074
107492
123193
908635
74897
713212
373366
805207
52874
531122
624914
125634
190174
537245
513965
329206
103078
10105
827729
615036
779959
853650
386487
710552
910594
223532
185700
819134
813937
309499
545855
218485
329580
961142
84361
16597
171311
167569
862863
467001
606886
167069
237095
166869
495853
634348
107836
819030
98842
661618
907765
101452
457856
895379
361567
922748
949072
281002
399001
553113
336242
485237
272986
668225
565063
977947
558411
986381
16194
509144
654062
91949
788307
334472
615965
413566
869889
534633
276416
960371
191979
262417
697278
536688
188559
291048
91104
919462
96615
989958
768394
870740
28737
338743
289456
277884
129186
431171
754910
747576
503493
9315
205492
995112
750411
883412
750367
23815
523023
382100
275850
687834
586277
241406
933531
142838
51636
629319
266950
903526
284969
955594
631812
10263
651165
874458
206315
560768
216100
237704
928213
616944
756299
995789
934270
276172
829663
276888
402118
698943
121907
43207
629550
820548
351991
652529
425412
841192
425880
230740
936520
847191
68862
448613
193103
132722
607943
901423
883758
705013
917943
168285
558693
246505
34561
268863
362881
963335
918834
886178
499944
346345
726614
466637
269193
285280
25006
742649
578360
161209
834981
338614
990269
606105
846627
877345
553994
635550
608728
939727
824164
930810
19810
718300
951645
278702
531221
683079
952053
192737
764518
333205
152317
757900
165259
850632
353646
416769
263988
523437
439299
386133
603904
479300
436579
512488
56420
691835
975632
750525
425122
975017
851075
437651
73954
83139
810065
688167
173404
498274
679405
841022
661807
146544
909807
644914
320676
459258
108959
419303
864566
564866
331577
684183
232534
850928
486209
235111
146135
293095
296963
548582
385281
346557
277255
568345
450259
200151
384651
307648
774591
324842
918409
992321
100923
854349
823303
837701
931772
513570
686613
466848
996420
70125
335043
197326
830310
895347
673703
525641
323429
987439
704677
591788
509622
377487
188974
274110
173879
918360
713399
370732
711931
146141
530774
278258
501416
645623
180038
133010
429286
91566
871398
457627
854728
83651
660919
392938
997357
322725
893179
391477
145230
487788
399136
185329
131937
442424
466090
361519
776383
795474
155788
694689
880422
872542
569058
669010
748945
121085
45155
507077
93838
742470
620861
841679
838192
181275
873865
223502
688370
862241
200938
485404
195021
452423
881363
494115
113235
173332
686071
627637
533507
807974
421420
837062
440335
30378
945208
715189
861444
91224
864984
966870
406618
482241
106981
775415
997840
621858
145343
951937
515582
973658
264619
278879
510743
482869
304933
504240
896887
177697
968342
903938
410064
349606
70189
87456
663336
154533
376625
513304
985969
881686
89374
628219
119126
214831
699423
296803
758650
976026
471096
52848
277264
994339
309810
905858
337973
678483
225282
943203
850643
152468
65077
942590
407278
212575
747603
546213
3825
488762
878033
512458
706293
267380
73374
780639
894997
742584
487305
953966
652239
506991
882034
548092
881163
903373
408744
919440
237689
649537
257421
820395
765942
505140
929431
388195
72230
864069
15019
777272
822935
242411
386602
47645
276449
565600
188374
841617
346480
247201
971469
767396
977080
414007
331513
335708
963691
172816
299863
934294
854481
225698
212004
279188
826488
331488
353730
284662
195723
162905
934780
354450
214184
471773
991836
551773
108574
156499
10020
779414
870794
311529
586604
917949
421626
329552
81964
862879
574893
352532
393725
505833
483622
372355
630392
387095
639934
618582
960600
692929
655054
870474
339404
569053
329633
216844
477161
989581
259327
683774
376439
374752
842113
968205
859762
958474
627793
79539
582841
19825
427100
44456
635899
685315
806054
710879
737847
724028
35459
630240
731130
285491
719948
167129
98990
927859
150247
913141
787909
242486
558990
167937
821629
375341
184744
48406
30614
162139
161941
380299
452570
238744
523293
736820
857701
904960
716201
909141
990391
604278
78719
703490
130221
494031
84355
146687
538458
635036
266861
349954
683633
5793
132691
574954
103191
198368
460165
886506
375898
933945
829165
162173
837554
29412
117428
4044
812323
913044
564165
152018
503558
435332
94763
57161
739631
373346
59633
785425
277692
406669
95431
775580
530768
688839
645230
517308
890856
737710
733872
879114
961105
793012
760950
691730
298073
701822
547585
161098
457940
950672
565969
205664
572089
348952
702101
517987
83043
126180
746745
593576
143743
182678
26207
923368
518906
888677
581477
544425
34851
449476
515371
102602
534570
823301
52494
379370
711585
246324
210289
995299
794460
668298
310822
73862
477893
801296
891851
750403
806180
401200
781864
123689
160434
497445
48142
763319
605759
76014
410692
163441
909078
618926
349593
559545
410548
905088
526001
814792
796401
918830
268299
465959
941821
787801
539921
48716
840978
294492
525619
644273
771993
763684
51420
570492
799213
480736
523959
233266
449416
174186
111609
875483
741563
142212
131163
435287
192317
888482
126423
147712
6575
127546
661914
692509
270844
331575
149470
435706
319972
625594
499085
378976
503413
799842
367196
968985
494932
933061
427341
545452
822666
354816
433732
868031
330156
243915
441724
721782
12973
405040
55214
294333
771337
615347
334813
768885
794407
449936
479944
466554
805918
58856
663585
923996
201001
846897
447723
397993
704333
764951
330617
313279
193302
730422
539861
516692
273648
460767
594342
56523
271734
965422
906580
837409
343902
793388
907451
304916
279482
289590
604455
573193
130218
846224
778372
934629
200217
268929
864021
607415
452446
723903
94539
226392
363538
407469
779726
187474
76295
698905
625729
863785
507266
877535
309869
670089
755618
347152
52440
661041
497642
864267
506863
625856
86406
412892
136022
919803
409654
835217
536523
882436
53195
903192
11756
393812
192604
859639
487809
570350
40278
38159
733236
635836
151928
470619
772611
275154
204733
970384
346619
55070
479093
945878
347271
159267
23619
376988
908574
417235
286466
731021
136036
215609
132518
986102
974613
749012
123057
789953
346547
106428
67621
476312
735473
945610
596752
270066
533569
145383
855841
485394
573337
930393
955531
486791
622780
404834
354340
650273
36746
936884
725276
49057
373645
153395
599202
132754
876349
85333
7658
302106
759613
229309
435285
548691
124060
327289
582458
405208
532615
941865
842308
155655
521563
388457
827352
257082
544489
549166
446946
736336
371184
816988
173697
515297
584031
854917
544250
785076
975740
157004
412409
245429
421523
671721
163871
974794
597572
376130
847853
229808
247923
869130
9077
199612
691474
697408
31373
34249
409276
18980
612710
451567
386012
656540
260578
142434
799267
763883
300933
128736
180046
533708
388397
308299
131665
752254
690397
804117
710081
66091
14778
192604
694867
892645
298987
415613
656204
476736
706484
168024
277781
994895
185385
923048
826359
2024
739185
550735
837143
872268
435720
430534
456369
436814
344167
379347
499062
28828
646570
790284
814545
456785
183170
531066
405418
255685
461202
784119
487995
793749
541973
552921
801748
904628
886251
115884
159157
786627
712682
558584
479108
231013
417717
132303
113343
301007
64135
856316
977811
787620
642369
645133
452426
90327
761764
954831
91132
305440
607447
607000
660612
803102
452055
132855
252598
652197
954585
32296
301135
101789
124797
723144
630474
155082
574323
443507
754773
248332
753783
421229
620236
77220
207535
754901
887146
79041
248283
837915
93984
662609
301499
416585
483232
866487
207182
186131
333672
264564
513693
137123
322939
381569
89317
986734
197213
161027
794207
830977
954332
651880
148437
15814
681019
944891
905580
971092
299143
924901
829462
501740
904936
220375
299498
391265
56740
614192
916794
378836
330483
708172
13738
795576
474920
209393
115876
404942
901702
957745
154995
249807
304419
346447
790450
35660
806347
332366
901280
370931
497396
99835
986721
1442
516189
575406
790708
301526
361902
17823
941292
859945
685016
584410
77098
171168
108519
865247
890811
253586
809559
227445
330094
894634
521596
179458
852749
878986
103431
802974
138139
309777
715527
34397
82205
82573
352566
109528
251808
890799
760286
404036
2447
32529
115384
556549
99007
207992
318077
235126
232479
160841
228283
762022
370393
612
214049
438984
106214
86871
583251
552375
951738
345992
607165
28351
757021
460974
972177
570586
153162
247654
459810
765512
581847
371049
322113
749347
613130
579016
623821
869253
842230
546925
832516
185627
142522
822592
168892
783036
222372
972356
261230
93582
564493
591231
327490
491669
952963
670872
118301
980180
246485
532272
868318
685739
584331
347213
547428
298970
594345
335296
252264
38607
761447
284740
496532
172946
42595
457428
177158
460825
816624
765230
345045
502292
773444
463082
663377
231626
301460
852480
127035
91000
806946
982296
643088
476075
300797
185987
523275
354328
611903
15370
2118
166522
670513
335340
656078
554415
82578
129480
787754
675963
825089
844277
290162
572340
162212
296901
686482
121392
123350
15535
858043
731803
480129
628479
909809
476283
642170
101995
285092
207025
468038
815173
529347
479851
815159
962833
861856
999973
683012
800707
294198
258183
528569
231115
130621
253634
230109
986786
303058
335340
72760
706447
884989
959018
122644
819596
696839
597604
505662
168965
831768
174938
741036
492423
759738
951945
418346
904494
833976
166192
94741
287720
444419
588811
994615
477430
948115
119362
82212
369307
572986
954715
315650
951443
728473
559426
735788
635261
93
221906
845820
741953
223582
52496
965907
220682
905432
5883
190659
385701
636336
850262
296351
982507
102984
667756
874003
744867
180826
262749
420967
520333
924190
736578
75354
497276
550585
88546
572144
740864
763067
219564
827131
97697
424144
478058
743683
74609
910440
629444
886267
640473
501819
256702
607030
964535
672809
824452
819109
109587
507733
748512
111900
353075
385302
750289
720202
800795
623799
151378
753492
661842
499954
862730
174404
323373
115207
80328
481262
27267
205725
110001
982267
4205
198753
326946
566784
299328
1767
110341
253645
651118
259138
991907
737988
900927
495626
252850
12091
769982
379171
936864
644781
906365
636707
884550
53888
786451
928913
292991
246991
83563
891527
487819
213414
54791
567850
998474
406080
358310
581349
958340
497863
773121
2047
411291
351332
118311
11217
237193
683367
673045
853496
829936
384714
979441
524802
132162
65837
155947
385197
42439
138860
260364
64701
821068
172033
198257
870844
547865
982205
446407
879215
325826
969671
618347
730807
502326
159705
334763
563171
688851
731596
279968
513463
643183
554667
957246
586190
728952
466846
418399
290588
747560
637025
809242
53508
325840
170927
705132
925262
434396
488816
818523
821684
295377
726541
937760
320709
574787
803649
353303
91322
419371
874979
347798
680560
146246
927073
68492
895511
321779
380262
458690
856833
361817
563016
13919
157114
579006
829551
144816
907920
211005
84547
120748
930553
520433
601265
95159
25897
256357
541795
451709
796749
167709
533181
446241
707246
342735
879583
860598
869762
794904
178870
992855
427130
528912
111165
575397
595098
946646
954727
399592
181847
555683
403630
379085
954027
545861
750118
80766
71169
783794
428415
985280
987886
65740
453243
801040
629402
241735
700977
197547
663932
693371
518718
44132
132795
463239
708415
1444
933328
554394
941697
462082
593389
915483
492197
720272
333961
126006
103569
354540
883118
931580
137053
725334
287946
594275
740399
559072
704764
398098
681013
585202
741707
771665
541977
127537
154951
969831
998359
239365
892140
447743
431152
22715
530326
550346
393551
381867
637978
249756
731140
985525
231563
428141
432796
414296
640235
463103
988020
116153
324874
393096
745001
336404
346672
465124
92339
856622
770146
192785
649307
607739
514340
37637
675036
316792
879300
472658
756511
74279
857818
543968
290019
310325
800484
992811
360009
630970
20651
244175
43184
102673
730355
40719
271909
90773
307584
680060
622578
854993
741510
156733
558884
402134
706372
354235
941053
644518
854160
182678
240803
953320
906792
728557
297264
955072
660588
277369
874717
587716
623446
732268
806196
710956
927348
21346
966938
998290
410633
928060
992769
119752
271681
543567
462187
314556
760706
878894
970154
697520
52941
223517
945642
33861
998676
291742
909580
38137
108384
141310
840701
636138
639762
745085
9526
468017
984377
600288
150523
155885
396821
316795
30272
712884
309519
364891
568326
348811
930854
193992
990365
594825
423358
809539
428184
469445
160343
115539
498359
838368
940081
71397
165396
471727
266473
261077
891318
936319
626431
737543
330507
566409
812745
667756
108964
532727
858352
147601
518002
709099
756935
492674
518392
634309
246273
45201
640849
142034
154791
589371
229870
459429
549326
226873
389983
240761
745203
631658
583573
58967
381335
434258
326730
523104
913243
308142
40082
820550
691031
56769
391898
865783
377358
723263
651877
446254
850465
924468
724412
702238
670111
931046
496202
472590
469178
452973
460715
530743
145447
65426
559503
908495
315464
667717
618228
617586
534335
926464
939925
993638
434930
163393
664397
748997
592803
579945
684395
460997
266975
977613
257249
850263
559678
696750
849062
382676
720009
666041
488935
531694
255094
249368
759347
450381
926247
212212
213020
500420
799094
720238
172445
36646
900783
765380
642050
19994
181010
517278
36259
573477
694616
761244
606102
761029
611318
417455
482262
66372
614443
693500
873223
510986
952002
333058
344508
234874
487872
119758
273028
295142
411585
458490
795889
477609
424989
582739
391640
362468
850111
919898
1272
495870
852188
423725
181408
48168
274512
599015
361609
602869
880653
583290
908682
887597
661179
762901
439443
867406
516128
59422
580402
318126
953991
318712
969168
657045
847333
448615
583729
777473
390734
384430
230280
221607
534456
290951
345631
182469
72744
197892
476221
216839
571086
16094
611315
716088
73813
399602
483110
22671
655913
370007
961065
905369
25045
511244
676282
986752
62337
539959
158843
962799
173308
201800
328872
289935
831299
699970
856238
986822
374952
825298
431303
553705
217030
85152
432514
364379
274834
86425
174882
311281
158468
258792
775647
388555
116946
837277
616035
150376
167482
306064
837840
261117
274467
296141
44893
360623
452073
244311
999798
942582
813137
420102
570263
114113
189439
467659
117505
184432
838551
216130
787708
285041
462189
124759
421410
721119
748673
791947
536038
394285
404169
688993
251721
388954
122563
164077
594794
397168
826049
556987
746183
40994
696319
654485
928853
742608
394517
859971
137217
102770
101949
93
955013
73266
588964
924117
810794
765556
535560
835436
398494
517014
200269
526720
856409
298505
63515
842753
900233
829770
205012
392171
9531
329267
103897
738374
883509
26168
73707
859949
355240
446248
250316
441344
36854
669078
531467
645750
998333
265974
853008
943279
168892
986330
884316
525989
451793
561381
273250
554318
640306
485787
216695
945187
879652
244752
624184
107958
136022
929548
570649
213038
510371
749156
471456
203873
364976
960186
474205
791122
586012
918719
733570
950985
917876
84424
44384
433389
569344
648100
751974
802456
115554
241471
911498
914605
244990
220976
833332
866177
662007
512713
559547
515422
869243
374005
969235
103505
997131
347090
683281
426737
339131
479021
874700
739096
654348
352070
323329
406593
932365
906099
747651
752568
452828
22855
454491
812089
995929
989944
373709
939768
94080
835956
538562
629174
884854
278192
584520
654431
793088
695593
54864
281558
673395
255329
79194
396924
556357
641147
497767
293062
945605
555667
132464
899238
9491
295100
137354
965974
170706
473348
250911
100908
815089
55039
376881
338674
840758
258759
271934
843714
860541
737639
8090
884547
934536
589254
746049
435457
412730
270568
577335
583109
933017
618025
582560
392947
228568
936596
572874
639955
871448
837482
987450
620391
584083
316537
155645
736619
771753
230254
996912
596609
473636
402366
383733
149885
552501
413240
164766
310281
971284
112222
838335
823829
112990
498583
945082
346356
942820
504964
316355
754583
619142
18295
110754
546752
84191
479151
501795
893071
49678
555972
874892
137322
928096
388683
67306
621069
47284
45933
221418
884649
929959
67782
769015
30591
676498
2015
776347
683745
199476
455920
256588
102817
317628
856209
605066
202720
608220
326324
208607
177721
436727
926757
690020
758067
309619
723954
75477
43996
197390
522702
164735
575453
631943
382521
68549
321756
884750
851943
84387
23016
597910
625355
929533
394247
62422
665951
383105
197917
327946
238659
344209
586854
600312
979939
262103
974684
27322
248981
962276
102351
748776
590343
135127
419983
455157
761687
62721
527984
27856
510587
47511
646460
755778
126418
444924
677162
844397
488520
305215
820147
775322
138706
77934
300747
635108
950247
360602
553073
276725
929301
815109
689035
51922
926432
949532
317826
785546
90533
355609
802242
991333
804469
202489
618827
402414
579570
884880
914909
996808
176498
239113
616538
743114
49770
305729
140865
766473
437272
125284
821208
336170
733133
74999
974065
491897
44848
701501
381352
378616
158790
614717
36961
569087
264397
294596
244472
486778
420028
69019
140081
459913
488568
458189
920099
28717
748189
513873
842178
737694
804729
452252
389626
646026
708961
532421
754256
785179
205648
514455
860263
331609
457747
827569
16359
67621
643384
289456
676763
591485
551762
856027
212415
72141
482278
96053
400127
282385
974687
344572
824679
843539
761900
958904
181073
17228
331040
15356
379712
864811
492628
135617
30224
339336
593009
275213
357856
281868
561677
328592
8978
336046
321433
620156
768666
628784
501082
522892
788888
858542
698961
845672
854921
217217
7443
543640
261325
783837
548802
866875
941019
255186
679790
494100
456589
525027
130141
699639
493215
330259
441087
293452
778444
705598
413349
399335
318838
4023
89719
937847
46501
149645
439134
148634
346862
818366
555324
335503
711929
328175
40006
622396
496217
59038
861972
236961
455167
53271
521242
291509
486792
869931
389793
909333
110119
309437
126356
187586
179089
135276
792565
394419
275332
826407
948124
852664
810170
45928
684541
209229
720394
203170
47632
828431
568389
456292
941057
368395
39110
956606
291016
925358
51511
440107
569742
128331
116200
171003
479250
112084
719950
680504
164438
554687
755365
556645
60204
98377
149624
793275
280110
535573
796099
90969
850137
747131
220380
981299
95783
441180
847954
115654
649368
101399
157855
25879
557717
770398
872372
694001
69515
584239
83721
765630
273608
999298
652262
401848
178008
705810
816368
377161
750430
352058
561005
850920
116067
574763
988220
120613
490034
403516
452073
796555
995570
939999
863869
614428
456368
394214
418803
251982
95909
422024
926512
565655
843775
4416
310002
268678
753322
671516
762730
673230
227910
653007
613656
949943
255029
568546
789886
269728
153809
811613
668906
389377
326012
239290
36182
556749
123704
289034
654899
396160
239914
693158
631035
995949
414822
644732
692714
276480
492949
90465
308547
361967
145819
19310
341098
464755
634894
659984
740474
511796
160339
865283
664273
494050
179279
462380
221819
309677
531317
837614
289202
903599
661596
977919
955777
981209
148892
980424
570511
711959
923300
562653
176529
172344
366851
767063
123616
734880
642038
842402
669143
462451
664182
892422
542127
718675
746261
171125
35877
206903
957514
814266
222096
425693
121562
249013
941136
422576
830437
161377
764871
891737
104745
71539
807530
353241
609024
556929
731909
873646
978071
781549
194441
22423
504382
825248
753352
638120
433656
133348
54653
617478
111439
817895
602092
602112
285004
999147
137840
507003
339892
673131
200981
70373
23939
813198
151814
624103
883078
561243
12037
708809
773851
560510
753461
766452
564238
583516
208447
520054
878060
135019
475076
471831
173206
538235
429023
624574
194917
455892
376008
146643
496688
150362
359901
720988
657044
661447
935918
259499
348149
445858
355739
306957
738303
181023
530591
326163
428839
262689
813809
82427
891036
504487
590587
450884
185103
714609
466286
620306
504371
343378
432207
496304
262432
536083
472322
917549
446546
981695
209493
815543
903431
562105
885341
928107
759617
178112
400946
696496
370342
460468
716466
144749
608119
75210
600598
480742
124111
238969
618284
250506
901863
320217
85816
718364
339171
164089
509014
717556
686010
782710
89635
594480
872807
247557
40545
51532
857690
407945
27651
847446
153523
101870
800324
744831
860165
467890
982266
898833
115714
356198
526451
704749
77155
740120
156407
198741
174494
158147
63388
92731
892980
701583
126355
548151
629341
86718
625747
308334
198645
142346
998412
92681
347368
298771
905095
96296
948285
260186
948989
552719
752838
560904
253805
168002
120655
191013
569885
854972
360039
166935
831039
45741
744990
244821
276468
576426
17015
7224
237315
984988
567116
230389
78997
238117
658273
738618
671696
248179
169394
396151
596318
543919
606972
21872
477978
837293
953246
512051
108163
312919
406626
399787
882921
55824
386314
717981
424640
539504
668274
913992
665564
464187
22901
828402
455697
188328
333512
56509
627695
948441
555702
256958
650862
833584
653768
257333
254872
155841
246465
732531
370282
778406
241958
843613
682808
864869
602866
483131
216387
400217
884105
750969
460663
569386
127053
965285
212965
375836
539851
42875
338424
589305
851222
353469
494735
342674
915295
564519
101826
921782
668593
266958
885785
379593
292930
891250
135687
895220
456645
234589
961335
706331
633462
415561
643977
936001
671501
732246
39761
494353
445650
817412
77572
997879
315859
447043
821599
373512
656270
607036
995573
683083
172154
704449
397054
473583
809641
332293
215691
821925
153721
958261
427612
863982
383726
682354
980206
360150
456251
622483
860947
101160
887966
533913
157871
781217
715305
251059
277607
501534
94739
73274
874705
838497
292433
350232
345366
582208
323989
378535
200295
597600
434503
744198
428293
326814
408752
519261
916298
794875
339751
687852
30378
57073
178437
568759
721497
376334
590859
708780
951735
16667
694435
330597
194241
86493
120644
920492
520760
876500
665263
968089
165636
643468
601693
807049
865029
611869
727569
492044
664191
833821
789331
776166
104082
733277
203831
893911
38099
928745
144978
445287
913183
282821
222145
511786
662097
93066
691567
938161
645326
983854
553921
652705
486130
746162
419921
323672
916899
866268
9514
900303
53489
76902
492512
131443
330510
260853
408230
703675
997849
183364
775135
220080
877408
381863
368574
611636
239560
976310
767991
783895
807576
558304
549898
49386
895942
516840
967326
204085
471021
300069
222666
250860
517113
347448
989534
62259
292927
576838
617599
45753
693984
660584
213929
730803
588459
486064
314507
781257
854210
967391
714754
340052
826267
618907
199682
323732
34574
443386
850526
20825
386754
74349
179722
797529
91895
139907
516501
699152
150128
708867
566692
996226
727307
695596
535058
128745
903700
626542
155569
524143
493953
917391
163190
690150
875902
518479
932240
624214
399996
443460
305748
508407
279316
722345
859728
78346
682442
615336
880593
88217
117516
855077
476028
942464
676179
780203
897091
718032
382019
943748
313090
218528
912966
228833
47533
481015
479595
7463
458627
965070
146056
32252
394950
596112
722600
353974
366868
102966
309660
24614
781896
262418
988716
106684
779353
940329
846344
244761
939501
94132
801773
769682
980355
414252
747284
843666
661523
838431
693349
992381
900082
803828
683008
214152
761205
586448
216010
526250
912650
508190
447213
296807
161067
210141
799787
716895
356393
101761
184119
49616
256251
381244
34949
743926
90623
868533
592625
540127
866218
839933
448530
25291
626058
455369
809733
133388
356769
582718
654314
920989
350432
7190
642715
668221
217607
792350
977840
744482
76177
19769
505233
173883
286296
94399
600838
85454
428307
730184
306665
424789
250037
724822
182498
360752
782880
117049
222200
718452
773526
626057
485039
112976
72228
924365
165442
308921
892905
654730
602816
31980
184333
443042
703765
964365
823262
886509
330653
221347
556595
879131
293450
293070
80061
852235
399509
729227
751432
352052
458680
910791
405269
485279
366007
317694
458917
279686
318229
939068
612184
758581
63566
349899
807388
254168
173167
211617
633445
244492
449882
110979
773494
484735
826140
41072
204200
11514
677179
618073
189907
88479
123998
845210
930297
106728
164389
542669
228132
675504
130324
229155
470292
888265
919608
481387
264056
315319
541852
901129
411459
858341
336009
709628
572153
290482
558893
390206
359366
689734
850564
185284
53172
495112
85238
737722
990782
657713
747683
719933
803929
891920
602701
968287
419860
458383
629227
59981
92584
834351
757769
117966
540743
219444
956732
653168
637475
745735
151692
694647
477550
438492
57822
918067
745430
832197
501832
663683
369653
441076
968550
463826
940599
175966
952832
779705
220970
865964
728570
827282
945383
547098
570870
837941
214160
790409
817813
832360
879919
981934
703236
810000
293553
270690
190694
820863
624270
375635
482801
516192
668783
796400
111699
316719
135913
26083
362889
718145
258760
902175
619339
927889
367540
798910
683971
935143
768799
820656
187167
30099
919824
349655
787160
336106
626781
219164
908929
797937
265869
520090
421713
836290
85787
601349
456182
590609
506401
384148
616067
789603
64039
683092
32466
338752
419890
993574
189133
462789
758789
316590
668736
687793
325827
222807
45783
830644
182443
680364
691680
870066
990165
329051
326460
854426
801997
500931
867097
59156
48180
194169
916222
217649
466203
767991
964243
203125
538556
561917
235143
652542
974669
773858
243305
783881
882479
717604
173128
213184
674768
543469
411292
290169
972019
775098
184772
748093
408795
229647
639776
641343
977621
58427
303863
768549
396871
780202
461792
347012
252700
806257
817355
858298
91995
190057
704790
350895
533929
261080
241927
374358
492830
446904
829949
509969
445442
35103
121897
55166
40801
655235
777797
442741
330433
89737
931245
386230
617147
475495
436284
635590
564465
118330
457133
994805
905811
474706
458022
680791
104064
908219
597088
31823
622981
601359
765330
540356
933285
57406
443082
693028
352076
220782
490771
701882
900199
362629
979983
770126
971235
941762
229695
860513
496895
482574
259474
225273
367983
992424
31684
659499
160601
395953
397076
481524
364704
128055
278832
505292
230309
173164
748956
365745
294549
491767
706544
947799
368625
624693
801980
371890
167233
113089
157604
747189
679672
466853
914916
68155
142986
656875
73704
350105
934638
403891
117327
838854
250367
137308
929495
340375
802918
363668
342758
3329
954528
845329
568049
835313
72248
661836
703067
898941
537277
272886
572588
220630
994105
68520
152514
592013
656796
496355
458741
810397
271893
481287
693545
203236
668213
809597
856495
455455
878870
955831
561820
534471
325572
116739
529580
851025
359255
878411
277356
445431
551575
25993
657934
29723
590571
351149
954420
716232
298636
331052
372342
7729
667643
848571
600359
968733
1863
346369
312285
73074
253762
291412
839915
799006
866249
542259
283893
383986
102071
334227
205202
115395
176568
339514
237435
470108
234645
673141
479839
262078
319641
897379
559822
484800
344134
405161
814677
593954
950793
167623
403918
106585
49468
346540
239578
39933
101858
377583
344764
671485
645114
812123
518908
579763
242875
691329
767259
833130
131480
773130
228196
319982
676047
573423
197234
264853
678763
576334
976942
426001
831354
372799
160010
183564
520498
561753
422321
729316
991670
571280
964401
69226
127112
924327
908731
5491
193418
885058
319451
766074
353408
96557
286822
236564
853244
348967
329932
910301
816739
979927
994377
87168
840762
396932
346143
149282
711253
278436
533923
981071
786518
984427
153097
472138
638135
183138
773667
547019
761232
320685
963593
928831
58411
818215
345779
308840
476554
18309
309763
998049
309789
683344
176128
425727
812952
288456
908069
4424
82327
153959
154899
5871
228453
597585
508987
663343
791172
766796
71455
186999
636813
95970
149335
650459
971458
499894
898774
875686
949583
533266
106163
444821
488036
488028
165246
782322
600356
18305
232739
918212
770631
714189
644003
885290
571605
959599
825227
226003
500273
578341
269852
486044
620706
537619
957063
47289
601159
913986
629620
954685
934751
685124
515275
258277
996358
787207
159662
730847
537040
574590
212901
170239
453326
201179
170574
589405
222528
128824
210800
723930
320031
212600
134605
910480
809342
899726
220675
293604
416569
83386
16057
611416
104881
448414
896272
143709
837161
531482
840923
992725
411353
68982
141530
263895
107894
538614
605603
793362
828194
18761
900115
732760
288731
139883
321026
830680
100876
692176
774410
456511
275690
821584
480929
733049
928898
759184
752216
290074
52737
619419
8154
141106
787408
820861
552500
526742
720335
824884
156815
211157
872048
130341
773325
688969
890839
58397
341096
243986
275705
908714
151731
132758
930089
375556
176829
945583
119317
20003
192678
445315
771382
786460
889530
908981
810914
735577
563239
888392
993885
34368
68854
99876
867192
737727
427714
753329
455122
605272
127595
730277
33433
858053
316628
545483
174853
947325
483339
694238
147330
471982
137927
421518
876979
750167
921295
630469
964217
817444
680503
780987
771017
524203
835785
945702
658922
704257
330243
200839
156387
618487
237273
201813
840414
558849
696097
789935
455796
812506
29405
650825
266204
783306
728898
472236
512387
550656
435532
879607
313679
493081
606932
350929
966386
796993
901124
50473
30497
958357
480954
340065
329469
629616
510605
685455
606214
137078
200028
822861
781568
572113
475068
327928
992007
850686
25127
625081
189719
785778
689630
992310
695180
130276
582188
749597
971960
757671
415315
874690
417037
408065
910477
869652
538442
639883
353728
68772
718938
31516
619671
481485
306410
785832
297929
384231
395613
851833
71620
492122
942617
26288
183020
973666
193824
489612
647039
650136
724247
199289
736836
297330
375075
484284
873329
856190
543999
101954
438587
780340
810387
579351
243561
499665
860186
876588
538829
118120
900059
990755
201612
854634
936064
325737
687877
451576
618329
25003
422067
527605
956315
547720
443920
926576
498543
387926
781498
570618
284842
740618
291495
608517
775298
156174
128579
171815
822965
138339
625175
217729
539084
328330
229109
739668
786368
60925
804953
820445
482942
262462
389169
613424
246162
552768
754234
154022
639452
287297
206631
295921
794468
623830
882206
788501
59247
996289
772421
95897
852802
938667
991508
561526
237601
356768
371003
284575
966192
209040
94015
557075
523708
946017
506745
182156
606548
436167
330792
203848
925919
175630
270061
866742
649696
261962
495927
247972
266673
909793
188853
386040
956563
8716
561292
721186
604191
517012
782896
774132
81226
570295
713764
351267
165140
66564
740481
865937
141328
207084
832494
971348
681016
245835
385890
827036
358834
788748
148947
462747
904054
401704
118529
703260
472077
528553
236518
631958
996328
470215
585844
557155
149584
189150
667564
55396
991610
355924
605043
465862
457379
906030
293270
413939
92123
433919
228246
674832
553621
206786
753786
871640
877931
427641
793713
930787
125465
271268
773460
465592
581605
778161
469108
555927
572764
661246
8075
280696
67730
328459
525849
507613
173619
202480
545541
126306
354213
843803
907412
774855
949684
932057
979785
586552
898938
420265
985891
103021
706147
850468
960543
456259
641793
561134
809215
313523
131910
523873
682600
781753
931104
712260
540048
988923
186819
495649
526889
529700
706941
52726
769789
389383
523702
922105
217368
350476
926689
766112
773618
977600
270688
126848
811813
333993
347862
474374
312431
237375
863077
12436
873236
468604
398481
536616
8922
625435
186565
827215
909297
253042
898750
61036
453345
89834
304117
497409
302748
922237
897195
982211
324733
205051
511580
151967
731011
353472
209481
463890
253839
808066
358062
774607
654224
922667
817491
858101
546706
438792
132928
19022
446245
236589
127690
610055
88297
501494
589617
240160
956213
131599
837612
216012
774472
259745
727056
867291
897128
710262
752835
552333
626877
20941
364680
821197
100943
552464
461033
627341
924785
65646
583100
814850
184504
832028
649023
883342
465462
528090
931381
394044
160940
73046
712012
193885
681603
225569
983542
62690
564912
154375
871574
886804
24713
545403
122892
764492
345938
275024
619328
134598
449079
373254
202696
792985
589204
297331
566699
204535
524448
22397
90556
624011
927026
435822
592255
258757
263992
519754
687418
700624
317908
247467
505856
608771
341132
260153
880394
986661
993981
732391
161182
602658
23578
172330
219322
586394
589952
800456
173951
737108
811485
778025
408670
317799
610533
328263
455618
538884
903328
278658
35135
113013
729302
461122
652172
1924
649515
760759
413989
749687
15675
551916
689241
747619
829472
624528
85230
697456
441617
64655
162595
881266
610938
643931
785605
610631
666707
387241
318060
28135
139732
901462
794268
985666
323917
807787
22139
915040
571421
120957
246677
128675
841206
879607
143255
57505
434801
93203
253130
816848
689602
556975
548531
391727
790988
553448
458613
878748
4808
757133
215196
691608
999158
976886
405345
521307
620235
6324
904932
429033
20524
96572
659608
116453
288377
254901
279248
381367
224851
481600
822730
169820
372948
311720
67116
276539
96851
365247
148614
107990
898928
397341
427443
554351
916050
96948
817480
520770
837883
755913
286832
8239
271314
47528
560068
466474
417925
872778
509061
997789
53204
93393
971591
18341
58168
228770
178831
467470
678201
571796
155501
973485
106870
888464
153620
562099
61920
361714
251318
321297
271119
572625
498622
721353
438722
481666
473713
304399
616040
613165
230961
557942
134704
427368
878879
748356
633941
282221
60663
484925
961052
940340
693069
722829
151704
387972
969135
546178
365407
405482
984511
112548
103275
334937
159969
860443
657420
461202
22143
584638
18689
181446
791983
356231
167780
929205
918790
314245
425896
250561
873653
55899
417764
97230
530230
584789
316514
660033
658077
641581
318201
539829
223170
490971
81047
72140
57669
840696
305974
513081
736474
131914
205620
135849
299227
512957
905172
244576
639158
921965
919723
498949
911226
978419
63410
734159
955010
810699
51178
388879
925619
134020
546733
689697
533190
407071
713264
948882
879212
193632
617005
626504
425400
866062
111889
402829
789210
953668
128293
76616
726366
586926
527925
777387
385836
201807
612987
57857
772356
79897
941140
319229
264697
223171
947131
223890
960949
458521
813631
84933
881438
995501
692428
695808
39097
30293
575079
691904
747205
791828
941704
190762
570452
840277
794201
611765
705039
820856
280803
716694
154728
704629
750906
158241
233768
315797
244691
523245
643946
112546
789069
478493
582332
445320
884984
231923
211443
199717
252414
247374
636956
605107
829369
414952
539352
413959
10381
181733
676943
787366
813583
700380
276543
429075
54198
142202
517952
714701
42155
898845
416017
178262
17817
602661
224966
424309
388822
87650
111705
725827
114156
71147
827062
702232
41423
281153
688966
565660
814482
160454
130722
370897
195370
104089
641493
467304
315646
213290
476423
187930
836003
107152
137983
765434
619653
639520
942398
156904
57466
472429
60006
660885
554742
878069
960076
59572
220473
362355
330792
615953
98648
15617
362247
243526
44332
744901
389094
355736
555488
84494
975005
626595
818388
250053
822066
701654
228144
900175
87234
527859
603075
599144
521138
514406
516504
817442
109008
241714
493885
401544
150355
895032
422115
723646
62162
320086
856893
832633
13180
238824
939324
634179
862892
956457
752608
574711
982551
799467
53820
735431
641597
865721
849302
968765
126617
22316
584775
27869
393922
594422
435827
954246
485683
538651
839780
93262
767908
937217
498252
185211
513172
892637
436033
970921
252198
877838
858713
677134
209570
743552
906921
699867
359727
460524
26497
274419
168378
285003
887825
731168
128444
626037
738774
584884
182813
652609
498933
774787
205207
748341
333165
105396
124822
363035
556002
263967
365825
538239
365484
61416
38574
762464
136128
106527
707531
271402
292320
782742
442069
51560
763068
660201
444757
924479
225609
617638
549824
712658
801206
792267
599642
222246
420181
580964
125624
309057
248713
249495
946119
192456
771808
585431
87571
794532
5514
875889
175419
428586
943891
372899
580039
687307
838660
780360
465225
253319
826636
297291
33916
533393
426819
444386
377594
705788
981547
504485
300476
111599
416917
165953
758801
901909
880713
227398
878389
50086
394511
731455
948555
684011
653509
600076
851136
502256
926278
969581
233599
119832
499198
510163
587797
564045
802438
22492
401166
411992
210449
782802
743235
471099
592335
875279
898299
644799
655030
766086
16827
804480
966652
689500
593111
749381
595877
695311
909262
550464
663809
566533
479321
189884
107285
827440
962199
312137
78487
535737
170299
249545
819537
695865
490405
975169
178268
801941
286162
619096
994015
567507
584020
489771
401613
204971
876218
348010
479697
406394
307935
944570
164222
425583
744469
586190
596223
922425
92354
518426
591640
251450
159451
381006
981720
375539
259709
714718
696016
296121
656045
730289
691352
889243
429995
336073
74331
135341
980008
638554
191526
360854
769721
533986
137573
634166
281197
407743
559887
924695
413469
399615
958267
307374
847686
885676
921791
136301
640697
124209
218915
935699
518499
208968
765534
148437
64718
535168
863117
46788
631351
620015
723572
452931
694296
640412
847763
283937
87521
905473
377044
270580
502617
637565
546597
945092
942556
400809
42463
161426
866394
68382
551901
963018
554628
763702
320330
918952
643620
698833
646413
342448
189294
123016
677006
929307
266706
489619
688787
396509
611943
577792
715952
106559
19699
309204
125365
637876
840201
100123
380723
135242
836719
510588
62674
623457
769372
187001
83767
33084
468327
958367
937574
27492
77678
2052
350662
323340
518349
222453
899458
573586
332607
894209
807042
481108
718173
773301
307067
909227
340813
189399
191012
488311
692963
642070
563102
331883
154952
739752
620070
705315
498650
421094
92590
87953
953704
11568
834756
369349
71024
82068
931268
781625
916678
334326
42183
666098
201479
346379
702409
795939
934574
888413
823115
837514
281898
484474
33438
83951
472887
371711
91961
424456
245296
960254
640097
565497
495019
640846
376719
782004
929963
568203
192966
598485
487478
245328
573495
58866
321942
721386
705298
848685
867279
412000
541479
548914
781337
307285
60961
450221
153782
208889
462025
759887
921020
491912
531591
547157
432302
37088
600108
622399
124465
202656
653681
383395
94021
412716
576793
448733
714390
227436
411507
850111
910903
427850
152032
612135
170958
613938
516914
606985
931656
559318
390698
822626
926400
812618
693475
417144
782556
635846
937871
102829
572328
90772
641653
479916
578991
900204
784859
650000
273406
669217
788048
157673
713546
453304
602066
400791
38791
782979
774544
137824
132426
539191
961972
911352
81493
892460
720276
852337
360426
374985
735691
941101
518953
805301
629505
851142
75436
932354
966480
937002
3846
240065
941160
127687
568250
690875
258270
563214
637728
327426
672897
684450
730332
61996
16437
47208
982783
354310
617913
193846
377536
718556
570650
948022
178421
661628
247266
654785
85779
6595
879234
512277
251600
817102
739711
654121
274198
227782
145988
848476
108134
964377
860245
278993
119736
207094
87149
338527
9354
63158
366440
873433
942688
929300
908650
633303
115052
764335
12494
668651
751008
377354
306477
632042
834677
836321
215429
809908
492209
81057
32946
462601
894715
397321
177976
752009
294703
501376
479700
349701
271269
706350
40163
473578
29086
256624
955214
890417
325496
113047
334391
18087
922900
143911
836154
163643
686942
538042
658506
624866
801086
448611
168875
204171
664275
132191
98398
492152
126512
565483
242756
303961
709804
220440
892546
80592
690786
26244
416623
105736
513661
742080
712326
344018
613282
27418
529468
508165
236792
536067
616961
428689
18668
110682
560054
754968
820745
689082
179750
394729
114210
380815
970236
155935
843464
753550
302001
599574
208572
85793
334039
378063
431225
903561
821083
452375
239203
324927
720845
643784
929291
202972
379512
523803
26046
669523
827617
854879
708414
692504
149069
384410
596906
767800
824817
898400
181031
477764
222902
4500
201781
880918
997502
165442
229521
126325
266918
307678
47925
379984
983279
799377
246754
389183
725233
48821
26368
635962
783403
671221
750611
814221
84152
398866
122601
86071
295109
553062
354668
120997
783500
17075
61189
778584
650240
403411
228534
525005
382469
662849
2203
401028
291123
51131
171338
252743
503972
194341
158192
977394
835818
739506
882906
451550
845290
63367
981803
115850
914647
812900
279788
945450
314461
31350
532659
910398
384958
380564
969911
213632
339531
102232
740083
771749
575362
468910
956481
832424
744518
226157
303646
678568
197068
118121
854619
89750
911015
133399
831095
808902
737450
655620
321730
165964
505373
384772
915703
763686
134897
285674
494919
921264
355509
914603
677490
552901
634070
631974
560057
653219
279615
258468
159550
365321
784339
135941
991750
924872
169094
723850
75792
46356
745731
549388
343856
343074
213003
815288
525126
343800
675215
644150
214849
165740
994504
558756
328224
293886
314953
164888
423001
619259
745030
638641
873258
983354
323986
669106
118747
515710
256131
912621
84279
828281
630345
548746
740696
511349
429266
941970
952795
617127
727524
713779
379659
86679
102213
718306
493704
264682
503836
115538
550587
849666
682450
691191
264382
407564
2484
431417
812845
197117
823537
9551
911622
349359
969037
148414
159171
421727
353872
833825
851360
114754
934000
91753
14529
902103
387534
745140
113386
53069
788459
79570
747131
684924
754303
370344
390235
724174
406247
404454
261864
967787
360893
694417
983082
46615
46568
330502
324007
563606
789923
141873
382346
2520
949985
79308
332144
524264
849759
632255
815095
92903
9207
665157
402989
617124
280637
939897
479609
840676
462771
943242
905530
966108
183581
440808
182191
487911
108066
281622
738651
508432
917861
150714
368504
671431
61822
24932
156021
235627
102384
208071
592340
937890
282298
144901
897448
890776
162282
124358
930156
650698
332739
319886
867306
316002
948996
998272
986364
226043
803594
202560
101686
589335
55378
740753
739729
982505
897040
701414
166057
561871
941068
409132
610228
595113
124009
600835
167033
217711
65955
671209
143215
204423
732124
489955
218766
259869
561654
312801
721081
613877
895278
64485
589927
12034
569717
130620
912823
168707
294905
197873
203701
773931
872796
446858
74523
469936
189682
644334
411253
729109
361250
3508
706092
856726
91807
988435
477158
121807
808555
651081
683344
2413
631649
49029
239360
285001
393633
846404
180723
652501
508925
445821
584168
438598
631181
466054
875956
311033
61829
877715
388312
567869
590971
483950
570123
465077
21704
935827
189309
723662
845745
144814
515392
436970
413559
288372
900176
986869
74952
415396
922311
67870
27783
411212
562670
321350
555091
599583
639068
226078
29626
35973
530519
95880
113614
283147
155979
348322
215355
834451
613177
270069
390089
31493
85337
780734
289013
868918
76621
492306
664128
284927
557465
772140
407686
8898
927677
924029
518725
865532
887536
544833
579085
277581
376793
32844
538997
999824
151862
762074
674754
338710
982134
19271
247438
639292
323197
986904
406091
707073
483483
83714
719103
402278
136673
109183
302465
912161
538671
330414
589577
733377
536630
84690
435489
128414
711475
679488
204474
843480
282727
201450
444483
418337
695503
619417
82350
796277
115671
628197
782409
95426
260955
542819
963487
884607
961405
868024
685945
585016
716873
995697
651000
105123
177331
478595
500456
775124
793017
141038
774678
972750
898771
354046
900799
350140
261485
213194
721721
288017
651340
577589
885831
429354
183474
193378
739793
809140
423332
62239
394485
834653
35791
274938
961461
495903
675769
381064
590702
570602
251166
795990
658446
989320
945603
306059
163287
553804
983809
466008
427429
998929
978230
808914
633868
397084
324107
476879
374444
245956
290555
755248
334777
845212
646536
964987
16605
565829
967632
670683
768528
446059
941010
609129
717543
348749
481034
737689
189727
22700
516322
28456
711696
716121
854183
930683
324131
632249
510481
726529
619981
823935
588593
361674
52372
108113
483394
933093
809032
938571
802304
441840
507142
217169
952357
892355
826231
708427
737327
8228
515601
107719
590676
983200
223235
38128
532407
282555
526022
548496
202762
184355
951149
232054
244752
352967
104222
269554
467009
803357
686074
500274
195152
278620
182891
313096
261470
39865
302717
49392
246200
717908
470699
112910
18263
475797
87516
842366
729365
368453
412340
345752
360317
873049
10444
864851
298218
880137
821187
571914
340367
952305
963694
818964
389959
415634
464129
629555
801910
121789
983025
551332
371597
263149
119936
283547
523057
125718
591761
358199
959457
481390
413922
600355
90810
304869
650935
792249
21112
520960
425418
638052
409647
278143
254819
814136
964310
624275
403408
862349
894708
159951
515111
380663
820536
113016
451395
215527
991538
394547
640029
894582
155947
557041
6430
330378
928901
746899
686801
19682
106290
370092
743487
600832
227148
583237
809231
607558
609923
211500
123660
337079
70949
931566
466118
973976
936894
312038
564633
644504
759109
241297
469473
368529
384080
792335
822208
501179
463387
849590
141542
628740
274520
628921
561383
33880
402577
749671
366393
977867
668764
473029
636321
158580
314026
976978
359426
290126
752067
409198
921288
77366
324215
110836
291877
216565
265280
548466
141507
557789
377174
606244
516006
583817
537433
495237
691031
802099
52551
933900
561409
269761
254989
130193
239123
425087
789726
26422
153477
883319
329100
239706
637638
549297
642874
115095
48087
553257
72558
38993
655363
768807
953152
955422
998504
306976
987110
258214
351580
447995
241810
619974
98649
188962
325827
803308
276853
198535
576796
5474
368785
524251
231530
115149
612545
698239
323067
167470
353640
817381
598441
470368
118218
566278
774249
186585
965435
146688
490827
631293
559859
255460
384643
385925
956719
479449
132944
229633
813522
795424
650426
939425
791497
431893
950460
917549
496152
882683
288330
166047
779512
173382
844571
477405
686255
525857
849002
341130
730328
312921
957473
431367
570681
690479
380473
84393
680521
710582
69114
926241
498391
763507
773401
191677
168964
87481
400407
490380
350287
956407
334969
819060
650627
562734
497496
142981
797316
713837
57849
812999
453909
935070
13998
612116
220860
514466
775376
619182
106051
943253
105579
628127
401438
257592
776942
636152
638023
879745
781756
567002
49548
502699
563726
733369
453293
660989
896022
56687
737340
725311
424341
407549
553849
940899
424833
970803
441147
448739
634082
968795
216535
310820
333184
682645
279159
75054
800803
144989
941944
864526
414301
893784
77101
532611
93551
339773
399589
451024
394984
869625
146156
210993
807124
294870
500135
785443
109059
935270
98720
92927
445964
803773
116836
645068
561196
230771
385016
755817
919675
727916
418910
142029
614430
502251
811354
758291
302876
191544
511889
462766
120940
120741
432769
306835
375821
217945
428189
505071
107410
141215
398401
383151
870267
275163
937056
746049
241727
699670
300501
94930
9556
953484
115581
744683
345119
615959
685109
477701
292204
177922
75397
962016
730868
7858
466765
692481
519197
507444
326025
902582
613044
380697
890780
518644
553759
742340
587516
47566
373562
54475
82630
211672
428541
146424
924640
6443
680215
622990
490220
795938
620883
957115
558537
440900
912404
279720
223848
863903
888687
844396
688471
624843
127746
273149
371905
908518
436299
178401
82933
43646
554199
796619
259364
563659
458128
246468
438768
670896
521674
766717
846208
844546
780761
282126
873002
25587
572347
510039
615805
856079
430486
207821
717219
421125
204895
256420
475184
13362
714173
898524
777879
135053
247950
766767
181548
346603
288534
277682
920156
941029
129120
657200
953096
686923
994813
759653
783445
340933
760423
563665
953287
270223
290535
834542
128982
599307
823101
243407
170930
899759
45409
580840
196461
495030
437907
34487
495102
909802
62501
952274
443394
562599
604308
442513
931807
359565
227319
268048
210970
574529
389425
128095
983655
919174
336225
175958
43867
745514
265615
306888
558302
226071
412544
557869
774223
765125
607272
726737
559457
233756
322994
330502
551846
868833
615591
723244
179204
712694
735868
268905
392933
792005
742276
358418
177710
401390
656521
287561
26883
121390
158965
420393
891121
16939
461472
455910
507863
725007
907578
960745
484933
78613
654589
281290
221955
494131
81573
170388
353352
116828
798680
452318
446837
580731
168150
820208
545098
997804
263840
774271
946668
221340
577413
747978
982963
537154
43072
450810
11559
935729
477096
702093
862000
681693
524407
11755
876187
865072
130566
793301
699327
298942
659878
292113
544964
53478
405105
50856
647068
668595
550092
186237
272625
923548
104615
842405
386649
348885
512436
380068
508515
327276
425582
92395
327355
31430
350494
452133
265845
943041
579908
917250
849888
809839
879690
628595
993725
856223
88818
515069
214258
180160
730207
684171
645241
920646
133865
19605
631018
251444
406462
265438
956860
99039
855243
225494
73242
383982
89989
939836
417057
860266
8371
946007
94387
120571
932596
28048
792432
109883
672709
914296
830238
157488
250055
572637
725567
227582
615567
20635
848648
84621
282687
709797
763716
182366
852652
229139
549007
377256
413785
657242
948653
469372
168969
944611
36273
434182
179140
199131
683454
536143
788946
450890
716828
787139
419866
935122
967574
836296
444302
389040
981305
216116
918117
914489
407144
385940
161008
770207
89837
989528
531475
577443
763208
479880
176047
699871
318211
193931
630532
488240
460868
312331
603868
164228
676368
610137
380695
575706
785967
761204
702865
872970
687553
220376
149483
779703
474236
367385
577173
628806
226386
850240
758567
256185
121080
600961
149857
480319
413319
790578
135344
697242
11643
769632
411402
287943
648552
704356
495138
605806
52179
456680
232465
378344
524349
331600
738093
9674
793917
169558
519369
58978
646128
848358
903418
860089
65198
846194
99172
817920
457860
221330
609735
491786
4634
907844
452548
759782
172761
1820
645105
459427
267735
10670
901939
280661
63847
435762
809206
892900
392327
654384
857161
362484
815123
490655
239292
817390
50567
299655
695522
615035
204394
262247
930508
479963
67230
24658
323980
852276
12649
48348
317019
224360
541259
333512
654863
625161
726434
720034
833451
80451
110784
43465
761873
798990
278369
712167
138246
831551
265655
676538
857993
751013
627392
379038
597382
590184
584637
805393
408627
172117
417004
422823
148324
740490
332613
532637
512032
681658
606018
292869
71638
32342
333810
29145
339421
942782
515070
944540
710035
211282
635233
147465
570885
18139
291418
231257
839057
334351
785293
241242
183612
797384
655132
749431
906655
81014
435601
697322
924770
520585
21963
132166
516240
739536
256270
86045
262157
177150
877548
149226
311499
939034
23331
698156
539689
411286
970864
822204
79095
215959
286300
931094
469503
696998
830480
559581
268895
794649
343685
644781
384495
887110
379634
829153
200345
197830
915666
239664
792911
65097
975643
220199
370994
343489
45295
28827
115501
314962
357483
771546
911065
840328
981085
8873
821997
7147
238425
146307
659700
872577
596607
469278
823253
982903
509749
887332
318130
890129
19277
128476
795026
475229
530248
993591
534187
149044
957063
574234
486227
344280
315801
387858
339838
890793
11746
587903
122351
758777
43808
673235
243260
529016
64652
791711
331116
970733
126129
966820
917919
789452
938384
487330
603457
163159
805488
44470
677211
231445
811109
340258
639807
129849
430194
224765
873755
83545
438066
523677
396212
126318
624383
742769
937932
332650
442203
672063
574945
882520
492333
86016
909733
989001
676745
645243
419589
53365
606903
314002
156059
886246
341944
596234
736181
287222
562394
940495
314273
787253
362298
735539
809783
888428
540883
769780
238756
286738
296813
583886
467883
842287
762838
180848
997441
163023
185760
158976
754929
194255
617220
103230
531193
837629
966458
818319
322753
151369
176978
705537
877598
626976
68688
276194
817120
227368
589236
250586
164004
730631
227362
319317
155840
277959
718339
22481
147311
908237
681371
752704
128150
472784
802267
942927
919491
293532
559312
674705
966185
305150
390380
314572
244602
844710
177296
787022
478963
294107
130747
81389
875791
357584
784766
760058
562118
100544
721463
672101
49990
889764
203517
179227
621212
862205
477469
51363
604623
666880
88969
791039
652423
444766
803617
203728
546275
924730
357407
19968
174648
555071
265355
372849
522533
461057
255518
536565
777946
534749
131741
203623
516424
679703
495966
19148
138892
21184
994988
478487
823136
541903
386532
274889
684907
551676
716581
516109
651149
349220
432484
651775
885112
957938
771552
490803
542020
786051
2562
247596
223374
761951
508826
648906
898929
639698
628621
893036
417862
233350
47912
368450
597280
83067
350752
726120
537376
843868
766442
405833
803741
356827
864279
658652
636047
75590
905618
293842
690628
366213
783914
518590
685482
476569
871864
208680
222890
540788
759887
925869
117156
27087
91994
680307
491623
624709
300237
924427
563358
645345
677734
624843
226563
769806
699926
267806
995460
595732
759955
519421
173786
438472
633696
79487
9484
292629
469718
279981
533306
724251
972378
920657
737206
230787
705960
74624
532405
999957
513176
691206
992083
886471
21268
143879
303206
800768
133783
813324
314972
151489
463620
161404
341932
295451
962706
216787
680588
975410
728045
362944
742292
761307
899227
805051
768019
385941
16204
682586
261396
107800
989105
396962
652125
967311
68117
168530
466638
385711
980835
790522
992839
665423
432447
631519
893053
853258
591992
29093
509429
771165
411942
882549
892130
16174
621127
558963
333797
348588
491932
50762
444079
417748
451154
644030
311610
919014
632957
620531
52237
856743
886164
121571
415397
210521
800863
970293
729492
887401
471852
235227
198710
620974
562212
362633
948073
468598
185772
860879
256012
735713
993006
238442
892571
315993
549550
289710
694741
780663
443062
490088
404093
950725
443187
816687
414416
211194
675555
785943
330456
506079
170776
253710
706568
363332
31297
972127
718754
483961
263243
719606
190253
477085
378957
371557
117500
796420
384490
848325
102321
71889
483489
278977
176169
507871
129996
316498
579110
783583
625245
114733
5517
797799
387677
617887
77956
289368
738645
344455
681523
182899
49729
252573
941251
717269
959961
375884
334671
687484
130612
514108
114343
145297
840721
499071
459163
756470
9508
297675
925353
648082
592737
199032
690397
135699
823554
360226
818579
389203
75804
761010
573992
460079
696245
81234
85620
634000
222401
469253
395814
331643
886525
802219
850634
154384
782103
913213
990277
334061
242656
460941
467815
929233
446723
761240
678938
74302
850154
578297
491683
310363
491532
508488
608318
742969
742475
496173
201300
71021
961860
529981
92053
24129
23100
348409
358791
478030
701435
644674
978075
506207
932761
151946
688488
932218
436546
650300
595802
316968
968658
965940
265501
882578
478281
143490
692902
655429
10298
560070
381261
192809
567912
233475
900919
563774
991998
321288
556324
834832
944581
97739
99265
914031
701271
840553
400554
738624
750974
262567
867724
714958
53724
438770
935474
633758
68156
312554
753399
835858
69069
40576
861683
691460
204981
828632
434070
646428
932621
191991
792068
284981
785776
514905
763330
329449
569435
4916
951431
40678
831636
767769
440288
83707
742556
928022
998108
442736
871001
758187
1222
125504
737886
926508
897882
33808
327752
42137
977492
54585
401299
103408
421177
486832
160872
788277
96594
284948
536596
745777
602776
774061
366896
908278
606610
149352
394671
135534
868185
122095
953824
359310
593541
489413
842275
461609
853742
257048
713763
621980
192002
338273
154938
366083
919485
105530
265061
592231
246331
655281
166128
757950
527454
904010
676998
766005
676162
235743
261052
235655
94785
915088
310209
790134
503435
782247
612440
719714
270600
267202
183158
847411
841576
142884
857926
350017
279956
346474
560113
560132
439826
463444
141967
459808
940587
553572
9782
415418
187576
249983
345565
664121
856462
790634
788654
478996
579884
649483
695021
535363
340911
58996
940542
423085
26787
9852
100928
661879
925554
508161
945052
126831
490571
542192
576461
898426
902538
340491
853435
982369
861952
959380
371785
785310
830548
813800
69310
410545
486964
402541
237407
954398
35797
366196
617211
96872
76179
152701
120159
710399
81745
382981
975048
199343
39238
813786
269756
488673
651999
567641
823384
153949
608204
192754
976502
125856
337708
514543
472005
775657
821302
732285
681698
261231
214067
851551
498668
105660
975960
114050
863024
849305
191803
244419
179786
708116
828395
9079
198894
93601
452789
609289
180758
182416
14662
28213
875404
466947
779005
330520
470588
802257
159579
818829
806418
614423
359367
293034
661949
461627
316694
702256
432287
69308
535472
332497
762017
822370
832069
406028
443547
624668
233040
96334
153649
777046
340748
100465
801784
861526
273982
106601
47520
890893
564276
363770
33613
624531
884926
846551
678061
10241
256845
265693
469091
908339
739217
388176
915684
706376
874454
140012
69531
678372
81141
73161
597724
717325
496496
323805
292937
465848
976174
166260
746267
627849
687318
337567
181329
383375
283931
652193
605019
178861
795597
852009
931061
739287
697727
577730
418637
128333
691078
687110
69175
18099
600083
804396
894625
303797
636947
117211
7540
164489
694519
963135
726444
773831
541229
237872
816089
963467
202291
140117
408979
733527
807586
656740
603690
821477
994366
381699
69264
401835
244311
624567
199125
398206
976393
41350
869263
729708
133123
640946
353804
423713
52597
302829
632567
320726
331195
741029
257564
729161
523117
818919
795552
762181
403918
757944
757449
251773
446132
101612
214522
761753
446206
98618
538055
982112
461579
875090
274324
533462
185102
352183
946953
526843
297486
734302
705370
756330
340694
73666
969643
804854
988279
641497
825097
40579
581474
313161
542067
510641
328961
188451
122028
155240
79061
14281
465447
911551
978789
56108
246878
366011
410952
205771
641420
741033
351064
707185
3629
806223
396217
616808
804642
591653
943960
407111
275091
636359
921646
115205
867149
684513
406724
103897
4677
861740
844876
505683
286772
530357
755887
584858
571515
776053
221664
478471
648212
427588
764840
288333
474445
128039
747911
190342
404972
527
980252
869422
239808
764959
777855
218682
749602
2390
529443
492116
350338
412573
445760
776007
629488
402895
530350
864113
761540
95838
360682
365858
107245
933941
505595
11729
259012
390789
616638
259703
520323
531861
778749
278767
575227
869908
430759
937139
119856
849135
120141
398568
640351
989934
880754
735037
414788
355609
530789
93692
591213
667047
477298
728568
59563
122459
589139
549736
137102
987088
555804
326242
775378
301895
5448
903303
430476
117416
745691
933528
528536
779487
235307
390840
697568
83547
783473
19174
362525
375831
297400
705354
545138
487529
365423
738652
835937
670571
779050
572907
311888
967500
456979
728385
889488
914614
147376
242160
754232
713640
316804
597803
119477
924297
116978
510453
276287
279641
548080
384839
907890
218830
302995
219973
199228
470422
478655
892569
156628
191869
271691
287870
986632
852988
558051
339256
783910
962414
211810
268920
520068
442143
510529
95610
812668
992176
21571
890142
860480
817563
79595
157342
916597
969359
142839
929152
532238
435671
99390
681637
447191
992459
299279
409745
420095
113045
545034
867779
459439
476485
23162
986970
863454
550893
94954
29477
980628
491727
851319
718062
561375
26030
245193
413449
86246
155560
671835
643097
201509
957346
733221
624585
832509
694878
988966
396563
504216
563141
974672
543858
149319
759607
836247
856912
359802
662886
364812
979809
268647
828289
173410
124646
442216
507475
987287
903236
329907
943935
461082
380206
228504
725704
337120
410545
55141
123659
956035
884612
509802
931954
732951
504751
513290
18307
770197
816037
534090
476960
701545
75028
684801
189391
533563
152119
230587
686279
211847
299409
874305
127690
120686
917649
559242
956532
502535
138576
798400
230236
135392
592121
687298
150507
605851
158591
701197
336576
621226
949171
562547
962443
926269
841789
348657
695713
184687
720674
795406
469573
129691
530155
679723
634453
549560
731287
1283
96846
239862
224887
495904
962944
329715
335142
426892
268474
601270
421911
730826
290921
151207
91180
282912
207961
636491
640160
588441
223182
736848
647667
640510
100080
330150
41876
499236
861568
884742
760026
186089
666028
376745
30899
841729
239354
364194
812315
412225
144667
319223
812854
899526
584234
663341
740369
208779
644507
749634
416990
38515
291977
396408
672729
909770
806913
689786
44732
793096
379909
931316
350730
774552
559471
88584
113925
230642
933420
499994
548510
13857
923753
624598
816941
657245
191639
696449
132339
555725
861251
452379
536100
855549
19742
767333
934227
612359
473028
46013
300936
693929
516598
558161
822919
693489
110292
311410
358933
776986
318866
417937
839650
894469
778468
104010
400104
484549
664488
205737
394445
453470
571314
353764
991216
803434
535575
167169
988575
598718
747199
406484
120722
518075
795966
714404
161285
357101
532329
367053
613245
76802
892231
551948
210424
416904
875942
812290
934494
439264
89487
970798
885286
171785
259180
267061
81001
391913
958575
170421
392203
972318
622984
640961
552873
11199
213182
578510
669566
781249
46115
51300
203095
577923
944664
374312
953508
581477
482655
252606
169071
666017
421620
671333
877071
539506
70274
923754
127868
909480
895653
47534
415383
289894
83458
364259
139209
55268
882449
523637
490103
24581
162994
678069
894060
2688
845279
31936
23023
833754
580990
252609
244336
81229
533136
399466
279268
50948
315876
750410
601853
494147
538859
551933
395192
753012
107568
784459
969424
136258
174605
280279
633117
175666
82744
54038
688313
537517
94839
249799
229508
153981
646985
510147
282935
634015
532851
772103
124505
17493
202400
526285
733776
267071
35138
991591
111800
156936
214956
437846
20190
970027
95378
213097
281391
806898
92917
243039
866120
75263
66073
42755
860984
948739
822860
212893
100761
291955
25191
966910
49992
657391
590378
488127
670354
435422
620654
48564
541477
838945
174684
762036
840954
90697
327555
353457
986179
885410
384858
236441
263005
611234
894251
487936
567414
818522
721851
36053
408399
816147
886916
135719
917726
15072
436769
595501
240724
258641
647672
709278
954585
469783
622447
605524
954223
689707
343808
926928
915079
823111
112566
495112
358834
438016
494471
654676
653110
733534
294139
172653
924240
32524
903497
454653
799337
99453
114362
272733
78291
584740
498131
151452
765344
28493
123236
554601
641438
466228
527855
306303
725990
468786
435375
683523
693297
109000
159608
255689
214594
794961
903334
670123
329375
266253
985506
398150
46204
119749
495876
253127
324987
841152
995966
440411
990035
640293
235243
159741
267257
183305
749672
940922
889675
841434
663697
790331
864709
329590
63292
562756
640529
492341
700171
956231
190319
239634
777970
947233
944266
706851
897967
413691
244967
266355
323992
757354
499611
822935
158361
357527
953954
171880
161596
492245
761423
468502
341428
725403
573721
973185
47173
531282
205012
731720
444391
350580
677191
599575
777562
115328
30140
814934
152490
344324
729792
80041
813056
990562
236571
901789
229653
197433
88029
363202
150294
936718
8015
796329
589831
906413
903892
562550
149576
243116
751444
227053
573659
525670
939922
924000
798123
631587
852729
34390
639142
560476
811336
608441
350869
581555
209017
691076
912520
293514
734336
143765
90702
750049
866910
196353
348904
114159
298278
359377
623314
832754
568599
82108
538257
195561
254877
475259
959774
287647
950121
721661
4162
674903
337827
842517
45548
203843
850249
648919
886519
774735
518298
62667
839678
36822
703361
559258
499574
587855
363811
392809
266225
36073
259429
401922
562064
642089
166808
701881
174792
492791
10393
525025
613328
672674
994345
449302
889220
263515
705690
222970
785526
752753
416853
487549
298079
624086
368628
471106
81422
818838
633795
496847
174865
988055
762878
242604
189976
138526
228124
373596
957306
918657
105396
852313
498843
247353
62686
599698
90391
588940
633500
293397
630727
235381
193120
390049
872487
788619
702187
191715
300610
445723
248386
481699
754286
939125
733624
303522
148832
19646
349188
693731
216677
755792
294144
703033
287564
700739
976024
483227
750212
18660
780052
729918
277423
936521
527
157386
58157
67914
553000
265205
285481
849794
192954
106147
49640
715169
875882
62947
600127
32789
107373
891302
766404
770561
755826
598585
289403
171995
188427
278848
813982
48604
329565
645363
847428
686086
43651
326809
499289
338416
179595
628978
672045
945665
997214
394709
412511
493590
100310
698276
317673
342321
891507
868859
765761
846182
232211
674283
953599
536924
622188
983521
168049
702381
572322
643227
451277
876818
819698
554991
344160
242923
874979
137772
811971
471032
674604
515654
258607
827695
970330
139474
548667
681230
907514
304127
215730
939031
983379
470421
816060
622398
949227
650108
212365
91005
430658
852195
97634
164236
136969
397419
283958
672564
951626
55219
667192
580424
314632
409916
954574
63852
739732
726391
906979
501333
927221
303440
750770
84327
243133
547474
996589
305962
325091
946685
671706
591516
844812
285065
175151
528618
609042
539495
375173
726762
244289
902203
11771
962594
871974
717891
135881
545913
878118
224932
600691
403029
621056
488789
828652
128371
509441
256404
357284
984453
138806
756690
570415
482007
553167
226032
293896
573448
600057
231875
439367
193108
805530
93756
559486
345853
933679
541723
517983
159327
887496
200435
520525
391139
558035
489532
366808
762283
400169
566628
933102
617701
223282
696211
121457
450983
830211
343133
576911
800421
284647
828321
432400
153982
524905
953370
592140
929923
821051
870878
394352
422658
676503
842179
834767
628059
843774
205394
254245
774883
350173
406095
594906
292164
885773
878293
790446
862278
583963
864374
983734
859524
438987
554229
842451
616920
818421
948866
908039
129341
987679
806262
495697
526268
195629
978408
460895
639224
853885
162544
836107
815491
335970
672672
47306
148927
509842
8992
474101
543647
85764
241489
794890
867242
283590
250930
645752
662856
101487
345130
860704
350318
739275
181815
388423
502722
629489
579272
187454
581014
985423
856611
796108
652347
788940
740238
153380
323448
17733
420686
585371
18292
144120
79109
780434
385120
416076
209733
338594
812960
73649
676487
996066
970306
956011
887034
131597
977661
332811
365275
390787
484376
296801
372626
934469
964306
721342
402709
955917
116762
874506
250510
754542
424820
696967
602994
866163
618087
684150
758784
188719
647867
648127
491534
515002
30171
981895
695029
509966
85458
38455
468811
264189
896397
917382
596879
962357
198964
728499
807959
56863
300409
23541
577271
479595
635849
999673
731122
869297
64982
933108
854267
623542
113850
859125
94534
319698
456885
27364
372181
918251
54613
218430
166000
728487
439213
658967
829073
158163
121304
195779
104530
329072
804830
756931
492316
39244
360249
407069
461354
665113
410847
171471
781894
119417
9327
390212
433159
286559
158854
649096
308286
969569
112171
4468
426988
902380
643295
433223
661593
664008
796744
851027
815012
573459
597734
97311
353150
140595
51315
789280
35870
229098
113263
569038
983832
428080
785978
303639
404872
786968
466201
731217
737382
646109
514401
372671
360416
226470
349561
515895
209641
817104
885612
575665
414154
970140
752363
15437
573762
998347
754094
691409
320910
832674
752009
334952
789969
508341
104280
796990
91463
760650
985496
334034
117954
324410
684841
662811
747813
933660
63510
438786
746511
352942
419515
894687
274674
683056
665331
388276
833125
57276
572795
721489
870628
352886
22355
70566
738605
612289
169402
323007
286074
338456
572252
479170
274445
717475
168154
276330
885499
80945
906724
424426
36371
54925
500121
697269
203679
959244
863409
658759
462521
275390
478458
181702
627473
232783
55624
221610
127298
313830
498385
97346
966707
895719
843606
885121
889362
615236
137155
61920
958624
804001
729993
61788
325685
106421
864468
325296
747310
431470
736510
353889
734621
165229
800854
112129
948530
859416
136871
363181
999523
218599
872340
486991
441627
36823
157438
600281
453788
248489
778612
598197
602454
614125
279551
809224
406795
229904
954299
463465
803821
961888
124069
727125
545392
975344
930985
927366
34308
610749
42547
263930
716733
756924
575546
698119
45999
588890
996017
697829
580095
613587
491930
519379
447697
415955
700684
44708
458357
865688
659077
865541
488334
594047
610718
267884
805186
28131
817168
1428
849049
72907
202969
359886
61119
188396
836139
265058
42297
699661
213490
959150
526199
206776
855434
465644
896782
991480
628051
931675
966759
352316
729943
319689
527724
242170
134370
155403
428785
460052
822341
341120
283647
744838
578271
236866
983435
736332
174424
288146
101457
592729
795597
638430
24921
671782
643256
175339
335745
282711
723814
246115
120253
576160
330044
75746
17036
518256
235091
87467
483259
337056
177613
686706
599656
412564
118146
280342
745224
615857
921665
740269
385925
254585
528206
299400
488513
640294
785396
965224
994192
213871
735686
654248
214530
906590
696080
461967
615764
316844
210120
666871
240962
31431
652787
360160
807819
257974
762404
224621
606412
179759
937543
737064
731046
955100
541916
384771
816205
49103
290484
718912
263493
538204
971456
723645
949822
647904
880517
905436
214369
140440
587689
169162
535050
341569
203108
491389
447788
925714
465146
906965
240622
871872
954881
222527
492715
729677
524892
383492
598579
931183
886953
214536
533310
141258
540966
842386
240193
716908
602817
821422
381149
157943
646782
884793
300746
677621
715729
651561
618903
582584
474484
764877
96672
415608
626968
132821
859279
539265
171074
748102
84719
153647
39568
224020
31818
696546
842070
269651
727615
169941
202298
889392
917118
160895
135339
344148
374163
428430
452108
476140
75895
361310
347474
912539
101880
658625
789775
359495
46828
357720
17136
502952
732499
33663
780849
926643
495630
223309
317872
697593
236453
777723
117028
827383
484230
165642
491089
536693
455961
83674
778263
804793
99776
486452
670010
158489
401567
718679
240950
331170
681594
114506
197678
461074
230917
235246
998546
950222
888669
361362
697139
572453
315763
948361
536718
393721
126615
358127
333951
162405
67970
938304
610318
800745
857496
221011
809552
332674
856082
914912
174599
537280
650085
556334
956742
648145
783251
762164
3390
939286
882307
802225
705780
934550
122062
820610
313822
46434
117514
117534
729811
884893
3523
27696
464522
794175
999809
849844
851131
415464
587222
354855
693934
194404
603639
48918
810846
745383
885985
73727
766593
944670
181962
296743
372521
794245
784408
59682
823178
536279
628803
349099
714145
30001
174498
655800
372666
943163
534636
10752
983709
270437
799216
703606
192619
871254
352406
190779
216898
70716
152259
8641
119980
215206
965704
71317
906634
359382
483244
440126
548545
479924
838623
142329
648839
463988
732658
9051
791142
239421
483029
369086
974793
118351
628365
814005
633485
201212
141045
754890
987738
473893
70775
479743
985637
645194
910566
44277
856421
78759
673599
326843
608858
416822
996621
429941
973998
676887
811833
705
86861
959106
372166
174487
865928
248631
702521
905628
122004
5491
348248
991307
19425
35957
892804
120545
747006
240106
435861
438722
760388
518452
933423
104718
279891
73673
285817
31859
482651
256750
706900
921533
993038
389842
162931
764008
342135
190188
363440
64679
725824
554280
886598
822093
183795
898460
713651
546205
909622
294032
121295
109511
635060
667823
202384
280437
441141
843963
126808
605121
683619
858879
401375
566653
567253
771743
523542
294305
693985
503059
895579
19406
279749
607832
595167
533739
573766
755283
315145
728956
499586
627617
40453
56685
426933
903010
270527
18019
863976
803268
357792
479346
192209
817994
529671
465070
810965
646938
354046
363265
846831
743679
326129
254176
735598
719356
115251
193382
62200
722168
737576
293671
368398
278632
392995
811494
574153
813693
986871
691403
171509
923909
299854
156193
648704
269321
700964
294014
706145
305286
595405
328032
588284
697009
148107
270758
834626
285922
8895
570415
417577
193359
215409
364887
104340
57940
319491
952548
657187
317307
497083
850042
873526
529946
599686
228212
253134
193427
515221
694961
227386
964869
178656
183069
955021
115421
468033
387099
651208
393810
873433
806253
322177
468889
789026
62461
788827
920668
824012
373188
189464
668532
962841
667488
274781
56342
776815
3604
162306
88037
924227
956532
427845
793993
668654
132012
850192
614870
282386
611974
388996
559
313389
429064
282870
711776
510301
186793
546745
850904
76822
660305
673293
6924
420001
854915
889530
19400
885523
887929
720093
333719
853784
698650
922515
787431
577329
281269
971907
356437
955399
509542
109882
582692
522755
292042
114467
992396
684134
737005
765276
274152
884678
640432
650010
435371
453993
860329
155937
328950
125104
187854
485667
46136
832548
984310
750719
359222
880802
220518
810991
491768
205466
291639
200324
232900
458013
616385
191155
74848
187474
508993
267779
387431
22567
532529
571343
320440
396607
570321
237396
81818
134224
376159
455850
237498
601958
438090
973278
398336
253824
631184
26334
628758
736015
413365
235169
181623
484264
581914
808226
966516
36976
185442
141519
69059
98176
264561
233726
412920
173032
306188
316602
834710
746305
493028
42343
246128
73763
950200
564324
125062
520260
122911
474075
245285
515909
76772
742039
751653
576114
312811
456973
729838
81751
762738
974772
237518
239333
518364
869158
519592
378978
871365
683937
25630
454130
316800
354163
882490
614305
236803
536106
136880
232432
576139
336242
305877
34376
467294
193583
820013
335833
520697
972122
515890
527089
278182
700796
792866
673601
739815
980888
234120
555665
320004
585495
788628
300070
357718
626118
403560
757725
364412
103253
161632
480125
340896
421900
802936
113584
491075
341288
458217
535179
156351
649870
177570
288894
42950
476300
13955
734080
488014
422248
409232
940774
275377
30706
990047
260227
397996
133391
788847
541291
210545
177373
247041
741841
568391
918350
4028
207199
17425
906764
142218
631755
223121
196170
527850
736546
686230
90873
311878
692148
239071
861262
822812
950376
162777
54531
678327
61935
931331
930405
232211
789593
86965
774267
979759
742622
270774
717330
275663
613223
483772
812740
231057
34172
992873
740302
42965
582918
451473
907459
548347
936374
466951
241330
520523
789460
987580
956999
876902
266649
308443
851085
551477
586530
311
394995
409569
823610
163874
870299
711361
282647
221089
794463
748896
49661
313160
417662
925829
69785
445417
293835
839518
950365
628166
734738
977399
755600
742723
134486
727704
578686
264866
388835
504860
734180
290113
157085
19293
281921
710586
898573
235836
169779
397324
632412
284639
315152
199636
81885
67119
223682
337890
869410
81745
910550
540319
419834
19624
620901
940020
520498
966475
279694
304654
344795
260194
526821
104405
695362
904919
349856
586864
698915
610125
960981
895857
24557
910787
163837
828342
916272
773442
71569
877242
765047
875971
623978
368645
47700
973392
727
709132
501999
370209
117345
442049
872216
687131
480775
361099
234444
826558
168205
148063
835773
907595
718739
301197
717963
152712
85306
858025
624518
239463
869483
843396
765901
296264
118156
933865
949280
219077
69734
69650
556904
936532
945013
165625
822257
944133
680829
823978
856344
81925
673281
445135
54948
73399
350872
329786
427122
351503
546377
599633
229640
975896
881173
169763
228700
329151
657594
587103
876608
171421
732813
710710
136012
403660
951395
949573
91916
629871
200067
363081
139243
719473
666917
838755
807410
800480
238016
262764
979249
416983
139243
452178
315868
388383
490309
310863
808848
752748
376542
12224
179896
293544
464936
141617
476495
128769
16205
276958
20888
762153
277639
969422
741221
514618
365990
338972
211204
829171
112974
67103
280522
93168
481439
345366
93379
448408
14933
797838
127307
925264
737980
531277
466310
495645
445167
213011
19752
451181
710945
923645
201909
392899
90865
210682
842033
337295
485608
514595
748933
598585
821885
432430
964617
758536
623700
584453
68278
665048
557688
862919
509523
865689
57563
203508
306302
623345
412178
716641
160975
145853
8761
842770
756978
180470
851635
799280
229101
161465
3800
741779
889937
148148
133960
378829
403229
143516
365966
270715
164261
984515
598811
107675
918543
406465
513723
676920
972913
94598
190771
109033
848503
143263
256908
644987
250541
909337
117691
825990
863633
983056
725059
578138
341657
961478
349417
304934
844795
421505
927582
396041
602426
47357
406839
829706
53143
24718
126565
729876
141787
407065
276803
6247
257032
289947
542882
346128
944100
964703
861661
661079
509163
543572
17298
127050
68398
391104
860351
35764
283630
761686
318090
162776
139777
594436
223113
699392
247188
366509
412093
632593
623146
764233
353156
184123
449863
600860
181900
733883
56389
357048
348240
162491
62491
286116
299720
933075
837599
357448
366931
107700
193261
82726
902068
180495
639349
127512
988252
495044
300251
347551
200369
841406
297940
881079
812493
473279
151528
888527
241078
450462
701633
641962
738001
162534
958842
52582
980152
160085
663531
251845
362794
750982
453014
173505
439268
130654
387378
927610
338245
688803
167900
473306
366159
94968
969230
851791
882157
108258
617327
611047
192806
667677
878665
400139
311866
911217
545715
50700
911795
818117
334690
553794
913343
611204
235128
986826
928704
582648
358665
797028
374601
153530
553008
809290
347026
761073
449982
968111
501324
935711
491020
213986
961110
464933
281788
911484
284579
640765
837922
463700
392009
108938
73197
351757
481254
665240
550229
776915
617693
447167
235093
55844
973260
633172
737019
921587
720141
496411
872873
928425
26127
354101
613142
886366
817837
786340
34373
961742
756146
791022
989698
321480
593410
900568
424692
669731
453608
162069
679481
45965
569956
365845
787571
786864
421637
618215
417325
527127
745966
3727
645519
435501
778098
157723
887164
454567
263406
991771
315036
879539
526951
310630
930453
593507
834688
502095
468446
130047
573119
989807
712310
425175
522680
505659
98448
647599
352737
191544
47612
222226
669866
192558
337124
384465
738363
199677
429710
926396
45588
714314
379616
897836
218694
848484
214290
703152
377610
242746
978327
615319
960070
186299
803455
132476
245467
632575
763929
624626
15363
156622
56349
352428
835733
66281
564237
715733
373308
987496
740459
739906
114363
844153
286686
476343
727609
95584
207169
726607
600643
256520
447663
388294
202364
703099
888383
904785
435527
486249
598840
961606
253037
519904
346805
122510
48983
518434
483214
860628
344846
538045
329404
747756
889944
547958
703870
546055
457289
284761
195351
201260
973252
278919
74765
440838
136106
809590
270321
828991
954529
163377
278882
552855
491426
416028
761165
570936
929186
647624
605090
279612
384277
919243
985509
935449
26162
105357
832173
703019
277430
33232
817452
46563
162167
957800
346818
694853
55971
324541
199622
669878
602792
845835
761502
870904
911227
20519
119685
818228
140572
853203
938776
595570
765975
479904
539752
110999
476726
239614
157716
490485
379301
865080
372605
803135
648347
495930
598905
785627
59711
765734
848480
579015
937548
220325
780209
348004
178384
164064
172168
7150
726112
80525
440868
759626
778804
33486
75479
399853
716437
985781
424096
795240
30984
750618
545158
274709
699036
641730
528240
498712
122880
623825
815909
435816
317085
530963
921460
988397
906876
329313
200362
216452
476365
448494
137365
524321
677747
85628
851917
805972
648373
422053
260475
413187
76314
658840
69260
773245
610928
985941
953329
173519
695278
345556
730626
168257
329300
880855
586039
548493
316600
852440
901666
985226
132514
550207
632025
118151
730845
361268
698490
36189
257316
849301
486032
17886
663347
592185
930944
106133
499660
7557
300509
256150
386521
551852
541319
75087
976359
614888
628332
671992
154736
969699
843144
899537
181447
566791
38746
793365
100210
363641
786122
585712
901896
403354
268203
337042
498110
727640
597223
296670
418690
380552
65324
367171
56652
870404
440349
170404
797868
381476
84629
887870
205675
15304
269768
947867
559126
898901
43196
417848
860043
653025
470727
991067
485233
554948
326519
96898
212002
853641
363669
134151
913401
257271
94230
873516
60728
256029
114451
745086
776978
447674
48416
759749
333165
232352
424859
419565
507111
318161
3199
249044
486765
314430
194924
322992
97877
955379
533296
533230
744149
462052
934750
503319
912660
996131
398997
653589
704058
703487
695620
313622
412106
471538
98210
184065
382009
685190
992358
344494
555035
748289
341391
213161
743815
403503
686326
471184
578800
166525
637433
69591
584938
317068
956277
544892
509134
652679
590191
425271
471655
500278
600222
543193
890827
511911
339754
90328
495903
405001
448611
204331
397977
533736
821038
758077
231945
579486
499918
221822
924635
207757
161254
36998
4644
426381
265223
432861
922312
236436
87624
764259
137074
386487
320340
669402
769704
640070
751281
604741
87070
908067
933843
15890
238819
68037
280637
722141
386418
353526
634493
986523
521309
216412
928615
183419
564621
588222
857037
279425
78203
340493
855902
921025
197713
26242
362555
531259
319886
334899
337281
345992
918682
247809
441594
134850
267968
34481
294402
987696
803337
660366
539114
777206
449497
65002
926814
14837
930008
600289
756118
723832
518007
394866
116611
387755
707950
384479
815113
152755
852042
753914
581865
215192
616839
324410
709291
671260
873929
104
45423
766257
563222
899095
369096
51617
833160
591624
133811
408459
909702
78463
124006
682231
89326
612319
346499
642660
994725
813496
633803
286919
26438
677068
249264
743318
149165
168815
1004
957067
514941
339981
381108
713708
613280
754020
216364
504031
831053
128717
383163
275663
482905
234247
732486
518642
166165
261269
262343
546771
154752
288207
768082
979
97521
363257
489003
606851
749910
773697
507762
28364
508677
258313
63674
985463
782861
261815
604008
777198
667513
509374
765800
122174
560618
643400
508623
966341
663165
886829
900009
690293
638497
512148
788322
319333
480272
356966
589572
346207
180149
922082
488518
211312
148890
378030
467021
431963
64951
408901
576207
4198
286735
270973
841644
498569
376264
760494
917774
569474
472888
384862
848873
665141
297271
665893
451602
247924
633666
103774
258651
803184
657328
529782
288602
176524
484293
262071
23369
766425
78182
653273
227101
945167
806493
464947
660384
52186
893449
700423
904711
254911
374671
323854
367531
196648
835743
308935
426443
829481
857202
576713
505930
109153
424713
586604
279070
633563
126486
884824
525902
859646
325225
62875
249440
866698
169660
50884
388622
154122
555873
111550
837026
181697
820190
803262
855064
686120
576234
686963
559550
922128
905142
391851
288547
3287
145450
639769
82774
868075
881045
976261
371773
363893
498726
822153
803060
849228
373168
144437
867955
631499
321698
173140
732382
446631
667370
879267
201346
789467
124497
570340
111554
808709
650914
152827
12943
194919
660674
208865
781966
776014
302510
890966
745701
562836
165386
957972
960491
728030
232066
563684
488365
611591
980497
849535
907138
90180
659465
168017
369193
266295
700089
894776
460274
944945
108840
356170
795978
923858
871612
546848
407607
473274
665726
832765
30362
546083
197250
454482
570264
15963
274082
12897
944364
627592
837044
655006
736946
998840
622342
243248
457729
919127
709804
304573
993072
596595
246357
434367
557056
443215
842856
762510
16874
347543
203508
507528
520959
211713
552246
763472
86333
551932
407429
255063
519785
265935
422976
293537
700596
699292
771364
595092
460262
822246
425660
571530
705364
306653
555302
962871
870440
886105
481146
278821
574328
912693
128805
720125
835998
414694
422292
466877
719064
446381
429483
796864
1012
175504
400410
58667
147502
498458
398615
290409
321344
563924
202547
978195
123772
671453
728561
959219
754861
732055
264997
75915
495190
889301
464071
198919
355247
864790
277637
749084
186031
838618
872893
253580
833313
807397
417179
610352
721201
81873
498332
889132
85383
876812
822391
571991
219271
452624
706818
400547
527398
602737
690540
841691
471203
565928
702561
129651
32812
306169
40852
668247
896340
646825
749694
518898
828468
240478
456585
270579
459647
484250
534004
394496
243662
315937
733503
829458
829455
504019
907224
503069
517034
428056
414576
680903
830934
175649
752666
943589
867274
104612
655731
710300
883314
704303
89041
113937
679562
993043
88795
34313
748908
364690
628444
424770
15992
802806
599261
29817
146279
557020
142411
204001
150463
572589
483824
646347
115520
34141
125655
67464
256168
85224
858
852278
275790
926668
618408
437723
601571
874797
969534
476210
119630
401126
865572
531245
391190
790186
387036
223766
348811
301732
124736
848875
478505
915977
787378
123009
875433
704935
962860
9620
785293
246187
623092
68627
497534
515391
874898
343384
739514
137587
161258
320
682551
388387
431039
294471
595800
46688
898353
851769
652571
410778
938725
774785
866370
422042
128901
67515
11651
394263
384411
886133
865330
7772
230126
895304
691400
656728
475995
995634
746078
916118
164977
868953
239091
37509
242524
280248
548466
374744
289624
699823
811723
648641
346794
171696
660851
736836
948502
155628
606924
456433
242153
578740
830457
870683
12542
631322
256537
954844
387490
994494
195979
508822
604018
51479
558001
28318
406496
855649
294379
499850
433907
366794
291202
284456
221258
281789
351270
72819
602336
302993
648391
644806
297347
385210
947398
947818
261959
668171
712132
863977
81480
114160
664845
450516
459949
41438
569108
895014
184072
146868
433564
805422
766278
923811
767085
441888
237556
389361
352599
600118
3813
740330
89962
645610
126730
1154
293651
785936
759016
147388
510250
449676
792608
282356
754906
927908
587138
502108
499860
522161
931321
76147
569270
897361
482824
239027
869121
413957
71438
985295
656026
113895
113027
718528
819822
260134
792666
419790
503600
418193
661044
932233
772622
10362
483304
367204
905958
852424
437030
910513
892023
311324
582744
241954
426243
461269
4097
745840
295556
154038
867922
784467
428713
512672
421468
140805
489411
671760
286304
628201
491551
622363
375763
754787
909443
181222
563967
697498
834151
887295
686874
530311
212603
486030
867666
797788
87270
146236
448638
340874
239155
853785
537555
499774
300049
840436
722826
251868
936919
389574
709090
823619
355310
163495
600070
894778
888526
309863
270028
972697
118204
827728
130764
455585
494853
742245
732136
555262
657258
853248
453889
518109
729298
987996
633970
133507
628231
676469
202376
245653
312583
191227
344424
408251
808191
367461
775111
46335
252673
427724
55152
951919
767784
466876
409866
301815
219803
949076
117016
505723
12814
287102
427730
782990
339764
223613
696470
247749
976666
324332
206782
394768
243036
582879
337302
515285
465938
743731
697699
717171
352031
45560
104200
133904
730342
215192
794642
597664
247648
895265
136756
324906
527801
963745
208314
172860
374163
924733
777361
801002
219607
389033
806260
206312
674020
391293
219726
213738
526405
561152
614071
574819
200276
768190
144949
527865
531168
345146
693841
911599
465069
77998
70039
808782
925213
409575
694966
181099
621196
120355
643627
220764
398606
121955
984401
458931
132679
349690
739142
356589
420876
156868
881096
659743
717261
607797
562252
982287
937694
167644
912444
834016
52334
33871
192588
73319
676047
648052
921840
406470
430330
230501
38305
2756
643297
663146
194687
440849
552322
170787
384683
972224
558027
350842
932437
303060
485801
510314
34528
277207
580918
272762
325745
966287
778135
261147
469928
605467
741371
37446
908821
154349
362274
22080
989378
534477
149813
491607
643932
330922
34767
700282
213056
625795
633779
600342
46191
336258
101787
327146
291010
873449
575637
543965
15982
272234
482354
543221
625744
266771
402523
185299
67639
282176
610875
628893
605836
515838
506042
164500
693146
907913
207801
498296
678541
793726
161454
330688
392694
957560
67566
752093
819128
454507
538233
902293
971050
717467
942327
430528
998562
974138
101266
298543
606580
256571
407575
894657
532665
707372
308767
345510
48068
231802
707750
178038
965818
313496
532382
125540
329580
145348
938279
776625
364666
63760
914530
439288
855691
404999
528711
960191
676873
465542
700318
160855
641092
88404
160750
732439
692776
147736
3218
937984
710037
559213
554836
401696
259760
684333
803765
198928
405279
382257
485777
33413
27674
877679
401320
425257
167362
758825
276143
916855
252139
652793
46020
375747
460495
619529
522592
360331
571063
567314
462220
432165
869527
149868
37679
780101
613809
496419
866132
190142
41040
891830
496307
853219
589027
558826
190905
970319
252500
927171
785594
897006
567398
133291
315779
294629
764755
410190
746716
831910
345402
871236
488648
751485
664519
472399
343249
161901
629010
35196
251073
699303
292021
994155
310672
345472
936055
568732
833672
810582
565166
186481
563872
829557
56146
625343
649508
569848
328120
762282
612299
240948
840234
614781
45498
240376
607064
179535
564201
623355
206766
269281
646433
714379
554835
514485
767320
694954
110618
891619
443607
138246
997933
66738
689281
399917
684298
716708
317871
886152
93888
34794
949495
792958
105471
75417
992707
580576
125781
344103
170907
17654
308367
97093
512375
353726
790402
953754
971009
154832
358825
271977
20413
994134
616680
480620
710790
262245
397444
615940
183476
436032
306015
858308
655800
7979
494183
996777
743424
66312
218170
537124
841986
697400
155885
549830
329915
300774
591208
855433
736863
430423
266181
300701
948120
768334
706111
145856
217675
205009
725766
252770
696334
434881
752684
20336
915881
991776
711717
600151
351910
970720
790518
807454
695862
134310
574259
209068
353833
34449
921050
833791
512755
593458
628104
215065
415363
970085
780816
736739
341039
705519
810635
266994
107941
313373
708962
667979
476882
593552
698754
647284
531396
878823
134306
160401
476992
116333
964559
564633
754841
500156
300189
402870
944115
904713
778947
558380
364447
567251
603574
366429
426686
344072
96690
987605
806030
623073
191078
825116
458038
447458
702638
191854
932214
324841
62726
346127
393233
564913
614648
154615
779310
387018
920932
100577
497
496530
627764
947425
6936
338934
787256
49712
149666
608761
894621
634730
155124
479570
764329
396859
289304
892665
557254
938438
608434
673162
206760
501225
298697
67547
107507
301038
5289
285092
239468
58242
516002
843363
713597
867048
793560
912371
69766
741810
272413
710514
770224
477826
480869
857398
182187
510135
392214
29641
270034
584910
50653
390457
763627
521298
291693
440706
945132
496798
888125
108572
716278
14533
326634
340187
279923
254539
475271
250057
354602
937096
901159
818985
123495
13370
724468
8719
610897
776900
806301
984861
542487
465206
629541
433130
962741
275824
91961
666634
104865
471649
393608
167518
472733
481375
199872
376371
82667
889806
22176
771587
764593
701248
485057
327160
843404
139615
360837
864679
703446
342747
488521
592957
612070
590826
370197
928054
81169
171723
947374
771646
836090
462591
311892
174752
958703
835639
300489
820139
442990
40182
755136
709440
309004
153520
324508
610360
410082
643803
468389
665245
123616
120096
17491
598316
919158
99863
353188
745554
101688
63744
759172
757811
295060
883493
181664
298541
962611
778292
920543
417521
105745
797714
899286
686253
890868
289140
634375
193733
529738
914743
217438
838980
121384
659902
606369
349371
821958
510459
688644
557864
180800
86070
290018
972234
546418
91819
624993
721684
72252
492802
614052
759879
736320
260930
181358
395110
246218
525501
258896
120734
939811
851838
407016
991538
530571
417587
724315
376816
371460
594081
105555
688669
654322
868577
667273
372891
260548
764828
35228
240080
665353
680448
703426
466745
26064
661681
693183
379808
938929
294339
178785
485990
521324
895103
696777
674852
230079
611657
751549
719865
868089
729112
814551
294744
258899
232737
804217
509132
413343
147836
266463
474741
167971
693045
908982
7410
426897
111147
865732
962154
159545
927942
766994
417916
110013
590033
17564
155292
995050
331012
73537
792932
461540
855967
878386
405292
819380
311052
471176
681682
610849
717903
629706
983808
109825
697329
284904
240165
300983
59984
378128
257605
273917
226652
251498
92834
354785
444388
379226
288139
487224
925091
173535
403910
788337
876617
860668
306732
248165
831491
123300
454515
722312
32358
924246
486953
35148
226768
14435
307442
183425
684358
684793
529505
964781
888613
750381
935955
573033
690958
700550
863536
230698
195074
688552
79274
321445
332969
222422
325716
236556
665093
667788
840360
767226
296882
581802
424773
63855
104955
38009
412741
217167
214408
286468
382455
404820
266347
76028
808730
725159
4062
711498
338708
346677
969236
563003
678993
100916
772168
415219
859874
857565
361844
660623
65944
103943
410690
847578
652707
680696
370791
453056
448312
692091
825504
172820
36237
550487
334721
617927
488413
927745
299187
66891
445829
374783
401764
936815
923909
217221
493123
813201
476322
1605
254488
25884
46322
327623
299478
768504
27208
104143
826775
382854
204287
131468
911194
223593
885836
502994
664696
319139
862544
211912
877915
393497
776347
701055
507928
119418
950047
479594
817741
274719
126985
378621
419908
821555
539691
929730
529415
242978
379535
629971
531640
676677
92992
842486
655233
899043
497742
467992
787653
982576
693388
970829
112769
506468
350709
542032
736247
667750
336886
373816
566901
662044
961270
514285
79920
35436
190289
852729
480609
940446
738434
26229
330111
789262
117461
385813
315776
585632
644433
499995
792548
551311
977013
495186
761346
853376
492259
683507
292617
412637
927517
688569
534210
965048
688794
80308
472440
388090
242107
870454
546938
739055
839905
934929
383321
39809
668727
862776
42356
791799
936538
815039
969932
597263
386294
51917
498384
539130
160582
407751
196196
527042
602069
740296
627005
595961
341607
292563
374028
599507
506229
83138
939793
5365
149656
401528
551528
757187
58186
822635
458349
549839
397212
868007
164199
125914
163995
964106
450096
921761
126595
599237
294778
58722
71218
454203
297294
179273
533692
628425
743871
189965
830407
481798
337842
205627
938797
181845
240625
247923
80576
29196
925010
716115
539811
306726
351379
698108
898111
653478
775746
66112
832444
312035
292343
566861
873486
918402
649773
401320
738016
504792
312422
750159
245015
803296
408181
923341
575213
497189
665987
193838
497965
764421
698864
125575
708332
418342
666075
628213
251088
691856
446328
733028
765748
193532
886962
981650
501171
178418
986791
96073
174712
664051
224379
910000
460751
559384
508741
595483
424477
538485
430397
42748
487251
681312
320166
358199
130943
935674
956109
186790
794987
302116
814903
504855
364959
477355
403884
400305
935844
314403
972914
147184
942621
820922
642600
448770
242716
572957
604973
546553
589087
575489
908236
704841
311668
629381
200680
273903
265807
553710
243145
244513
648385
588837
812433
431935
368113
39418
176413
733986
343091
274666
546558
920195
664486
280557
549799
996623
256730
462951
918019
26407
437813
76269
458970
82088
967386
56214
868368
267789
806269
324589
182691
111285
838088
438131
455309
365351
209393
636324
990882
195864
172054
913986
921938
515991
528
623733
437918
39520
29896
559089
912453
368100
125889
924172
673099
885644
631221
637649
779069
767852
746878
644593
32448
16968
388401
703127
322523
177090
972886
682571
774893
10506
707960
310907
442160
516928
890969
333170
16819
693987
228438
522710
695013
959668
508388
357812
533807
721860
416345
835842
166458
253618
166221
754132
294481
393314
468310
128727
824126
3647
446832
743758
897796
186244
120516
51193
271773
497209
70523
346698
510026
691807
90032
107364
795684
132653
39763
404108
475393
520408
420614
824194
202233
585625
586854
902598
386098
217768
197967
596220
826563
655239
660696
725805
12152
988651
501865
468034
271306
369319
915113
852207
725581
176791
611615
37028
89054
443589
930646
247206
144201
396525
450747
986084
681042
348488
494769
707966
882470
250402
835342
303423
135367
243155
617636
572161
52203
226108
720578
718364
736021
680274
344491
421270
786594
25577
652703
22651
504051
532807
455273
839199
109140
598874
531104
435650
156100
882119
656031
196995
594714
359424
290531
565310
246999
291669
476062
997713
512488
452321
797926
51722
303958
176083
403423
532481
343295
550056
394117
984145
567097
599967
557471
666627
361342
213722
602435
106864
616045
602010
526898
864880
452362
587373
77936
442783
541268
578207
712700
468772
215327
141881
777835
741185
586430
533038
237521
399323
162951
559639
245401
241227
759086
427958
250512
622445
683224
226193
545817
748995
546846
521011
852600
861707
874727
847237
536909
494517
65290
195465
161184
736642
948668
418678
134687
